id	artist	album	year	lane	secondary	priority	start_here	lineage
A0001	Spencer Radcliffe	Keeper	2014	C1		Deep cut		An early entry in Radcliffe's long solo catalogue that eventually feeds into the twangier Ohio Vision.
A0002	Ratboys	AOID	2015	C1		Deep cut		Grew out of Steiner and Sagan's college-band beginnings at Notre Dame; set the twangy-indie template the band expanded on GN and Printer's Devil.
A0003	Spencer Radcliffe	Looking In	2015	C1		Deep cut		Sounds part of the same Run for Cover/Topshelf-adjacent 2010s indie underground as Ratboys.
A0004	Ratboys	GN	2017	C1		Recommended		Bridges the band's early alt-country leanings with the bigger, distorted guitar sound they'd bring on Printer's Devil.
A0005	MJ Lenderman	Lucky	2019	C1		Deep cut		Sounds like an early sketch of the bedroom-recorded songwriting Lenderman developed on his Dear Life releases.
A0006	MJ Lenderman	MJ Lenderman	2019	C1		Deep cut		Grew out of Asheville's DIY bedroom-recording scene before Lenderman joined Wednesday full-time; a direct line to the funnier, sadder songwriting of Boat Songs and Manning Fireworks.
A0007	Ratboys	Printer's Devil	2020	C1		Essential		Marks the move from their earlier folk-adjacent sound toward the anthemic guitar rock of The Window and Singin' to an Empty Chair.
A0008	Florry	Big Fall	2021	C1		Recommended		Sounds indebted to Parsons' Cosmic American Music and Neil Young; precedes the caustic barroom twang of The Holey Bible.
A0009	MJ Lenderman	Ghost of Your Guitar Solo	2021	C1		Deep cut		A Dear Life Records release recorded as Lenderman's own songwriting was starting to draw notice alongside his role in Wednesday.
A0010	MJ Lenderman	Knockin'	2021	C1		Deep cut		Fits between Ghost of Your Guitar Solo and Boat Songs as Lenderman's songwriting sharpened toward the deadpan style that broke through in 2022.
A0011	Ratboys	Happy Birthday, Ratboy	2021	C1		Deep cut		A victory-lap record marking Ratboys' first decade before their Chris Walla-produced pivot.
A0012	Trace Mountains	House of Confusion	2021	C1	C7	Recommended		A former LVL UP member's move toward twangier songwriting, released on Philadelphia's Lame-O Records alongside Slaughter Beach, Dog; its country tint sounds akin to the wider indie-twang turn.
A0013	Good Looks	Bummer Year	2022	C1		Essential		Bandleader Tyler Jordan met Jake Ames at Kerrville Folk Festival song swaps (where they also crossed paths with Buck Meek and Adrianne Lenker); Keeled Scales labelmates of Katy Kirby.
A0014	Greg Freeman	I Looked Out	2022	C1		Essential		Part of the Burlington, Vermont scene around Freeman and Lily Seabird; it set up his later label releases.
A0015	MJ Lenderman	Boat Songs	2022	C1		Essential		Builds directly on Neil Young & Crazy Horse's guitar tone and the deadpan-funny-sad lineage of Drag City songwriters; opened the door to Manning Fireworks and his growing profile in Wednesday.
A0016	Thomas Dollbaum	Wellswood	2022	C1		Recommended		Sounds rooted in the alt-country storytelling lineage of Townes Van Zandt and Jason Molina.
A0017	Dari Bay	Longest Day Of The Year	2023	C1		Essential		Part of the same Burlington scene as Greg Freeman; its songwriting sounds indebted to Judee Sill, Alex Chilton and Elliott Smith.
A0018	Florry	Sweet Guitar Solos	2023	C1		Deep cut		Part of the same Dear Life Records-era run of scrappy, caustic Philly country as The Holey Bible.
A0019	Florry	The Holey Bible	2023	C1		Essential	Y	A Dear Life Records release that sounds of a piece with the indie-twang of Greg Freeman and Lily Seabird.
A0020	MJ Lenderman	And the Wind (Live and Loose!)	2023	C1		Recommended		Captures the touring band that would carry over into the Manning Fireworks era, showing how the songs mutate on stage.
A0021	Ratboys	The Window	2023	C1		Essential		Sounds of a piece with Wednesday and MJ Lenderman in the current wave of twangy Midwest/Southern indie rock.
A0022	Squirrel Flower	Tomorrow's Fire	2023	C1		Recommended		Farrar's production ties Squirrel Flower directly into the Asheville Drop of Sun network that also produced Wednesday and MJ Lenderman.
A0023	Brown Horse	Reservoir	2024	C1		Recommended		A UK band that sounds steeped in the American alt-country/Crazy Horse tradition, close in spirit to Wednesday and Greg Freeman.
A0024	The Clearwater Swimmers	The Clearwater Swimmers	2024	C1	C8	Recommended		Sounds indebted to the Neil Young/Crazy Horse and Molina/Magnolia Electric Co. lineage that defines indie twang.
A0025	David Nance & Mowed Sound	David Nance & Mowed Sound	2024	C1		Recommended		Sounds like a Midwest continuation of the Crazy Horse guitar-jam trunk line that also runs through Wednesday and MJ Lenderman.
A0026	Dialup Ghost	May You Live Forever in Cowboy Heaven	2024	C1		Deep cut		Sounds indebted to Neil Young and Silver Jews, sitting within the same trunk lines as the rest of the Core.
A0027	Good Looks	Lived Here For A While	2024	C1		Essential		Continues the band's blue-collar Austin storytelling from Bummer Year into a bigger, more electric sound.
A0028	Merce Lemon	Watch Me Drive Them Dogs Wild	2024	C1		Recommended		Sounds close to the Asheville indie-twang of Florry and Wednesday.
A0029	MJ Lenderman	Manning Fireworks	2024	C1		Essential	Y	Sounds indebted to Neil Young's guitar sound and the funny-sad Drag City songwriting tradition; released the same year he played a key role on Waxahatchee's Tigers Blood.
A0030	Real Companion	Nü-metal Heroes	2024	C1	C2	Deep cut		Sounds close to the Asheville guitar tone of MJ Lenderman's circle, applied to Prine-style conversational storytelling.
A0031	Why Bonnie	Wish on the Bone	2024	C1		Recommended		Follows 90 in November, whose country sound sits near Waxahatchee and Wednesday, before opening out toward Broken Social Scene/HAIM-style pop-rock.
A0032	Abel	How to Get Away with Nothing	2025	C1		Recommended		Sounds part of the small-label DIY twang network alongside Ohio- and Midwest-based indie-country peers like Spencer Radcliffe.
A0033	Brown Horse	All The Right Weaknesses	2025	C1		Essential		Sounds indebted to Lucinda Williams, Jason Molina and Silver Jews; part of the UK's small but active indie-twang scene.
A0034	Chico States	I Saw A Galloping Horse Cover No Ground	2025	C1		Deep cut		Sounds indebted to Lomax-style folk documentation and cosmic Americana, close to the Northeast's alt-country underground.
A0035	Florry	Sounds Like...	2025	C1		Essential		Continues the Dear Life Records run of The Holey Bible; sounds close to the Asheville indie-twang of MJ Lenderman and Wednesday.
A0036	Greg Freeman	Burnover	2025	C1		Essential		Builds on the cult success of I Looked Out and Freeman's place in the Burlington scene alongside Lily Seabird.
A0037	Oldstar	Of the Highway	2025	C1		Recommended		Sounds indebted to outlaw country and Wilco's Being There; close in spirit to young Southern indie-twang songwriters like Thomas Dollbaum and i26connector.
A0038	Snocaps	Snocaps	2025	C1	C5	Recommended		Connects Lenderman's Asheville circle directly to Waxahatchee's through shared members.
A0039	Spencer Radcliffe	Ohio Vision	2025	C1		Recommended		Sounds of a piece with the current wave of Midwest indie-twang alongside Ratboys and i26connector.
A0040	Thomas Dollbaum	Drive All Night	2025	C1		Deep cut		Brings Dollbaum's alt-country storytelling into the Dear Life Records fold alongside Florry.
A0041	Brown Horse	Total Dive	2026	C1		Recommended		Continues the band's alt-country arc from Reservoir and All the Right Weaknesses.
A0042	Convinced Friend	Nowhere Songs	2026	C1		Recommended		Sounds close to the Northeast slowcore/twang orbit of Horse Jumper of Love and Friendship.
A0043	Greg Freeman	All Set the Bone	2026	C1		Recommended		A more ambitious, geographically displaced follow-up to Burnover, reflecting Freeman's move from Vermont odd jobs to full-time touring musician.
A0044	i26connector	i26connector	2026	C1	C9	Recommended		Sounds close to the Asheville scene around MJ Lenderman and Wednesday, blending twangy Southern rock with an emo-adjacent intensity.
A0045	Kevin Copeland	Only Love Songs	2026	C1		Deep cut		Sounds part of the Vermont/Northeast indie-folk-to-twang orbit of Greg Freeman and Lily Seabird.
A0046	Ovven	Gnawing at the Cord	2026	C1		Recommended		Sounds close to the Asheville-adjacent indie-twang of Wednesday and MJ Lenderman.
A0047	Ratboys	Singin' to an Empty Chair	2026	C1		Recommended		Continues the arc from AOID's quiet twang through The Window's alt-rock/country/emo blend.
A0048	Thomas Dollbaum	Birds of Paradise	2026	C1		Essential		Sounds indebted to Townes Van Zandt and Jason Molina while stepping out of their shadow.
A0049	Twisted Teens	Florida Water Blues	2026	C1		Deep cut		Part of the current New Orleans indie-twang scene alongside Thomas Dollbaum, touring with Kurt Vile.
A0050	Wild Pink	Still Coming Down	2026	C1		Recommended		Sounds like Wild Pink's turn toward the Core indie-twang sound; ruled into C1 as a specific stylistic pivot rather than the band's whole catalogue.
A0051	Advance Base	Nephew in the Wild	2015	C2		Recommended		Carries the deadpan storytelling of the Drag City school (Silver Jews) into Ashworth's own Orindal Records orbit, following directly from his Casiotone for the Painfully Alone records.
A0052	Daughn Gibson	Carnation	2015	C2		Recommended		Follows All Hell (2012) and Me Moan (2013), both pre-2014 and outside this lane's window; Carnation extends his baritone-narrator style into a more electronic production.
A0053	State Champion	Fantasy Error	2015	C2		Recommended		Early-period State Champion, before Davis's Roadhouse Band turn; sounds indebted to the Drag City/Palace lineage that runs to Silver Jews and Purple Mountains.
A0054	Jonny Fritz	Sweet Creep	2016	C2		Deep cut		Follows Dad Country (2013); as Jonny Corndawg-turned-Fritz's later work, it sits at the more experimental, funny-sad end of the outlaw-adjacent Nashville scene.
A0055	Dougie Poole	Wideass Highway	2017	C2		Deep cut		The starting point for Poole's country-by-way-of-DIY-indie sound that would develop through The Freelancer's Blues and The Rainbow Wheel of Death.
A0056	State Champion	Send Flowers	2018	C2		Recommended		Direct predecessor to Ryan Davis & the Roadhouse Band through Davis himself; sounds rooted in the Drag City deadpan lineage.
A0057	Diva Sweetly	In The Living Room	2019	C2	C4	Deep cut		Sounds rooted in scrappier punk and emo rather than the storytelling style of the countrygaze bands.
A0058	Dougie Poole	The Freelancer's Blues	2019	C2		Recommended		Follows his debut Wideass Highway; sounds like Haggard/Nelson/Kristofferson-style storytelling country moved into an ironic, digital-age idiom.
A0059	Purple Mountains	Purple Mountains	2019	C2	V2	Essential		David Berman's return after Silver Jews, rooted entirely in the Drag City deadpan lineage that runs from Starlite Walker through this final album.
A0060	Josh Halper	Alrightnik	2020	C2		Deep cut		Debut predecessor to Schlemiel; sounds indebted to Elliott Smith and fingerstyle players like Leo Kottke and William Tyler.
A0061	Tre Burt	Caught It From the Rye	2020	C2	C5	Recommended		Directly anointed by John Prine, who signed Burt to his own Oh Boy Records, tying Burt's storytelling explicitly to the Prine/Tom T. Hall deadpan tradition that feeds the modern barroom-storyteller scene.
A0062	Dan Wriggins	Mr. Chill	2021	C2		Deep cut		Extends the Philadelphia Friendship/Orindal circle's plainspoken, half-spoken songwriting, itself indebted to the Drag City deadpan school of Silver Jews and Smog that runs through the whole 2020s barroom-storyteller scene.
A0063	Tre Burt	You, Yeah, You	2021	C2		Recommended		Released on John Prine's Oh Boy Records, keeping Burt's storytelling tied to his mentor Prine and the plainspoken folk tradition he represents.
A0064	Brad Goodall	Live At Levon Helm Studios	2022	C2		Deep cut		Live companion to Made In America, recorded shortly after that LP's release.
A0065	Brad Goodall	Made In America	2022	C2		Recommended		Follows Goodall's time in Ona; sounds indebted to the Randy Newman/Warren Zevon line of wry piano storytelling.
A0066	Frank Meadows	Dead Weight	2022	C2	C6	Deep cut		Meadows co-runs Dear Life Records and plays in Fust, linking this solo record directly to that North Carolina/Brooklyn alt-country network.
A0067	Izaak Opatz	Extra Medium	2022	C2		Deep cut		Missoula, Montana songwriter whose work sits at the folk/country-adjacent end of the deadpan-storyteller lineage.
A0068	Colin Miller	Haw Creek	2023	C2		Recommended		Predates Losin'; sounds close to the Asheville scene around MJ Lenderman and Wednesday.
A0069	Dougie Poole	The Rainbow Wheel of Death	2023	C2		Essential		Poole's country songwriting sounds descended from Haggard/Nelson/Kristofferson filtered through Brooklyn's DIY scene; the drum-machine-plus-pedal-steel sound recalls Silver Jews.
A0070	Pony Bradshaw	North Georgia Rounder	2023	C2		Recommended		Follows his 2021 LP Calico Jim, cut at the same Little Rock studio; part of a loose north-Georgia Appalachian storytelling trilogy completed by Thus Spoke the Fool.
A0071	Ryan Davis & the Roadhouse Band	Dancing on the Edge	2023	C2		Essential		Follows Davis's work fronting State Champion; sounds indebted to Souled American, David Berman and Neil Young.
A0072	Fust	Songs of the Rail	2024	C2	C1	Deep cut		Predates and directly seeds the full-band Fust sound heard on Genevieve and Big Ugly; a look at the songwriter's home-recording origins before the Dear Life Records band era.
A0073	Jesse Welles	Hells Welles	2024	C2		Recommended		Sounds like a revival of the Guthrie/Prine topical-folk lineage for the social-media era, reaching listeners through viral video rather than the club circuit.
A0074	Pony Bradshaw	Thus Spoke the Fool	2024	C2		Recommended		Follows Calico Jim and North Georgia Rounder in his run of north-Georgia story records.
A0075	Styrofoam Winos	Real Time	2024	C2		Recommended		Sounds close to the Nashville dive-bar scene of Lambchop and Silver Jews, and to Ryan Davis & the Roadhouse Band.
A0076	Colin Miller	Losin'	2025	C2		Recommended		Follows Miller's debut Haw Creek; sounds of a piece with the Asheville scene around MJ Lenderman and Wednesday.
A0077	Eliza Niemi	Progress Bakery	2025	C2		Deep cut		A borderline Core inclusion: less bar-band than her C2 peers, but shares the funny-sad lyrical mode with Prine/Berman-style songwriters.
A0078	Jonny Fritz	Debbie Downers	2025	C2		Deep cut		Follows Sweet Creep (2016) after a near-decade recording gap; continues his idiosyncratic, joke-laced country songwriting.
A0079	Josh Halper	Schlemiel	2025	C2		Deep cut		Follows Halper's 2020 debut Alrightnik; a Nashville songwriter working the same wry, wordy vein as his singer-songwriter peers.
A0080	Mess Esque	Jay Marie, Comfort Me	2025	C2	C8	Deep cut		Released on Drag City alongside Bill Callahan and Bonnie 'Prince' Billy, placing Mess Esque within that label's wry, left-of-center songwriting world.
A0081	Mildred	mild	2025	C2		Deep cut		Precedes Fenceline as the band's first release.
A0082	Paper Castles	I'm Sad as Hell and I'm Not Going to Fake It Anymore	2025	C2		Recommended		Sounds close to the Northeast indie-twang of Greg Freeman and Lily Seabird; extends jokey, confessional indie-folk songwriting into anthemic rock territory.
A0083	Ryan Davis & the Roadhouse Band	New Threats from the Soul	2025	C2		Essential	Y	Davis fronted the earlier Louisville band State Champion before going solo with the Roadhouse Band; the record extends the Silver Jews/David Berman line of deadpan storytelling into the 2020s.
A0084	The Bird Calls	Take Leave	2026	C2		Recommended		Sounds indebted to the deadpan-songwriter lineage of Berman and Darnielle, within the small Brooklyn Ruination Record Co. circle.
A0085	Brad Goodall	Hometown	2026	C2		Deep cut		Follows Made In America and a Levon Helm Studios live set; continues his piano-based storytelling, which sounds indebted to Zevon and Newman.
A0086	Daughn Gibson	Lake Mary not mysterious	2026	C2		Deep cut		Fourth Daughn Gibson LP, following Carnation (2015); continues his deadpan-narrator persona in a stripped-down mode.
A0087	Mildred	Fenceline	2026	C2		Recommended		Sounds of a piece with the funny-sad, plainspoken songwriting in the barroom-storyteller lane.
A0088	Styrofoam Winos	Any River	2026	C2		Recommended		Sounds close to Ryan Davis & the Roadhouse Band and MJ Lenderman and the Wind.
A0089	Symbol Soup	Stepping on the Same Rakes	2026	C2		Deep cut		A non-US example of the Prine/Berman deadpan-storyteller mode, showing the style's reach beyond its American scenes.
A0090	Buck Meek	Buck Meek	2018	C3		Recommended		Establishes Meek's separate honky-tonk-adjacent solo identity outside Big Thief, rooted in his Texas upbringing.
A0091	Ruston Kelly	Dying Star	2018	C3		Recommended		Draws on Nashville's neo-traditional and outlaw country vocabulary but bends it toward emo's confessional mode, a hybrid Kelly himself named 'dirt emo' and one that seems to echo across later indie-adjacent country songwriting.
A0092	Kacy & Clayton	Plastic Bouquet	2020	C3	C6	Deep cut		A one-off widening of Kacy & Clayton's traditional-leaning catalog through collaboration with Marlon Williams, closer to breezy country rock than their usual austere folk.
A0093	S.G. Goodman	Old Time Feeling	2020	C3		Recommended		Sounds close to Tyler Childers and Ian Noe in the Kentucky storyteller wing of the new country scene.
A0094	Waxahatchee	Saint Cloud	2020	C3		Essential	Y	Grows out of Crutchfield's earlier lo-fi indie-rock work into full country songwriting, leading directly to the Plains project with Jess Williamson and sitting at the front of a wider wave of indie musicians leaning into twang.
A0095	Buck Meek	Two Saviors	2021	C3		Recommended		Deepens Meek's alt-country songwriting voice ahead of his move to 4AD for Haunted Mountain.
A0096	Fust	Evil Joy	2021	C3		Recommended		Fust's founding document, before the fuller alt-country sound the band pursued once signed to Dear Life Records.
A0097	Florence Dore	Highways & Rocketships	2022	C3		Deep cut		Sounds steeped in the 1980s-'90s college-rock and No Depression alt-country lineage that C3 grew from.
A0098	Plains	I Walked with You a Ways	2022	C3		Recommended		A direct collaborative offshoot of Waxahatchee's country pivot, pairing Crutchfield with Jess Williamson's own move from folk toward country songwriting.
A0099	S.G. Goodman	Teeth Marks	2022	C3		Recommended		Extends Old Time Feeling's western-Kentucky storytelling into darker territory; sounds close to Ian Noe and the post-Childers Kentucky scene.
A0100	Bella White	Among Other Things	2023	C3		Essential		Sounds like the Appalachian bluegrass tradition seen through a young Canadian songwriter's lens.
A0101	Blue County Pistol	Under Cold Country	2023	C3		Deep cut		Part of the wider Bandcamp-driven alt-country underground, sharing the banjo-and-drawl approach of countless small self-released country EPs of the early 2020s.
A0102	Buck Meek	Haunted Mountain	2023	C3		Essential		Meek's first release for 4AD, the label Big Thief also records for, bringing his alt-country solo work to a wider audience.
A0103	Fust	Genevieve	2023	C3		Recommended		Expands Evil Joy's lo-fi songwriting into a fuller band sound after signing to Dear Life Records, setting up Big Ugly.
A0104	Jobi Riccio	Whiplash	2023	C3	C5	Recommended		Sounds of a piece with 2020s indie-Americana peers who bring 2010s indie-folk intimacy into recognizably country arrangements.
A0105	Tobacco City	Tobacco City, USA	2023	C3		Recommended		Draws on classic honky-tonk duet singing and cosmic country in the Gram Parsons/Emmylou Harris mold, feeding directly into the band's more widely reviewed follow-up Horses.
A0106	Tommy Prine	This Far South	2023	C3	C5	Recommended		The most literal lineage in the atlas: son of John Prine, carrying the plainspoken country-folk storytelling tradition (V25) directly into the 2020s indie-country scene.
A0107	Jesse Daniel	Countin' the Miles	2024	C3		Recommended		A cowpunk-to-honky-tonk arc in miniature: Daniel's background in California punk bands leads into a self-consciously traditionalist sound that recalls Bakersfield, released through the independent, Nashville-based Lightning Rod Records.
A0108	JP Harris	JP Harris Is a Trash Fire	2024	C3		Recommended		Follows Harris's years fronting JP Harris and the Tough Choices, landing him on Bloodshot's insurgent-country roster.
A0109	Lizzie No	Halfsies	2024	C3	C5	Recommended		Sounds akin to the wider Black country and cosmic-country revival within the neighboring C3 scene.
A0110	Waxahatchee	Tigers Blood	2024	C3		Essential		A continuation of the country-facing sound Crutchfield established on Saint Cloud, cementing the connection between the Waxahatchee/Plains circle and the Asheville MJ Lenderman scene.
A0111	Case Oats	Last Missouri Exit	2025	C3		Recommended		Sounds of a piece with Chicago's indie-country circle and the wider Waxahatchee/MJ Lenderman scene.
A0112	Fust	Big Ugly	2025	C3		Essential		Continues Fust's Dear Life Records run, cementing the North Carolina country-textured songwriting line that runs alongside Wednesday and MJ Lenderman's Asheville-adjacent scene.
A0113	Grace Rogers	Mad Dogs	2025	C3		Recommended		A Sophomore Lounge release from the same Louisville scene as Ryan Davis & the Roadhouse Band; sounds rooted in old-time and string-band music.
A0114	Joshua Hedley	All Hat	2025	C3		Deep cut		Extends Hedley's classic-country throwback catalog for a third record on New West Records.
A0115	Ken Pomeroy	Cruel Joke	2025	C3		Essential		Sits alongside the Oklahoma/Texas red-dirt songwriter tradition, sharing an audience with the Sturgill Simpson/outlaw-adjacent wing of the new country scene.
A0116	S.G. Goodman	Planting by the Signs	2025	C3		Recommended		Continues Goodman's western-Kentucky storytelling; its imagery draws on the region's folk traditions.
A0117	Tobacco City	Horses	2025	C3		Essential		A direct sequel to Tobacco City, USA; sounds indebted to Gram Parsons-style cosmic country.
A0118	Brennan Wedl	Brennan Wedl	2026	C3		Recommended		An Anti- release that sounds close to the Waxahatchee/Snocaps country-rock circle.
A0119	Buck Meek	The Mirror	2026	C3		Recommended		Continues Meek's alt-country solo catalog after his earlier records.
A0120	Emily Nenni	Movin' Shoes	2026	C3		Recommended		Extends Nenni's honky-tonk catalog toward Southern soul, a crossover that sounds close to Margo Price's and Jaime Wyatt's later albums.
A0121	Kiely Connell	Calumet Queen	2026	C3		Deep cut		Sounds like a Midwestern-to-Nashville songwriter story typical of the current alt-country scene.
A0122	National Photo Committee	Red Hot Photo Committee	2026	C3		Recommended		Part of the same Chicago DIY-country circle as Tobacco City and Red PK, connecting the city's cowpunk-adjacent bar-rock scene to the wider Bandcamp alt-country revival.
A0123	Red PK	Horse Like Me	2026	C3		Deep cut		Sounds close to the Chicago cosmic-country scene around Tobacco City.
A0124	Tommy Goodroad	Goddammit	2026	C3		Recommended		Part of the same Chicago DIY-country network as Case Oats and Tobacco City, blending Midwestern roots music with classic honky-tonk and outlaw touches.
A0125	Wednesday	How Do You Let Love Into the Heart That Isn't Split Wide Open	2018	C4		Deep cut		Part of the pre-Lenderman early catalog that shows the band's sound before its shoegaze/noise elements arrived.
A0126	Wednesday	yep definitely	2018	C4		Deep cut		The starting point of Hartzman's project, years before the shoegaze/country fusion of Twin Plagues and Rat Saw God.
A0127	Wednesday	Wednesday	2019	C4		Deep cut		Bridges yep definitely and the fuller-band sound of I Was Trying to Describe You to Someone.
A0128	Wednesday	I Was Trying to Describe You to Someone	2020	C4		Recommended		First album to show the full band's mix of noise rock and alt-country, setting up Twin Plagues.
A0129	Big Vic	Girl, Buried	2021	C4	C1	Deep cut		Sounds akin to Wednesday-adjacent noise/twang bands, though it arrived alongside rather than after them.
A0130	Dutch Interior	Kindergarten	2021	C4		Deep cut		Grew out of the LA DIY scene alongside bands trading Crazy Horse fuzz for twang; feeds directly into Blinded by Fame and Moneyball.
A0131	Hotline TNT	Nineteen in Love	2021	C4	C7	Recommended		Kicks off Hotline TNT's run from DIY noise-pop toward the more country-tinged, festival-ready sound of Cartwheel and Raspberry Moon.
A0132	Wednesday	Guttering	2021	C4	C1	Deep cut		Sounds like a transitional sketch between the band's first two albums.
A0133	Wednesday	Twin Plagues	2021	C4		Essential		Sounds indebted to Velvet Underground-descended noise textures grafted onto Southern storytelling in the Skynyrd-to-Drive-By-Truckers line.
A0134	Wednesday	Wednesday on Audiotree Live	2021	C4		Deep cut		A snapshot of the band mid-transition from lo-fi project to full-throated noise-country outfit.
A0135	Grave Saddles	2022 Tour Tape	2022	C4		Deep cut		Sounds close to the countrygaze Bandcamp scene around Wednesday; precedes There You Ain't.
A0136	Wednesday	Mowing the Leaves Instead of Piling 'em Up	2022	C4		Recommended		Shows the covers/tribute strand of the countrygaze scene and the band's own influences in plain sight.
A0137	Dutch Interior	Blinded by Fame	2023	C4		Recommended		Bridges Dutch Interior's tape-hiss beginnings and their Fat Possum signing; sounds like the Wednesday-style countrygaze template with a heavier '90s alt-rock skew.
A0138	Grave Saddles	There You Ain't	2023	C4		Deep cut		Extends the sound introduced on 2022 Tour Tape; sounds close to Wednesday's countrygaze.
A0139	Noah Kesey	Guitar Music	2023	C4	C1	Deep cut		An off-kilter entry in the countrygaze lineage, closer to noise-pop than to Wednesday's overt country phrasing, but sharing its shoegaze-scale guitar walls.
A0140	Shallowater	There Is A Well	2023	C4		Recommended		Debut full-length that establishes the dirtgaze sound Shallowater expand on with God's Gonna Give You A Million Dollars; part of the small post-Wednesday wave of Texas and Southern bands mixing noise-rock scale with country phrasing.
A0141	Wednesday	Rat Saw God	2023	C4		Essential	Y	Sounds like the Skynyrd-to-Drive-By-Truckers storytelling line fused with Sonic Youth/Dinosaur Jr.-style guitar noise; a defining Core record for this atlas.
A0142	Dutch Interior	Moneyball	2025	C4		Essential	Y	Third album for a band who came up recording to tape; sounds of a piece with Wednesday and Shallowater in the 2020s countrygaze scene.
A0143	Shallowater	God's Gonna Give You A Million Dollars	2025	C4		Essential		Second Shallowater LP, expanding the noise/twang balance of There Is A Well into longer, more patient song structures; sounds of a piece with Dutch Interior and Wednesday.
A0144	Wednesday	Bleeds	2025	C4		Essential		Continues the countrygaze sound of the band's own Twin Plagues and Rat Saw God, now bigger and more anthemic.
A0145	Squirrel Flower	Say a Prayer to the Gods of Getting Going	2026	C4		Deep cut		Continues Squirrel Flower's move toward the countrygaze-adjacent, guitar-wall sound of Wednesday's circle.
A0146	Adrianne Lenker	Stages of the Sun	2006	C5		Deep cut		An early, little-heard document of Lenker's development as a songwriter well before Hours Were the Birds or Big Thief.
A0147	Adrianne Lenker	Hours Were the Birds	2014	C5		Recommended		A parallel solo thread running alongside early Big Thief.
A0148	Adrianne Lenker & Buck Meek	a-sides	2014	C5	C3	Deep cut		An early document of the Lenker-Meek creative partnership that predates Big Thief and continues through Meek's own solo work.
A0149	Adrianne Lenker & Buck Meek	b-sides	2014	C5	C3	Deep cut		Completes the a-sides/b-sides pair documenting Lenker and Meek's pre-Big Thief songwriting collaboration.
A0150	Jess Williamson	Native State	2014	C5	C6	Deep cut		Predates the cosmic-country turn of Cosmic Wink and Sorceress, an early document of Williamson's move from Austin's DIY folk scene toward the wider Mexican Summer roster.
A0151	Joan Shelley	Electric Ursa	2014	C5		Deep cut		Her first record for No Quarter, the label she'd stay with through Real Warmth, part of the Louisville folk scene alongside Nathan Salsburg.
A0152	Saintseneca	Dark Arc	2014	C5		Recommended		Zac Little's Columbus, OH string-band project, drawing on Appalachian instrumentation (balalaika, dulcimer, mandolin) filtered through indie folk-rock.
A0153	Erin Rae	Soon Enough	2015	C5		Deep cut		An early document of Rae's Nashville scene before Putting On Airs brought her wider attention.
A0154	Jessica Pratt	On Your Own Love Again	2015	C5		Recommended		Her only album for Drag City, between her 2012 debut and Mexican Summer's Quiet Signs.
A0155	Joan Shelley	Over and Even	2015	C5		Deep cut		Bridges Electric Ursa and her self-titled 2017 breakthrough.
A0156	Saintseneca	Such Things	2015	C5		Recommended		Zac Little's Columbus, OH string-band project, drawing on Appalachian instrumentation (balalaika, dulcimer, mandolin) filtered through indie folk-rock.
A0157	The Weather Station	Loyalty	2015	C5		Recommended		Tamara Lindeman's long-running Toronto folk project, moving from 2000s singer-songwriter records toward the more expansive, band-driven indie folk of its 2020s run.
A0158	Big Thief	Masterpiece	2016	C5		Essential		Sounds indebted to the folk-songwriting line running from Gillian Welch and Elliott Smith, and starts the 2020s Big Thief/Lenker axis.
A0159	Billie Marten	Writing of Blues and Yellows	2016	C5		Deep cut		Marten came up through YouTube covers and the UK singer-songwriter circuit before signing to RCA; this debut set the hushed template she has expanded over five albums.
A0160	Charlotte Cornfield	Future Snowbird	2016	C5		Deep cut		An early entry in Cornfield's Canadian folk-rock catalog, well before the more widely noticed Could Have Done Anything.
A0161	Julia Jacklin	Don't Let the Kids Win	2016	C5		Recommended		Grew from Australia's singer-songwriter scene; its countryish edges look ahead to the twang overlap of later records like Pre Pleasure.
A0162	Big Thief	Capacity	2017	C5		Essential		Deepens the confessional folk songwriting that would open out into the more exploratory U.F.O.F. and Two Hands.
A0163	Joan Shelley	Joan Shelley	2017	C5		Recommended		Her most widely reviewed record before Like the River Loves the Sea, connecting her to the Wilco/Chicago folk-adjacent circle.
A0164	Julia Lucille	Chthonic	2017	C5		Deep cut		Sounds akin to the 2010s Bandcamp-era hushed indie folk around Keeled Scales, closer to private chamber folk than to country.
A0165	Rachel Baiman	Shame	2017	C5		Recommended		Oak Park, Illinois-raised fiddler turned Nashville songwriter; sounds rooted in the politically engaged old-time and bluegrass-folk tradition.
A0166	Shannon Lay	Living Water	2017	C5		Recommended		Lay's second solo album, made while she played in the LA punk band Feels; sounds akin to the LA cosmic-folk revival around Ty Segall's circle.
A0167	The Weather Station	The Weather Station	2017	C5		Recommended		Tamara Lindeman's long-running Toronto folk project, moving from 2000s singer-songwriter records toward the more expansive, band-driven indie folk of its 2020s run.
A0168	Will Stratton	Rosewood Almanac	2017	C5		Recommended		Grew from Stratton's decade-plus run as a solo-guitar folk songwriter; sounds indebted to Nick Drake and John Fahey.
A0169	Adrianne Lenker	abysskiss	2018	C5		Essential		Establishes Lenker's solo catalog as a genuinely separate, quieter project from Big Thief rather than a side effort.
A0170	Erin Rae	Putting On Airs	2018	C5		Essential		Signed her to Single Lock Records and set the plainspoken, gospel-tinged style she carried into Lighten Up.
A0171	Haley Heynderickx	I Need to Start a Garden	2018	C5		Essential		Emerged from Portland, Oregon's folk circuit; later plainspoken songwriters such as Lily Seabird sound indebted to its patient observation.
A0172	Jessica Risker	I See You Among the Stars	2018	C5		Deep cut		Predates Risker's more ornate, psychedelic later work (Calendar Year) and sounds of a piece with Chicago's hushed folk scene.
A0173	Joan Shelley	Rivers & Vessels	2018	C5		Deep cut		A stopgap independent release showing Shelley's steady, unhurried songwriting pace.
A0174	Saintseneca	Pillar of Na	2018	C5		Recommended		Zac Little's Columbus, OH string-band project, drawing on Appalachian instrumentation (balalaika, dulcimer, mandolin) filtered through indie folk-rock.
A0175	Big Thief	Two Hands	2019	C5		Essential		The heavier, more grounded counterpart to U.F.O.F., closer to the band's live sound.
A0176	Big Thief	U.F.O.F.	2019	C5		Essential		Shows the band pulling folk songwriting toward atmosphere and space, a contrast to the rockier Two Hands released the same year.
A0177	Billie Marten	Feeding Seahorses by Hand	2019	C5		Deep cut		Continues the debut's hushed folk approach before Marten's move to Fiction Records for Flora Fauna.
A0178	Charlotte Cornfield	The Shape of Your Name	2019	C5		Deep cut		Bridges Cornfield's earlier folk-rock records and the sharper, Tom Petty-esque songwriting of Could Have Done Anything.
A0179	Erin Durant	Islands	2019	C5		Deep cut		Sounds indebted to '70s piano-and-guitar singer-songwriter craft more than to the folk revival, sitting at the jazzier edge of 2010s indie folk.
A0180	Jessica Pratt	Quiet Signs	2019	C5		Recommended		Her Mexican Summer debut, expanding her sound just ahead of Here in the Pitch.
A0181	Joan Shelley	Like the River Loves the Sea	2019	C5		Recommended		Follows her self-titled record on No Quarter, keeping the same patient, guitar-centered approach.
A0182	Julia Jacklin	Crushing	2019	C5		Essential		Sits alongside Australian songwriters such as Stella Donnelly and, later, Maple Glider in plainspoken, folk-rooted heartbreak writing.
A0183	Ohtis	Curve of Earth	2019	C5	C2	Recommended		Its dark, lived-in country-folk storytelling sounds akin to rural-leaning indie bands like Wednesday.
A0184	Shannon Lay	August	2019	C5		Recommended		Marks Lay's move from Feels' punk records into a dedicated solo folk career.
A0185	Stella Donnelly	Beware of the Dogs	2019	C5		Essential		Grew out of Donnelly's 2017 Thrush Metal EP and the Perth DIY scene; part of the same wry Australian singer-songwriter lineage as Julia Jacklin.
A0186	Tiny Ruins	Olympic Girls	2019	C5		Recommended		Grew from Fullbrook's solo Tiny Ruins recordings into a full band; sounds akin to Southern Hemisphere songwriters like Julia Jacklin.
A0187	Adrianne Lenker	instrumentals	2020	C5		Deep cut		A rare instrumental branch of the folk-songwriting lineage, released as a direct pair with songs.
A0188	Adrianne Lenker	songs	2020	C5		Essential		Deepens the solo-cabin-recording strand of folk songwriting, released alongside its instrumental companion piece the same day.
A0189	Allegra Krieger	The Joys of Forgetting	2020	C5		Deep cut		The start of Krieger's run of prolific, mortality-fixated songwriting that continues through I Keep My Feet on the Fragile Plane and Art of the Unseen Infinity Machine.
A0190	Bonny Light Horseman	Bonny Light Horseman	2020	C5		Essential		A modern-folk supergroup drawing directly on the Child ballad and Appalachian folk-revival tradition, feeding into the wider Big Thief-adjacent folk circle via shared label 37d03d.
A0191	Courtney Marie Andrews	Old Flowers	2020	C5	C6	Essential		Sounds indebted to 1970s Laurel Canyon songwriting (Ronstadt, Mitchell), carried into the modern indie-folk scene; her later records lean further into full-band cosmic country.
A0192	Natalie Jane Hill	Azalea	2020	C5		Recommended		Sounds rooted in the American Primitive fingerstyle tradition, opening onto her fuller-band later records.
A0193	Rae Fitzgerald	Lonely Listener	2020	C5		Deep cut		Sounds akin to the hushed, Bandcamp-era indie folk of artists like Julia Lucille.
A0194	Adeline Hotel	Good Timing	2021	C5		Deep cut		Sounds akin to a small Brooklyn songwriter circle around Ruination Record Co.; fingerpicked folk with a deadpan streak.
A0195	Billie Marten	Flora Fauna	2021	C5		Recommended		Marks Marten's move from RCA to Fiction and a fuller, more grounded folk-pop sound.
A0196	Charlotte Cornfield	Highs in the Minuses	2021	C5		Deep cut		Sits between The Shape of Your Name and the more widely reviewed Could Have Done Anything.
A0197	Hand Habits	Fun House	2021	C5		Recommended		Duffy came up as an in-demand guitarist for Kevin Morby and War on Drugs before Hand Habits' own records; Fun House marks the point where the project moved from insular bedroom folk toward fuller studio arrangements.
A0198	Karima Walker	Waking the Dreaming Body	2021	C5	C8	Deep cut		A joint release between Keeled Scales and Orindal Records, connecting Tucson's desert-folk scene to both labels' networks.
A0199	Katy Kirby	Cool Dry Place	2021	C5		Essential		Established Kirby as a defining voice of the 2020s indie-folk wave that runs from Nashville through Big Thief's circle.
A0200	Le Ren	Leftovers	2021	C5		Recommended		Montreal songwriter whose spare, direct folk songwriting fits the same lineage as Gillian Welch by way of Joni Mitchell.
A0201	Macie Stewart	Mouth Full of Glass	2021	C5		Deep cut		Grows out of Chicago's overlapping indie-folk/experimental scene, tied to Orindal labelmates Gia Margaret and Macie Stewart's other Chicago projects.
A0202	Maple Glider	To Enjoy Is the Only Thing	2021	C5		Recommended		Launched Zietsch's solo folk career on Pieater/Partisan.
A0203	Mega Bog	Life, and Another	2021	C5	C8	Deep cut		Connected to the Big Thief/indie-folk network via Krivchenia's production; sits at the arty edge of the twangy indie-folk lane.
A0204	Natalie Jane Hill	Solely	2021	C5		Recommended		Follows Azalea, expanding her palette ahead of the full-band Hopeful Woman.
A0205	Rachel Baiman	Cycles	2021	C5		Recommended		Solo record marking Baiman's move from Free Dirt to Signature Sounds.
A0206	Renée Reed	Renée Reed	2021	C5		Deep cut		Draws on South Louisiana's French-language song tradition, while its hushed production sounds akin to Bandcamp-era indie folk.
A0207	villagerrr	Come Down	2021	C5		Deep cut		The starting point of villagerrr's prolific 2021-2022 run of quiet Bandcamp uploads that eventually led to Like Leaves.
A0208	The Weather Station	Ignorance	2021	C5		Essential		Tamara Lindeman's long-running Toronto folk project, moving from 2000s singer-songwriter records toward the more expansive, band-driven indie folk of its 2020s run.
A0209	Will Stratton	The Changing Wilderness	2021	C5		Recommended		Continues Stratton's Bella Union run of chamber-folk records that sound descended from Nick Drake and American Primitive guitar playing.
A0210	Big Thief	Dragon New Warm Mountain I Believe in You	2022	C5		Essential	Y	The most expansive Big Thief statement; its storytelling sounds indebted to Gillian Welch-style folk while the band pushes outward.
A0211	Bonny Light Horseman	Rolling Golden Holy	2022	C5		Recommended		Continues Bonny Light Horseman's folk-revival project between Mitchell, Johnson (Fruit Bats) and Kaufman (Muzz, The National circle).
A0212	Charlie Reed	Eddy	2022	C5		Deep cut		Part of the Earth Libraries roster's patient, string-laced strand of Midwest indie folk.
A0213	Field Medic	grow your hair long if you're wanting to see something that you can change	2022	C5		Recommended		A turning point in Field Medic's long-running lo-fi folk catalog toward studio production, made just before the more electronic light is gone 2.
A0214	Georgia Harmer	Stay in Touch	2022	C5		Recommended		Niece of Canadian roots singer Sarah Harmer, carrying that family's songwriting into a 2020s indie-folk idiom on the Arts & Crafts roster.
A0215	Jo Schornikow	ALTAR	2022	C5	C8	Deep cut		A session-musician's turn to solo songwriting, closer in spirit to the piano-based end of indie folk/slowcore than to any single scene.
A0216	Joan Shelley	The Spur	2022	C5		Recommended		Extends the Louisville folk partnership with Salsburg that runs through her whole catalog.
A0217	Julia Jacklin	Pre Pleasure	2022	C5		Essential		The clearest overlap between Jacklin's pop-folk songwriting and Core's twangy indie-folk sound; sounds akin to Maple Glider's I Get Into Trouble.
A0218	Marina Allen	Centrifics	2022	C5		Recommended		Los Angeles songwriter whose delicate, literary folk sounds akin to Weyes Blood and Cate Le Bon's circle.
A0219	Renata Zeiguer	Picnic in the Dark	2022	C5		Deep cut		Brooklyn songwriter whose Northern Spy records fold bossa nova and folk into a spectral sound akin to Timber Timbre.
A0220	Sadurn	Radiator	2022	C5		Recommended		Grew from DeGroot's lo-fi Philadelphia DIY recordings into a full band; part of the Philly indie-folk scene alongside Greg Mendez.
A0221	Stella Donnelly	Flood	2022	C5		Recommended		Follow-up to Beware of the Dogs, self-released after leaving Secretly Canadian.
A0222	Tenci	A Swollen River, A Well Overflowing	2022	C5		Recommended		Follows My Heart Is an Open Field on the same Keeled Scales label, part of the Chicago DIY-folk scene that also includes Lomelda collaborators and Jessica Risker.
A0223	TOLEDO	How It Ends	2022	C5	C1	Recommended		Duo songwriting that sounds indebted to Elliott Smith and Golden Daze.
A0224	villagerrr	brain pain	2022	C5		Deep cut		One of villagerrr's self-released 2022 albums, made before Like Leaves began attracting outside notice.
A0225	villagerrr	Like Leaves	2022	C5		Recommended		Preceded villagerrr's move to Darling Recordings for Tear Your Heart Out.
A0226	villagerrr	OHIOAN	2022	C5		Recommended		Part of villagerrr's prolific 2022 run; its regional specificity anticipates the Midwestern focus of Tear Your Heart Out and Carousel.
A0227	villagerrr	Something or Somewhere Else	2022	C5		Deep cut		One of several quickly uploaded 2022 releases that built villagerrr's early catalog.
A0228	The Weather Station	How Is It That I Should Look at the Stars	2022	C5		Recommended		Tamara Lindeman's long-running Toronto folk project, moving from 2000s singer-songwriter records toward the more expansive, band-driven indie folk of its 2020s run.
A0229	Abbey Blackwell	My Maze	2023	C5		Deep cut		Blackwell is best known as a bassist; My Maze established her as a songwriter in her own right ahead of Big Big Motion and Dream a Day.
A0230	Allegra Krieger	I Keep My Feet on the Fragile Plane	2023	C5		Essential		Krieger's writing here sits among the strongest plainspoken songwriting of her generation, ahead of the following year's Art of the Unseen Infinity Machine.
A0231	Billie Marten	Drop Cherries	2023	C5		Recommended		Continues Marten's Fiction-era run toward fuller, twangier folk arrangements ahead of Dog Eared.
A0232	Charlie Hill	Chuck Pond	2023	C5	C6	Recommended		Sounds close to the Burlington, Vermont indie-country crew (Greg Freeman, Lily Seabird, Dari Bay), with more Laurel Canyon polish.
A0233	Charlotte Cornfield	Could Have Done Anything	2023	C5		Recommended		The culmination of Cornfield's steady solo run after Highs in the Minuses.
A0234	Dean Johnson	Nothing for Me, Please	2023	C5	C3	Recommended		Sits in the singer-songwriter lineage of 1970s country balladeers, adopted by the 2020s indie-folk scene via Mama Bird's Pacific Northwest roster.
A0235	Field Medic	light is gone 2	2023	C5		Recommended		Marks Field Medic's digital-recording pivot away from acoustic four-track folk, released less than a year after grow your hair long.
A0236	Fran	Leaving	2023	C5		Recommended		Sounds akin to Chicago's hushed, folk-leaning strand of indie rock.
A0237	Free Range	Practice	2023	C5		Recommended		Sits in the Chicago DIY folk scene near Jessica Risker and Hannah Frances; its hushed intimacy sounds indebted to Elliott Smith and Lomelda.
A0238	Greg Mendez	Greg Mendez	2023	C5		Recommended		Mendez has been a fixture of the Philadelphia basement-show scene for years; this self-titled record brought him wider indie attention.
A0239	Hazel City	Old Friend	2023	C5		Deep cut		A Gary, Indiana bedroom-folk project that grew out of the same Bandcamp DIY networks as Chicago's indie-folk scene, laying groundwork for the fuller-band goblynmarkytt.
A0240	Helena Deland	Goodnight Summerland	2023	C5		Deep cut		A Montreal singer-songwriter lineage that runs parallel to Ada Lea and other Canadian indie-folk artists of the same scene.
A0241	Jana Horn	The Window Is The Dream	2023	C5		Recommended		Shares the No Quarter label with Joan Shelley, and its hushed, literary folk sounds closely related to hers.
A0242	Kara Jackson	Why Does the Earth Give Us People to Love?	2023	C5		Essential		Part of the Chicago folk scene alongside Free Range, Jessica Risker and Hannah Frances; Jackson is also a former National Youth Poet Laureate.
A0243	Kassi Valazza	Kassi Valazza Knows Nothing	2023	C5		Recommended		Sounds akin to current country-folk revivalists such as Erin Rae and Le Ren, ahead of From Newman Street.
A0244	Mali Velasquez	I'm Green	2023	C5		Recommended		Sounds close to Katy Kirby, working the space between quiet acoustic folk and full-band indie rock.
A0245	Maple Glider	I Get into Trouble	2023	C5		Recommended		Second album, continuing Maple Glider's confessional Australian indie-folk songwriting.
A0246	Rachel Baiman	Common Nation of Sorrow	2023	C5		Recommended		Continues Baiman's politically engaged Americana songwriting on Signature Sounds.
A0247	Sunny War	Anarchist Gospel	2023	C5		Essential		Grew from War's Venice Beach busking roots into a full-band Americana sound; its punk-inflected roots music sounds akin to Sadurn.
A0248	Tiny Ruins	Ceremony	2023	C5		Recommended		Continues the Auckland band's decade-plus run of Flying Nun/Bella Union-adjacent indie folk.
A0249	Abbey Blackwell	Big Big Motion	2024	C5		Deep cut		A bridge record between My Maze and Dream a Day, part of Blackwell's steady, independent Bandcamp release schedule.
A0250	Adrianne Lenker	Bright Future	2024	C5		Essential		The high point of Lenker's parallel solo folk catalog, extending the Gillian Welch-to-Big Thief folk-songwriting line she helps carry forward today.
A0251	Adrianne Lenker	i won't let go of your hand	2024	C5		Deep cut		Sounds like a companion to Bright Future, outside the Big Thief album cycle.
A0252	Annie Williams	Visitor	2024	C5	C2	Deep cut		Sounds akin to the current Nashville indie-folk underground built around small labels like YK Records.
A0253	Ben Seretan	Allora	2024	C5		Deep cut		Sounds akin to the DIY, home-recording end of the indie-folk network.
A0254	Blue Ranger	Close Your Eyes	2024	C5		Deep cut		Sounds like a more collaborative, studio-focused turn for the band, closer to ambient folk-rock than to Core twang.
A0255	Bonny Light Horseman	Keep Me on Your Mind/See You Free	2024	C5		Essential		The trio's third full-length, continuing their blend of traditional folk revival and original songwriting among members of Fruit Bats and Muzz.
A0256	Haley Heynderickx	Seed of a Seed	2024	C5		Recommended		A six-years-later follow-up to I Need to Start a Garden, extending its patient fingerpicked style.
A0257	Hannah Frances	Keeper of the Shepherd	2024	C5		Essential		Sounds indebted to avant-folk and progressive rock as much as to Joni Mitchell-style jazz-folk.
A0258	Itasca	Imitation of War	2024	C5	V8	Recommended		Its fingerpicked guitar language sounds indebted to the American Primitive tradition of John Fahey and Jack Rose, folded into vocal-led indie folk on Paradise of Bachelors.
A0259	Jackie West	Close To The Mystery	2024	C5		Deep cut		Released on Ruination Record Co., part of a small roster of patient, collaborative New York folk-rock records.
A0260	Jess Cornelius	CARE/TAKING	2024	C5		Deep cut		A solo continuation after Teeth & Tongue, moving from Melbourne indie rock toward hushed singer-songwriter folk.
A0261	Jessica Pratt	Here in the Pitch	2024	C5		Essential		Pratt's fourth album, continuing her insular, warbling folk style within a slightly fuller sonic frame.
A0262	Katy Kirby	Blue Raspberry	2024	C5		Recommended		Continues Kirby's move from Keeled Scales indie folk toward a bigger ANTI- platform.
A0263	Lamplight	Lamplight	2024	C5		Recommended		Sounds akin to the hazy, Western Vinyl-adjacent strand of indie folk around bands like Lightning Bug.
A0264	Lily Seabird	Alas	2024	C5	C4	Essential		Part of the Burlington, Vermont scene bridging indie folk and full-band rock.
A0265	Lindsay Reamer	Natural Science	2024	C5		Recommended		Sounds of a piece with the plainspoken, character-driven folk of small-label peers in this lane.
A0266	Luke Temple	Certain Limitations	2024	C5		Deep cut		Longtime Secretly Canadian/Western Vinyl songwriter (Here We Go Magic, Art Feynman) returning to plain solo-folk songwriting.
A0267	Lutalo	The Academy	2024	C5	C4	Recommended		Vermont-based multi-hyphenate whose folk-rooted songwriting sounds akin to the Burlington DIY scene around Lily Seabird.
A0268	Margaux	Inside the Marble	2024	C5	C1	Recommended		Sounds akin to the Brooklyn indie-folk/rock circle around Katy Kirby and Lindsay Reamer.
A0269	Sheepskin	Pirate Ship Playground	2024	C5		Deep cut		Sounds close to the soft-spoken folk-rock of the Burlington, Vermont scene around Greg Freeman.
A0270	Sima Cunningham	High Roller	2024	C5		Deep cut		A solo outlet for a Chicago DIY-scene fixture and Finom member, trading that band's angular guitars for piano-led songwriting.
A0271	Tara Jane O'Neil	The Cool Cloud of Okayness	2024	C5		Deep cut		O'Neil's long solo run (Quarterstick, K Records, Kranky) traces from post-rock roots into hushed, experimental indie folk; now on the same Orindal roster as Wednesday.
A0272	villagerrr	Tear Your Heart Out	2024	C5		Essential	Y	Brought homemade Ohio songwriting to a wider audience via Darling Recordings; sits comfortably beside peers like Merce Lemon, Greg Freeman and Lily Seabird.
A0273	Wildflower	Green World	2024	C5		Recommended		Sounds like jazz-minded, twangy folk-rock from this lane's more pastoral end.
A0274	Aïda Mekonnen Caby	Mais Uma	2025	C5		Deep cut		Sounds akin to Brooklyn's polished indie-pop scene while drawing on folk songwriting fundamentals.
A0275	Big Thief	Double Infinity	2025	C5		Recommended		Continues the band's folk lineage while opening further toward atmosphere, following Lenker's solo work on Bright Future.
A0276	Billie Marten	Dog Eared	2025	C5		Essential		The clearest example yet of Marten's folk songwriting picking up twang texture, following Drop Cherries.
A0277	Carmen Perry	Eyes Like a Mirror	2025	C5		Recommended		A solo turn for Remember Sports' lead singer, moving from that band's power-pop toward a hushed, folk-leaning sound.
A0278	Daughter of Swords	Alex	2025	C5	C7	Recommended		Grows out of the Mountain Man folk trio she co-founded, pushing outward into twangy indie pop that sounds close to the jangle revival.
A0279	Dead Gowns	It's Summer, I Love You, and I'm Surrounded by Snow	2025	C5		Recommended		Comes out of the Portland, Maine DIY folk scene; the wide-ranging vocal attack sounds indebted to Angel Olsen's Burn Your Fire for No Witness.
A0280	Emily Hines	These Days	2025	C5		Recommended		Released on Keeled Scales, the Austin label home to several hushed songwriters in this lane's orbit.
A0281	Erin Durant	Firetrail	2025	C5		Deep cut		A continuation of the jazz-tinged folk songwriting heard on her earlier Keeled Scales record Islands.
A0282	Field Medic	surrender instead	2025	C5		Recommended		The latest entry in Sullivan's decade-plus catalog of lo-fi confessional songwriting.
A0283	Folk Bitch Trio	Now Would Be A Good Time	2025	C5		Essential		Signed to Jagjaguwar (Bon Iver, Angel Olsen, Sharon Van Etten); sounds close to Julia Jacklin and Stella Donnelly in the current Australian indie-folk wave.
A0284	Free Range	Lost & Found	2025	C5		Recommended		Continues the hushed Chicago DIY folk Jensen established on Practice, now with a fuller and more confident arrangement style.
A0285	Haley Heynderickx & Max García Conover	What of Our Nature	2025	C5		Deep cut		Connects Heynderickx's Portland folk lineage to Maine songwriter Max García Conover's own Woody Guthrie-indebted catalog.
A0286	Hand Habits	Blue Reminder	2025	C5		Recommended		Follows Fun House's move outward from Duffy's solo bedroom style toward fuller band arrangements.
A0287	Hannah Frances	Nested in Tangles	2025	C5		Essential		Frances's second full-length, continuing directly from Keeper of the Shepherd's exploration of familial trauma and healing.
A0288	Jessica Risker	Calendar Year	2025	C5		Recommended		A more expansive follow-up to the stripped-down I See You Among the Stars, staying within Chicago's small, hushed folk network.
A0289	Joan Shelley	Real Warmth	2025	C5		Recommended		Her latest No Quarter album, continuing the Louisville folk partnership with Nathan Salsburg that runs through her catalog.
A0290	Kassi Valazza	From Newman Street	2025	C5		Essential		Continues Valazza's country-folk revival songwriting from Knows Nothing with a fuller pedal-steel-driven sound.
A0291	klark sound	This Is Music	2025	C5		Deep cut		Sounds akin to the hushed singer-songwriter vein of Otto Benson and Jessica Risker.
A0292	Lily Seabird	Trash Mountain	2025	C5	C4	Recommended		Follow-up to Alas within the Burlington, VT indie-folk/rock scene.
A0293	Lucky Cloud	Foreground	2025	C5	C7	Deep cut		Released on Ruination Record Co.; its jazzy pedal-steel indie sounds akin to Chicago's twangy indie-folk scene.
A0294	Mae Powell	Making Room for the Light	2025	C5		Recommended		Sounds indebted to classic soul and jazz-folk singers as much as to indie folk.
A0295	Saintseneca	Highwalllow & Supermoon Songs	2025	C5		Essential		Zac Little's Columbus, OH string-band project, drawing on Appalachian instrumentation (balalaika, dulcimer, mandolin) filtered through indie folk-rock.
A0296	Sam Moss	Swimming	2025	C5		Deep cut		Fingerstyle folk that sounds rooted in the same Appalachian/American Primitive lineage as Jake Xerxes Fussell.
A0297	Shoulderbird	Neighbors	2025	C5		Deep cut		Sounds of a piece with Chicago's hushed folk-rock network.
A0298	Sleeper's Bell	Clover	2025	C5		Deep cut		Sounds akin to the current Bandcamp indie-folk underground alongside Hazel City.
A0299	Stella Donnelly	Love and Fortune	2025	C5		Recommended		Third album, released via Dot Dash Recordings/Remote Control after two self-directed records.
A0300	Sunny War	Armageddon in a Summer Dress	2025	C5		Recommended		Continues War's New West run of roots-punk/gospel-blues records.
A0301	Uwade	Florilegium	2025	C5		Recommended		Emerged after her lead vocal on the opening track of Fleet Foxes' Shore; sounds akin to Fleet Foxes-adjacent harmonic folk.
A0302	The Weather Station	Humanhood	2025	C5		Essential		Tamara Lindeman's long-running Toronto folk project, moving from 2000s singer-songwriter records toward the more expansive, band-driven indie folk of its 2020s run.
A0303	Weirs	Diamond Grove	2025	C5	V8	Deep cut		Sounds rooted in the Piedmont old-time/string-band tradition, while its Dear Life Records home ties it to the same DIY label network as Sluice and Fust.
A0304	Will Lawrence	Rooftops in the Centerfold	2025	C5		Deep cut		Sounds of a piece with the patient, small-town-focused strand of indie folk around Itasca and Jess Williamson.
A0305	Will Stratton	Points of Origin	2025	C5		Recommended		Eighth solo album in a run stretching back to his 2007 debut; sounds indebted to Nick Drake and American Primitive fingerstyle guitar.
A0306	Abbey Blackwell	Dream a Day	2026	C5		Recommended		The culmination of Blackwell's run of independent folk records after My Maze and Big Big Motion.
A0307	Dagmar Zuniga	in filth your mystery is kingdom / far smile peasant in yellow music	2026	C5		Deep cut		Sounds akin to Phil Elverum's hushed Microphones/Mount Eerie home recordings, part of the wider hushed-recording network this lane tracks.
A0308	Ellie O'Neill	Time of Fallow	2026	C5		Deep cut		Draws on British/Irish folk-rock songwriting (Fairport Convention, Sandy Denny) reframed through the 2020s international indie-folk scene.
A0309	Gawshock	Leaves to the Sun	2026	C5		Deep cut		Sounds akin to the small-town branches of the Bandcamp DIY folk network and other regional home-recording projects.
A0310	Hazel City	goblynmarkytt	2026	C5		Recommended		Sits in the 2020s wave of Bandcamp-first indie folk; its plainspoken small-town songs and wide circle of collaborators sound indebted to communal porch-folk recording.
A0311	Jana Horn	Jana Horn	2026	C5		Recommended		A further distillation of the hushed, literary style she developed on The Window Is The Dream.
A0312	Lily Seabird	Lightspheres on Their Way	2026	C5	C4	Recommended		Fourth album from the Vermont songwriter, continuing the Lame-O Records Burlington-scene run.
A0313	Natalie Jane Hill	Hopeful Woman	2026	C5		Essential		Continues Hill's fingerstyle-folk lineage into pedal-steel-laced country-folk.
A0314	Nixon Boyd	Every Time We Turn A Corner	2026	C5		Deep cut		Signed to Royal Mountain Records; sounds akin to current hushed-folk-pop songwriters such as Ultra Lights and Proun.
A0315	Pearla	Song Room	2026	C5		Deep cut		Sounds akin to hushed indie-folk songwriters such as Sadurn and Greg Mendez.
A0316	Ruby of Thanks	Before You Turn Into a Dog	2026	C5	C7	Deep cut		Sounds akin to the Woodsist-orbit lo-fi home-recording tradition (Little Wings, John Andrews and the Yawns), itself descended from the DIY home-taping network.
A0317	Shannon Lay	Past the Veil	2026	C5		Recommended		Follows Geist as Lay's most expansive solo record to date.
A0318	Spencer Hoffman	Cherry Picker	2026	C5		Deep cut		Los Angeles songwriter whose sound draws on '70s soft rock and folk-rock.
A0319	Star Moles	Highway to Hell	2026	C5		Deep cut		Sounds akin to the sprawling, self-released Bandcamp DIY-folk underground, alongside acts like Sleeper's Bell and Hazel City.
A0320	Trinity Ace	Learning to Be a Cowboy on the Horse That Broke My Arm	2026	C5		Deep cut		Bay Area indie-folk scene alongside Mae Powell and Abbey Blackwell.
A0321	villagerrr	Carousel	2026	C5		Recommended		Sounds like an expansion of the collaborative, friend-network approach of Tear Your Heart Out into a bigger arranged sound.
A0322	Howlin Rain	Howlin Rain	2006	C6		Recommended		Ethan Miller's move from the noisier Comets on Fire into a more classic-rock sound that is indebted to Crazy Horse and the Allman Brothers, launching his long-running Howlin Rain project.
A0323	Woods	At Rear House	2007	C6	V11	Deep cut		An early Woods/Woodsist record, cut from the same DIY-cassette cloth as Earl's early-2000s Brooklyn basement-show scene.
A0324	Howlin Rain	Magnificent Fiend	2008	C6		Recommended		Sounds indebted to Neil Young & Crazy Horse and the Allman Brothers' long jams; Miller came from the psych band Comets on Fire.
A0325	The War on Drugs	Wagonwheel Blues	2008	C6		Recommended		The band was co-founded in Philadelphia by Granduciel and Kurt Vile; its harmonica-and-drawl sound is plainly indebted to Dylan and Neil Young, and it feeds into the more polished cosmic-Americana of the band's later records.
A0326	Woods	Woods Family Creeps	2008	C6	V11	Deep cut		Deepens the lo-fi Woodsist-scene template before the band's melodies sharpened on Songs of Shame.
A0327	Farmer Dave Scher	Flash Forward to the Good Times	2009	C6	V4	Deep cut		A solo outlet for a Beachwood Sparks member, carrying that band's 2000s LA cosmic-country revival sound into looser, more psychedelic territory.
A0328	Woods	Songs of Shame	2009	C6		Essential		Grew out of Earl's early lo-fi cassette recordings and the Woodsist label he runs; its sunny psych-folk and guitar jams sound indebted to Neil Young and 1960s psych-folk.
A0329	Woods	At Echo Lake	2010	C6		Recommended		Continues directly from Songs of Shame's DIY tape production, with guitar sprawl that sounds indebted to Crazy Horse.
A0330	Cass McCombs	Humor Risk	2011	C6	V4	Deep cut		The comic flip side to Wit's End within McCombs' prolific Domino years, sounding closer to the Drag City deadpan tradition than his more mournful work.
A0331	Jonathan Wilson	Gentle Spirit	2011	C6		Essential		Sounds like a conscious recreation of the Laurel Canyon country-rock of CSNY and Neil Young, made in the same neighborhood that produced it.
A0332	The War on Drugs	Slave Ambient	2011	C6		Recommended		Bridges the band's Crazy Horse-inflected debut and the fully formed synth-Americana of Lost in the Dream, sounding indebted to Springsteen and Eno-style ambience.
A0333	Woods	Sun and Shade	2011	C6		Recommended		Marks the band's turn toward longer, more overtly jam-based arrangements, anticipating Bend Beyond and the band's live reputation.
A0334	Beachwood Sparks	The Tarnished Gold	2012	C6	V4	Recommended		Beachwood Sparks returning to their Gram Parsons-descended sound at a moment when bands like Woods were working a similar Parsons/Dead vein, a parallel rather than a direct link.
A0335	Chris Cohen	Overgrown Path	2012	C6		Recommended		Sounds indebted to breezy Laurel Canyon-style pop songwriting, filtered through a lo-fi, tape-warped production sensibility.
A0336	Howlin Rain	The Russian Wilds	2012	C6		Deep cut		Pushes Magnificent Fiend's long-jam sound, which sounds indebted to Crazy Horse and Southern rock, toward a heavier, more maximalist studio production.
A0337	Woods	Bend Beyond	2012	C6		Essential		The culmination of the band's 2009-2012 Woodsist run, after which they continued to evolve toward more polished psych-pop on later albums.
A0338	Cass McCombs	Big Wheel and Others	2013	C6	V4	Recommended		A career-spanning-feeling double LP that pulls together McCombs' country-rock, folk and jam tendencies before his tighter ANTI- Records period.
A0339	Chris Forsyth & the Solar Motel Band	Solar Motel	2013	C6	V8	Recommended		Forsyth's crossover from the American Primitive solo-guitar world into full-band Dead- and Television-indebted jamming, launching the Solar Motel Band.
A0340	Jonathan Wilson	Fanfare	2013	C6		Recommended		Expands Gentle Spirit's guitar rock, which sounds indebted to Laurel Canyon and the Grateful Dead, into a more maximalist, string-laden record.
A0341	Kevin Morby	Harlem River	2013	C6	V4	Recommended		Grew directly out of Morby's time as Woods' bassist and the Woodsist label scene; its hypnotic, Crazy Horse/Velvets-like drone carries forward into his solo run.
A0342	Steve Gunn	Time Off	2013	C6	V8	Recommended		Steve Gunn crosses over from the solo-guitar American Primitive lineage into full band-and-vocal cosmic country, a move he'd deepen on Way Out Weather.
A0343	Amen Dunes	Love	2014	C6		Recommended		Moves Amen Dunes toward a hazier guitar-folk sound that sounds indebted to classic rock and Gram Parsons-era country rock.
A0344	Chris Forsyth & the Solar Motel Band	Intensity Ghost	2014	C6		Recommended		The full-band follow-up to Solar Motel, carrying Forsyth's Television- and Dead-indebted guitar vocabulary into tighter, riff-driven pieces.
A0345	Hiss Golden Messenger	Lateness of Dancers	2014	C6	V4	Essential	Y	Grows out of the raw, homemade folk of Bad Debt and Haw into a fuller country-rock sound that sounds indebted to the Grateful Dead and the Band, which Taylor kept refining on later Merge albums.
A0346	Kevin Morby	Still Life	2014	C6		Recommended		A bridge between Morby's Woods/Woodsist roots and the more polished, Dead Oceans-era songwriter he'd become on Singing Saw.
A0347	Steve Gunn	Way Out Weather	2014	C6		Essential		Consolidates Gunn's move from solo-guitar Primitivism into a proper cosmic-country band sound, setting up his run on Matador.
A0348	The War on Drugs	Lost in the Dream	2014	C6		Essential	Y	Sounds descended from Dylan, Petty and Springsteen filtered through Eno-style production; its widescreen sound echoes in later bands like Wild Pink and Hovvdy.
A0349	Woods	With Light and With Love	2014	C6		Recommended		Marks Woods' full transition from lo-fi folk to the jam-friendly cosmic country sound that runs through the rest of their catalog and the wider Woodsist scene.
A0350	Howlin Rain	Mansion Songs	2015	C6		Deep cut		Returns Howlin Rain's jamming, which sounds indebted to Crazy Horse and the Dead, to a rawer, band-in-a-room feel after the maximalism of The Russian Wilds.
A0351	Promised Land Sound	For Use and Delight	2015	C6		Deep cut		Released by Paradise of Bachelors, tying it to that label's American-vernacular roster; the sound is indebted to the Byrds and Big Star.
A0352	Ryley Walker	Primrose Green	2015	C6	V5	Essential		Pulls jazz improvisation into a folk-rock frame that sounds indebted to Astral Weeks and the Grateful Dead's more pastoral side.
A0353	Arbor Labor Union	I Hear You	2016	C6	X14	Recommended		Sounds indebted to Meat Puppets' punk-bred psychedelia and the Dead's long-form jamming, pushed toward drone and distortion.
A0354	Cass McCombs	Mangy Love	2016	C6		Recommended		Pulls McCombs' idiosyncratic songwriting toward a breezier guitar-rock sound that sounds indebted to the Grateful Dead and continues on Tip of the Sphere and Heartmind.
A0355	Chris Cohen	As If Apart	2016	C6		Deep cut		Refines the hazy, Laurel Canyon-adjacent pop songwriting of Overgrown Path without changing course.
A0356	Cory Hanson	The Unborn Capitalist from Limbo	2016	C6		Deep cut		Moves Hanson from Wand's psych-fuzz toward a hushed country-folk sound that sounds indebted to Gene Clark and Laurel Canyon, which resurfaces in his later solo work.
A0357	Hiss Golden Messenger	Heart Like a Levee	2016	C6		Essential		Continues the country-soul direction of Lateness of Dancers; its loose, communal grooves sound indebted to the Band and the Grateful Dead.
A0358	Jess Williamson	Heart Song	2016	C6	C5	Deep cut		A self-released bridge between Williamson's Native State debut and her Mexican Summer albums, still close to Texas singer-songwriter tradition.
A0359	Kevin Morby	Singing Saw	2016	C6		Essential		Morby's turn from home-recorded folk toward orchestrated songwriting that sounds indebted to Gram Parsons and Laurel Canyon, setting up City Music and the rest of his Dead Oceans run.
A0360	Ryley Walker	Golden Sings That Have Been Sung	2016	C6	V5	Recommended		The second of Walker's Dead Oceans albums, part of his restless movement between folk, jazz and rock idioms.
A0361	Sam Evian	Premium	2016	C6	C5	Deep cut		The starting point for the Flying Cloud/Hannah Cohen upstate-New York recording circle Evian would go on to anchor as a producer.
A0362	Steve Gunn	Eyes on the Lines	2016	C6		Recommended		First album for Matador Records, broadening Gunn's audience beyond the Paradise of Bachelors underground while keeping the same guitar-forward songwriting.
A0363	Whitney	Light Upon the Lake	2016	C6	C7	Essential		Grew out of the collapse of Smith Westerns' glammy power-pop into a gentler, horn-and-pedal-steel-inflected country-soul sound.
A0364	Woods	City Sun Eater in the River of Light	2016	C6		Recommended		Pushes the Woodsist-scene sound outward from straight cosmic-country jamming toward polyrhythmic, horn-inflected arrangements.
A0365	Bonny Doon	Bonny Doon	2017	C6	C7	Deep cut		Grows out of Detroit's indie scene (with ties to Waxahatchee, whose Saint Cloud the band would later back); sets up the more Woodsist-style slacker sound of Longwave.
A0366	Hiss Golden Messenger	Hallelujah Anyhow	2017	C6		Recommended		Keeps Hiss Golden Messenger's cosmic-country sound loose and communal; the road-band feel sounds indebted to the Grateful Dead and the Band.
A0367	Kacy & Clayton	The Siren's Song	2017	C6	V6	Recommended		Bridges Kacy & Clayton's traditional folk repertoire with producer Jeff Tweedy's fuller band arrangements, in a country-rock sound akin to Laurel Canyon.
A0368	Kevin Morby	City Music	2017	C6		Recommended		The urban mirror to Singing Saw's rural songs, sounding more directly indebted to the Velvet Underground and Jonathan Richman, with an open Ramones homage.
A0369	Mapache	Mapache	2017	C6		Essential		Sounds rooted in Everly-style duo harmony singing and 1970s California country rock.
A0370	twain	Rare Feeling	2017	C6	C5	Recommended		Davidson's songwriting sounds indebted to Gram Parsons-style cosmic country and old-time singing, filtered through a DIY, small-label folk scene.
A0371	The War on Drugs	A Deeper Understanding	2017	C6		Recommended		Extends the cosmic-Americana approach of Lost in the Dream into a more maximalist, radio-scaled register.
A0372	Wild Pink	Wild Pink	2017	C6	C1	Deep cut		The starting point of Wild Pink's catalog, before their sound expanded into the fuller heartland-indie of A Billion Little Lights.
A0373	Woods	Love Is Love	2017	C6		Deep cut		A stripped-back turn within the Woods catalog, closer in mood to their early folk records than the jam-heavy mid-2010s run.
A0374	Amen Dunes	Freedom	2018	C6		Recommended		Extends the breezy, classic-rock-informed direction of Love into a fuller studio sound that sounds akin to the Cosmic American Music revival.
A0375	Cut Worms	Hollow Ground	2018	C6		Recommended		Sounds indebted to Everly Brothers harmony singing and 1960s country-pop and country-rock, filtered through a Brooklyn DIY-pop sensibility.
A0376	The Dead Tongues	Unsung Passage	2018	C6	V1	Recommended		Gustafson has played guitar with Hiss Golden Messenger and shares members with Skyway Man, tying this record into the wider Asheville/Nashville cosmic-country web.
A0377	Howlin Rain	The Alligator Bride	2018	C6		Deep cut		Sounds like a full expression of Grateful Dead- and Crazy Horse-style extended-jam songwriting.
A0378	Jess Williamson	Cosmic Wink	2018	C6		Recommended		Moves Williamson's earlier lo-fi folk toward a fuller country-rock sound that sounds indebted to Laurel Canyon; she later formed Plains with Katie Crutchfield.
A0379	Jonathan Wilson	Rare Birds	2018	C6		Deep cut		Shows Wilson's Laurel Canyon revivalism absorbing polished synth-rock textures, sounding akin to 1980s Pink Floyd-style studio rock without abandoning its cosmic foundation.
A0380	Rosali	Trouble Anyway	2018	C6	V2	Deep cut		Rooted in the Philadelphia DIY folk scene, laying groundwork for her later collaborations with Nebraska's Mowed Sound band on No Medium and Bite Down.
A0381	Ryley Walker	Deafman Glance	2018	C6	V8	Recommended		Walker's most experimental studio record, pulling his American Primitive guitar roots into Chicago's free-improv and noise scene.
A0382	Sean Thompson's Weird Ears	Weird Ears Part 1	2018	C6		Deep cut		Sounds indebted to the 2010s Nashville DIY country-rock scene and its 1970s cosmic-country touchstones.
A0383	Wild Pink	Yolk in the Fur	2018	C6	C1	Recommended		Sounds indebted to Springsteen's heartland rock and the War on Drugs' synth-guitar sound, filtered through a smaller-scale indie band.
A0384	Cass McCombs	Tip of the Sphere	2019	C6		Essential		Sounds the most indebted to Grateful Dead-style long-form guitar jamming of any McCombs record, placing it alongside the 2010s cosmic-rock revival.
A0385	Chris Cohen	Chris Cohen	2019	C6		Recommended		Continues Cohen's subdued psychedelic pop, which sounds indebted to Laurel Canyon songwriting as much as to the art-pop of his former band Deerhoof.
A0386	Garcia Peoples	Cosmic Cash	2019	C6		Recommended		Directly channels the Grateful Dead's twin-guitar jam vocabulary, alongside peers like Ryley Walker and Endless Boogie in the 2010s psych-jam revival.
A0387	GospelbeacH	Pacific Surf Line	2019	C6		Recommended		Formed by Beachwood Sparks' Brent Rademaker, directly continuing that band's cosmic-country line.
A0388	Hiss Golden Messenger	Terms of Surrender	2019	C6		Recommended		Expands the Merge-era country-soul sound with a more atmospheric, layered production that sounds akin to the 2010s indie-Americana of peers like Bon Iver's circle.
A0389	Kacy & Clayton	Carrying On	2019	C6	V6	Deep cut		Extends Kacy & Clayton's move from folk repertoire toward a country-rock sound akin to Laurel Canyon.
A0390	Kevin Morby	Oh My God	2019	C6		Recommended		Extends Morby's widescreen Dead Oceans period into full song-cycle territory, echoing the loose spiritual searching of the Grateful Dead's American Beauty-era songwriting.
A0391	RF Shannon	Rain On Dust	2019	C6		Recommended		Sounds indebted to Gram Parsons-style country rock filtered through desert psychedelia, akin to 2010s cosmic-country revivalists like Promised Land Sound and twain.
A0392	Rose City Band	Rose City Band	2019	C6		Essential		Grew directly out of Johnson's psych-rock work in Wooden Shjips and Moon Duo, redirected toward country rock that sounds indebted to Gram Parsons and the Grateful Dead.
A0393	Steve Gunn	The Unseen in Between	2019	C6		Recommended		Continues Gunn's Matador run with a turn toward orchestrated, personal songwriting rather than pure jam-length guitar pieces.
A0394	Teddy and the Rough Riders	The Congress of Teddy and The Rough Riders	2019	C6		Recommended		Sounds akin to Nashville's 2010s DIY country-rock scene, with guitar interplay indebted to the Grateful Dead.
A0395	twain	Adventure	2019	C6	C5	Deep cut		Continues the sound of Rare Feeling with a slightly fuller studio palette, still indebted to cosmic country.
A0396	Arbor Labor Union	New Petal Instants	2020	C6		Recommended		Shows Arbor Labor Union moving from distortion-first jamming toward more structured songs that sound indebted to Dead- and Wilburys-style country rock.
A0397	Circles Around the Sun	Circles Around the Sun	2020	C6		Deep cut		Descends directly from the Grateful Dead's own jam vocabulary, connected to the wider LA cosmic-country scene through shared musicians like Dan Horne.
A0398	Cut Worms	Nobody Lives Here Anymore	2020	C6		Recommended		Extends the buttery, harmony-driven sound of Hollow Ground, which sounds indebted to the Everly Brothers and Laurel Canyon pop, into a longer, more varied set.
A0399	The Dead Tongues	Transmigration Blues (Deluxe Edition)	2020	C6	V1	Essential		Sounds akin to the North Carolina cosmic folk-rock of peers like Hiss Golden Messenger.
A0400	Garcia Peoples	Nightcap at Wits' End	2020	C6		Deep cut		The band's name nods to Jerry Garcia, and its dual-guitar jamming sounds indebted to the Grateful Dead.
A0401	Jess Williamson	Sorceress	2020	C6		Recommended		Continues Williamson's Mexican Summer-era cosmic country, which sounds indebted to Gram Parsons and Laurel Canyon; she later formed Plains with Katie Crutchfield.
A0402	Jonathan Wilson	Dixie Blur	2020	C6		Recommended		Brings Wilson's Laurel Canyon revivalism back toward country rock, sounding indebted to Gram Parsons and Nashville session-style picking.
A0403	Kevin Morby	Sundowner	2020	C6		Recommended		A stripped-down turn in Morby's catalog that still carries the breezy, Dead- and Parsons-indebted guitar sensibility of his earlier band records.
A0404	Mapache	From Liberty Street	2020	C6		Recommended		Continues Mapache's California country-rock sound, which sounds indebted to Laurel Canyon and the Flying Burrito Brothers.
A0405	Rose City Band	Summerlong	2020	C6		Recommended		Expands on the debut's template, which sounds indebted to Gram Parsons and the Grateful Dead, with a fuller studio sound.
A0406	Sam Burton	I Can Go With You	2020	C6		Recommended		Sounds indebted to Roy Orbison's balladry and 1970s cosmic country, akin to the Woodsist circle's hazy country rock.
A0407	Spencer Cullum's Coin Collection	Spencer Cullum's Coin Collection	2020	C6		Recommended		Grows out of Cullum's work as a Nashville session pedal-steel player, channeling his English folk-rock upbringing through the city's cosmic-country underground.
A0408	The War on Drugs	Live Drugs	2020	C6		Recommended		Distills a decade of The War on Drugs' guitar rock, which sounds like Crazy Horse meeting motorik drive, into its most expansive, jam-lengthened form.
A0409	Woods	Strange to Explain	2020	C6		Deep cut		Shows the Woodsist scene absorbing softer, synth-touched textures while keeping a backbone that sounds indebted to Crazy Horse and the Dead.
A0410	Cory Hanson	Pale Horse Rider	2021	C6		Recommended		Pulls Hanson's solo work closer to what sounds like classic Cosmic American Music in the Neil Young and Gene Clark mold.
A0411	Hiss Golden Messenger	Quietly Blowing It	2021	C6		Recommended		Shows Taylor bending his sound, which sounds rooted in the Grateful Dead and the Band, toward home-studio textures while keeping the same cosmic-country core.
A0412	John Andrews & the Yawns	Cookbook	2021	C6		Deep cut		Sounds akin to the hazy, harmony-driven country-folk of Woodsist labelmates Woods.
A0413	Liam Kazar	Due North	2021	C6		Recommended		Released on Kevin Morby's Mare Records imprint; its loose, harmony-rich rock sounds indebted to the Band and 1970s pop-rock.
A0414	Mapache	3	2021	C6		Recommended		A continuation of Mapache's California country-duo sound, which sounds indebted to the Everly Brothers and the Flying Burrito Brothers.
A0415	Rosali	No Medium	2021	C6	V2	Essential		Marks the start of her ongoing partnership with the Mowed Sound band, a key thread connecting Philadelphia and Omaha DIY scenes.
A0416	Rose City Band	Earth Trip	2021	C6		Recommended		Continues Johnson's arc from Wooden Shjips' drone-rock toward fully-formed cosmic country.
A0417	Silver Synthetic	Silver Synthetic	2021	C6		Recommended		Sounds indebted to Britfolk- and glam-inflected early-'70s classic rock, with a garage-rock looseness.
A0418	Steve Gunn	Other You	2021	C6		Recommended		A late-period Matador record that keeps Gunn's cosmic-country songwriting intact while widening its palette with electronics.
A0419	Sylvie	Sylvie	2021	C6		Deep cut		A side project of Golden Daze's Ben Schwab, carrying that LA psych-pop scene toward softer '70s-style country-folk.
A0420	The War on Drugs	I Don't Live Here Anymore	2021	C6		Recommended		Continues the band's cosmic-Americana lineage into the 2020s, an established touchstone for younger heartland-adjacent songwriters.
A0421	Wild Pink	A Billion Little Lights	2021	C6	C1	Essential		Wild Pink's fullest realization of pedal-steel-dressed indie rock, sounding like a crossover point between heartland rock and the C1 twang scene.
A0422	Cass McCombs	Heartmind	2022	C6		Recommended		Continues McCombs' ANTI- era guitar rock; its softer edges sound indebted to classic Laurel Canyon songwriting.
A0423	Courtney Marie Andrews	Loose Future	2022	C6	C5	Recommended		Sounds indebted to the country-rock/Cosmic American Music lineage, following her own path from stripped-down folk into the cosmic country revival.
A0424	Erin Rae	Lighten Up	2022	C6		Recommended		Extends Rae's Nashville country-folk into a sound akin to 1970s AM-radio soft rock and Cosmic American Music.
A0425	Garcia Peoples	100 Years of Solid Dudes	2022	C6		Deep cut		Takes its name from Jerry Garcia and sounds directly indebted to his lead style and the Dead's long-form jamming.
A0426	Kevin Morby	This Is a Photograph	2022	C6		Essential		Continues Morby's move toward a fuller folk-rock and country sound that sounds indebted to Dylan, the Band, and Memphis soul; it was followed by the companion More Photographs (A Continuum).
A0427	Lou Turner	Microcosmos	2022	C6	C2	Recommended		Sounds indebted to '70s singer-songwriters like Joni Mitchell, with touchstones in Bill Callahan and Silver Jews' wry, plainspoken style.
A0428	Mapache	Roscoe's Dream	2022	C6		Recommended		The most expansive entry in Mapache's catalog, extending their duo-harmony format across a longer set.
A0429	Whitney	SPARK	2022	C6		Recommended		Whitney's furthest reach from their country-soul debut, though still built on the same warm, horn-inflected songwriting core.
A0430	Wild Pink	ILYSM	2022	C6	C1	Recommended		A personal, health-crisis-driven turn within Wild Pink's pedal-steel-and-synth heartland sound.
A0431	Wilder Maker	Male Models	2022	C6	C5	Recommended		Sounds indebted to 1970s long-solo rock and New York indie songwriting.
A0432	Anna St. Louis	In the Air	2023	C6	C5	Recommended		Connects directly to the Woodsist label that released her debut, and sounds of a piece with the West Coast singer-songwriter circle of Jess Williamson and Kacey Johansing.
A0433	Arbor Labor Union	Yonder	2023	C6		Recommended		A quieter turn within Arbor Labor Union's catalog that still sounds drawn from the same Dead/Allman Brothers well as their earlier fuzzed-out records.
A0434	Cory Hanson	Western Cum	2023	C6		Recommended		Reconnects Hanson's solo work to long-form guitar jamming that sounds indebted to the Dead and Crazy Horse.
A0435	Cut Worms	Cut Worms	2023	C6		Recommended		Keeps Cut Worms in a country-pop vein that sounds indebted to the Everly Brothers and Gram Parsons, as across his whole catalog.
A0436	Glyders	Maria's Hunt	2023	C6		Deep cut		Sounds indebted to Laurel Canyon-style harmony songwriting filtered through DIY self-release culture.
A0437	Hiss Golden Messenger	Jump for Joy	2023	C6		Recommended		A late-period return to a communal, road-band version of Hiss Golden Messenger's cosmic country, sounding indebted to the Band and Grateful Dead country rock.
A0438	Jeffrey Silverstein	Western Sky Music	2023	C6	V8	Deep cut		Sounds of a piece with the Pacific Northwest cosmic-country instrumentalists around Rose City Band, sharing their pedal-steel drift.
A0439	Jess Williamson	Time Ain't Accidental	2023	C6		Essential		Brings Williamson's cosmic-country sound closest to what sounds like Gram Parsons and outlaw-country roots; she also records with Katie Crutchfield as Plains.
A0440	Kacey Johansing	Year Away	2023	C6	C5	Deep cut		Sounds of a piece with the West Coast singer-songwriter circle around Anna St. Louis and Jess Williamson, sharing their soft-focus Laurel Canyon warmth.
A0441	Mapache	Swinging Stars	2023	C6		Recommended		Extends Mapache's ongoing homage to what sounds like Flying Burrito Brothers-style California country rock.
A0442	Mikaela Davis	And Southern Star	2023	C6		Recommended		Leans into a harmony-driven jam-pop sound that sounds akin to the Grateful Dead's gentler side and Fleetwood Mac.
A0443	Rose City Band	Garden Party	2023	C6		Recommended		Part of Rose City Band's steady evolution of a cosmic-country template that sounds indebted to Gram Parsons and the Grateful Dead.
A0444	Sam Blasucci	Off My Stars	2023	C6		Deep cut		A solo detour from Blasucci's work in the California country duo Mapache.
A0445	Sam Burton	Dear Departed	2023	C6	C5	Recommended		Moves Burton from the Tompkins Square country-folk revival roster to Partisan, with a sound indebted to '70s LA soft country rock.
A0446	Skyway Man	Flight of the Long Distance Healer	2023	C6		Recommended		Sounds indebted to 1970s gospel-tinged psychedelic rock and cosmic country.
A0447	Spencer Cullum's Coin Collection	Spencer Cullum's Coin Collection 2	2023	C6		Recommended		A step deeper into Nashville's instrumentalist underground, still rooted in Cullum's pedal-steel session background.
A0448	Woods	Perennial	2023	C6		Recommended		A late-career synthesis of the Woods catalog, still released on Jeremy Earl's own Woodsist label, whose scene it sounds central to.
A0449	Beachwood Sparks	Across the River of Stars	2024	C6		Recommended		A late-career return from one of the foundational 2000s cosmic-country revival bands (C6); their sound is indebted to V21 country rock and the Paisley Underground's jangle.
A0450	Chris Cohen	Paint a Room	2024	C6		Recommended		Extends Cohen's breezy, Laurel Canyon-adjacent pop songwriting into jazzier arrangements, deepening a catalog that has quietly run in parallel to the wider cosmic-country revival.
A0451	Color Green	Fool's Parade	2024	C6		Recommended		Sounds indebted to '60s SoCal folk-rock and the Dead/Allmans jam vocabulary, delivered with a live-band looseness.
A0452	Gabriel Birnbaum	Patron Saint of Tireless Losers	2024	C6	C2	Deep cut		A solo outlet for the Wilder Maker frontman that leans further into plainspoken, character-driven folk-rock storytelling.
A0453	House Band	Aventurine	2024	C6		Deep cut		Sounds like the cosmic-jam end of the scene stretched into krautrock and fusion territory, indebted to Can and electric Miles as much as the Dead.
A0454	Kate Bollinger	Songs From A Thousand Frames Of Mind	2024	C6	C7	Recommended		Sounds indebted to Françoise Hardy, the Velvet Underground and Teenage Fanclub as much as country, landing at the pop-facing edge of this lane's '70s revival strand.
A0455	Lee Baggett	Waves for a Begull	2024	C6		Deep cut		Sounds indebted to Crazy Horse's loose guitar rock, filtered through the relaxed sensibility of West Coast lo-fi songwriters like Little Wings.
A0456	Minor Moon	The Light Up Waltz	2024	C6		Recommended		Sounds indebted to Grateful Dead and Crazy Horse guitar playing filtered through Midwestern alt-country songwriting.
A0457	Rosali	Bite Down	2024	C6	V2	Essential		The full flowering of her Mowed Sound collaboration, moving her from DIY folk circles onto a larger indie label.
A0458	Sam Evian	Plunge	2024	C6		Recommended		A Catskills singer-songwriter whose sound is indebted to the Laurel Canyon and Gram Parsons-adjacent cosmic-country lineage.
A0459	Te Huhu	Deelishis Herbs	2024	C6		Deep cut		Part of a small but growing Antipodean cosmic-country scene taking the Dead/Beachwood Sparks lineage outside the US.
A0460	Teddy and the Rough Riders	Down Home	2024	C6	C3	Recommended		Sounds of a piece with Nashville's Dead-indebted country-rock scene around acts like Coin Collection and Rich Ruth.
A0461	The War on Drugs	Live Drugs, Again	2024	C6		Recommended		Second entry in the Live Drugs series, continuing the band's arena-scale guitar rock, which sounds indebted to Crazy Horse and Dylan, in concert form.
A0462	Way Dynamic	Duck	2024	C6	C1	Recommended		Young also leads the Melbourne band Cool Sounds; here he channels what sounds like '70s Laurel Canyon songcraft into a minimalist folk-pop frame.
A0463	Wild Pink	Dulling the Horns	2024	C6	C1	Essential		Wild Pink's rawest, most rock-forward record to date, still carrying the heartland/pedal-steel DNA of their Royal Mountain years.
A0464	Ada Lea	when i paint my masterpiece	2025	C6	C5	Deep cut		Sounds like a late turn toward Cosmic American Music textures for a Montreal songwriter previously closer to art-rock; it sits alongside Kate Bollinger and Courtney Marie Andrews' own Laurel Canyon-leaning records in this lane.
A0465	Arbor Labor Union	Out to Pasture	2025	C6		Deep cut		A compact continuation of Arbor Labor Union's post-Yonder sound, still sounding indebted to the Dead/Allman Brothers vein.
A0466	Cass McCombs	Interior Live Oak	2025	C6		Recommended		Marks McCombs' return to Domino after his ANTI- Records albums, circling back to his earlier songwriting style.
A0467	Cory Hanson	I Love People	2025	C6		Recommended		Bends Hanson's solo catalog toward orchestration that sounds indebted to the classic Nashville Sound.
A0468	Credit Electric	Salvation	2025	C6		Deep cut		Part of the same self-released, Dead-indebted West Coast guitar-band underground as Garcia Peoples and Cass McCombs' looser records.
A0469	Echolalia	Echolalia	2025	C6		Deep cut		Sounds akin to Nashville's instrumentalist-led cosmic country scene (Rich Ruth, Spencer Cullum), taken in a more song-based, psychedelic-pop direction.
A0470	Glyders	Forever	2025	C6		Deep cut		Continues Glyders' Laurel Canyon-indebted harmony songwriting within Chicago's independent DIY scene.
A0471	Hannah Cohen	Earthstar Mountain	2025	C6	C5	Deep cut		Grows out of the Flying Cloud/Sam Evian Catskills recording circle, the upstate-New York studio and label run by her partner.
A0472	Liam Kazar	Pilot Light	2025	C6		Recommended		Continues Kazar's post-Due North songwriting in a mode that sounds indebted to early-'70s Dylan and Paul McCartney.
A0473	Rose City Band	Sol Y Sombra	2025	C6		Essential		The latest chapter in Johnson's long arc from Wooden Shjips/Moon Duo psych-drone to widescreen cosmic country.
A0474	Sam Blasucci	ALL BLUE	2025	C6		Deep cut		Follows Off My Stars in the solo evolution of Mapache member Blasucci away from the duo format.
A0475	Sean Thompson's Weird Ears	Head In The Sand	2025	C6		Recommended		Builds on Thompson's Nashville session career and his earlier Weird Ears EPs into a fuller cosmic-country-jam statement.
A0476	Shrunken Elvis	Shrunken Elvis	2025	C6		Recommended		Sounds akin to Nashville's instrumentalist-led cosmic country, with debts to kosmische and spiritual jazz.
A0477	Silver Synthetic	Rosalie	2025	C6		Recommended		Deepens Silver Synthetic's turn from garage punk toward cosmic country, aligning them with the Curation Records/Beachwood Sparks lineage.
A0478	Whitney	Small Talk	2025	C6		Recommended		A confident late-career synthesis of Whitney's country-soul debut and their more expansive mid-period records.
A0479	Age of Peace	Ode to Life	2026	C6		Deep cut		A hushed, folk-song take on cosmic music that sounds closer to Vashti Bunyan than to full-band jam-rock.
A0480	Angela Autumn	Believer	2026	C6	C3	Recommended		Sounds rooted in Appalachian old-time and bluegrass tradition, recast through the 2020s cosmic-country revival's bigger, more psychedelic production.
A0481	Courtney Marie Andrews	Valentine	2026	C6		Recommended		The latest chapter for a songwriter who stays close to the Cosmic American Music revival this lane tracks, sounding indebted to '70s Ronstadt and Emmylou Harris records.
A0482	Haylie Davis	Wandering Star	2026	C6	X13	Deep cut		A newer voice working directly in the Laurel Canyon/country-rock tradition that feeds this lane, closer to '70s soft rock than jam-band twang.
A0483	Johanna Samuels	Sorry, Kid	2026	C6	C2	Deep cut		Part of the LA singer-songwriter circle overlapping several C6/C5 field-guide artists, working the same funny-sad songwriting vein as the Drag City deadpan school.
A0484	John Andrews & the Yawns	Streetsweeper	2026	C6		Deep cut		The latest entry in Andrews' long-running solo project, which sounds close to Little Wings' loose DIY songwriting.
A0485	Kevin Morby	Little Wide Open	2026	C6		Recommended		Extends Morby's Dead Oceans-era folk-rock songwriting, which sounds indebted to Dylan and cosmic country.
A0486	Mikaela Davis	Graceland Way	2026	C6		Recommended		Continues Davis's arc from harp-led pop toward songwriting that sounds indebted to Laurel Canyon and cosmic country.
A0487	Minor Moon	Live at Thawed Out	2026	C6		Deep cut		A live snapshot of Chicago's small cosmic-country scene, sounding close to the city's guitar-forward underground around acts like Ryley Walker.
A0488	Ora Cogan	Hard Hearted Woman	2026	C6		Recommended		A shift for Cogan from her earlier dream-folk toward country and psych-rock textures that sound akin to the wider cosmic-country revival.
A0489	Spencer Cullum's Coin Collection	Spencer Cullum's Coin Collection 3	2026	C6		Recommended		An English-born Nashville pedal-steel player's solo series, sounding indebted to English folk-rock and pulled into a cosmic-country frame.
A0490	Tyler Ballgame	For The First Time, Again	2026	C6	X13	Deep cut		A newer entry in the '70s soft-rock/country-rock revival that runs alongside this lane's jammier, Dead-descended wing.
A0491	Way Dynamic	Massive Shoe	2026	C6	C1	Recommended		Continues Young's Melbourne chamber-pop lineage established on Duck and So Familiar.
A0492	Kurt Vile	Constant Hitmaker	2008	C7		Deep cut		Grew out of the Philadelphia scene around the War on Drugs, which Vile co-founded; its haze sounds like a direct precursor to the countrygaze and slacker records of the 2010s.
A0493	Kurt Vile	Childish Prodigy	2009	C7		Recommended		Signing to Matador connected Vile's Philly lo-fi scene to the wider indie-rock world, and its sound looks ahead to the 2010s slacker and jangle revival.
A0494	Kurt Vile	God Is Saying This to You...	2009	C7		Deep cut		Part of the same lo-fi Philadelphia tape underground that produced Constant Hitmaker; a bridge into the more full-band Matador era.
A0495	Real Estate	Real Estate	2009	C7		Essential		Sounds indebted to Flying Nun/Feelies-style jangle guitar pop; a key node connecting classic jangle to the 2010s slacker/jangle scene.
A0496	Alex G	Race	2011	C7	C8	Deep cut		Shares the same DIY home-recording aesthetic as Winner, part of the flood of Bandcamp full-lengths that built his cult following before DSU broke through.
A0497	Alex G	Winner	2011	C7	C8	Deep cut		Part of the early-2010s Bandcamp lo-fi boom, the self-released run that fed directly into DSU and the rest of his catalog.
A0498	Dick Diver	New Start Again	2011	C7		Essential		Sounds descended from Flying Nun jangle, by way of Melbourne's Chapter Music scene.
A0499	Kurt Vile	Smoke Ring for My Halo	2011	C7		Essential		Refines the Crazy Horse-and-folk hybrid of Childish Prodigy into the more meditative style that would define his Wakin on a Pretty Daze and B'lieve I'm Goin Down eras.
A0500	Parquet Courts	American Specialties	2011	C7		Deep cut		A direct extension of Pavement's slacker guitar-pop songwriting into a Brooklyn DIY setting.
A0501	Real Estate	Days	2011	C7		Essential		Continues Real Estate's jangle catalog, which sounds indebted to Flying Nun and the Feelies.
A0502	Twerps	Twerps	2011	C7		Recommended		Sounds indebted to Flying Nun jangle-pop and the Go-Betweens/Clean lineage; part of the same 2010s Australian guitar-pop wave as Rolling Blackouts Coastal Fever and The Goon Sax.
A0503	Alex G	Rules	2012	C7	C8	Deep cut		Sits in the same self-released Bandcamp run as Winner and Race, the DIY foundation that eventually caught Orchid Tapes' and then Domino's attention.
A0504	Alex G	Trick	2012	C7	C8	Deep cut		Closes out the self-released Bandcamp era that set up his signing to Orchid Tapes for DSU and eventually Domino Recording Co.
A0505	Mac DeMarco	2	2012	C7		Essential		Sounds indebted to Pavement's shambling guitar pop and Flying Nun-style DIY jangle; its own influence on the 2010s slacker-rock and bedroom-pop wave that followed is well established.
A0506	Parquet Courts	Light Up Gold	2012	C7		Essential		Sounds like the clearest 2010s inheritor of Pavement's slacker guitar-pop songwriting.
A0507	Swearin'	Swearin'	2012	C7		Recommended		Grows out of the same Philadelphia DIY scene as Waxahatchee and Radiator Hospital, with a guitar-pop sound that seems indebted to Pavement and GBV.
A0508	Waxahatchee	American Weekend	2012	C7	C3	Essential		Grows out of the DIY punk and cassette/Bandcamp network Crutchfield came up in, and sounds indebted to the deadpan funny-sad songwriting line; it seeds her entire catalog, including her later, more country-leaning work covered elsewhere in this atlas.
A0509	Courtney Barnett	The Double EP: A Sea of Split Peas	2013	C7	C2	Essential		Grows out of Melbourne's DIY scene and Barnett's own Milk! Records label, the base for the deadpan Australian songwriting wave around her.
A0510	Dick Diver	Calendar Days	2013	C7		Essential		Grew out of Melbourne's Chapter Music scene alongside Boomgates and Twerps; its sound feels like a template for later Melbourne jangle bands such as Chook Race.
A0511	Kurt Vile	Wakin on a Pretty Daze	2013	C7		Essential		Vile was a founding member of The War on Drugs in Philadelphia; his sound here seems descended from Pavement's loose-limbed guitar rock and Neil Young's amp-drone side.
A0512	Radiator Hospital	Something Wild	2013	C7		Recommended		Part of the same Philadelphia DIY network as Swearin' and Waxahatchee, with a lo-fi guitar-pop sound that recalls Guided by Voices.
A0513	Speedy Ortiz	Major Arcana	2013	C7		Essential		Sounds indebted to Guided by Voices/Pavement's loud-quiet guitar-pop songwriting.
A0514	Swearin'	Surfing Strange	2013	C7		Recommended		Continues Swearin's Philadelphia DIY guitar-pop songwriting, which sounds indebted to Pavement and GBV.
A0515	Twin Peaks	Sunken	2013	C7		Deep cut		Rooted in Chicago's teenage DIY scene, with a sound that recalls garage rock and Pavement-style slacker guitar-pop.
A0516	Waxahatchee	Cerulean Salt	2013	C7	C3	Essential		Extends American Weekend's DIY lo-fi songwriting with Swearin'-band muscle; a key transitional record between bedroom-pop slacker rock and Crutchfield's later, more countryish songwriting.
A0517	Alex G	DSU	2014	C7	C8	Essential		The culmination of his self-released Bandcamp period, and the record that plugged him into the Orchid Tapes/bedroom-pop scene before Domino signed him.
A0518	Mac DeMarco	Salad Days	2014	C7		Essential		Refines the '2' blueprint into DeMarco's signature sound; a touchstone for the 2010s jangle/slacker revival.
A0519	Nap Eyes	Whine of the Mystic	2014	C7		Recommended		Sounds indebted to the deadpan funny-sad songwriting line (Silver Jews/Drag City) crossed with VU-style jangle guitar; the start of one of the decade's most consistent guitar-rock runs.
A0520	NE-HI	NE-HI	2014	C7		Recommended		Sounds indebted to Flying Nun/Feelies jangle crossed with garage-rock energy, rooted in Chicago's DIY venue scene.
A0521	Radiator Hospital	Torch Song	2014	C7		Recommended		Continues Radiator Hospital's lo-fi pop-punk songwriting within the Philadelphia DIY scene, with a sound that recalls Guided by Voices.
A0522	Remember Sports	Sunchokes	2014	C7		Deep cut		Sounds indebted to GBV/Pavement guitar-pop songwriting by way of the East Coast DIY scene.
A0523	Say Sue Me	We've Sobered Up	2014	C7		Recommended		Sounds indebted to Flying Nun/Byrds-style jangle-pop, transplanted to the Korean indie scene.
A0524	Twin Peaks	Wild Onion	2014	C7		Recommended		Continuation of Twin Peaks' garage-jangle songwriting, moving toward wider recognition.
A0525	Warehouse	Tesseract	2014	C7		Recommended		Sounds indebted to Sonic Youth's interlocking-guitar vocabulary, part of the Atlanta post-punk/jangle underground.
A0526	Alex G	Beach Music	2015	C7		Recommended		First release for Domino after his Bandcamp/Orchid Tapes run, expanding his cult audience while keeping the same bedroom-pop DNA.
A0527	Car Seat Headrest	Teens of Style	2015	C7		Recommended		Bridges Toledo's run of self-released Bandcamp albums with the full-band Matador era that produced Teens of Denial and beyond.
A0528	Chook Race	About Time	2015	C7		Deep cut		Sounds descended from Flying Nun jangle, within Melbourne's jangle-pop scene.
A0529	Courtney Barnett	Sometimes I Sit and Think, and Sometimes I Just Sit	2015	C7		Essential	Y	Sounds heir to Pavement's talky slacker rock, alongside Australian jangle peers like Dick Diver.
A0530	Kurt Vile	b'lieve i'm goin down...	2015	C7	C2	Recommended		Sounds akin to the Pavement-to-Silver Jews thread of deadpan funny-sad songwriting, in a more folk-inflected register.
A0531	Remember Sports	All of Something	2015	C7		Recommended		The scrappy basement pop-punk starting point of Remember Sports' own arc, which grows toward the more collaborative, fuller songwriting of Slow Buzz and Like a Stone.
A0532	Speedy Ortiz	Foil Deer	2015	C7		Recommended		Continuation of Speedy Ortiz's Pavement/GBV-indebted noise-pop songwriting.
A0533	Twerps	Range Anxiety	2015	C7		Deep cut		Continues Twerps' jangle-pop, which sounds indebted to Flying Nun and the Go-Betweens.
A0534	Waxahatchee	Ivy Tripp	2015	C7	C3	Recommended		Bridges Cerulean Salt's basement sound with a more expansive, era-blurring indie rock palette; part of the same Merge-era run that established Crutchfield as an indie rock and later Americana songwriter.
A0535	Car Seat Headrest	Teens of Denial	2016	C7		Essential	Y	Toledo self-released many albums on Bandcamp before signing to Matador; the result sounds fused with Pavement's slacker irony.
A0536	Casper Skulls	Lips & Skull	2016	C7		Deep cut		Part of Toronto's Buzz Records jangle-pop roster alongside acts like Weaves; a direct forerunner to Mercy Works and Knows No Kindness.
A0537	Chook Race	Around the House	2016	C7		Recommended		Part of the Melbourne DIY jangle-pop scene that also produced Dick Diver and Terry, distributed internationally by the American slacker-rock label Trouble in Mind.
A0538	Hurry	Guided Meditation	2016	C7		Deep cut		Part of Philadelphia's Lame-O Records power-pop circle; the sound is indebted to Big Star and Superchunk.
A0539	Mo Troper	Beloved	2016	C7		Recommended		Sounds squarely indebted to the Guided by Voices four-track power-pop tradition, filtered through the 2010s Portland DIY scene.
A0540	Nap Eyes	Thought Rock Fish Scale	2016	C7		Recommended		Continues the band's jangle songwriting, which sounds indebted to Silver Jews and the Velvet Underground.
A0541	Rolling Blackouts Coastal Fever	Talk Tight	2016	C7		Recommended		Grows out of the Go-Betweens/Triffids strand of Australian jangle-pop filtered through a more driving, Feelies-like guitar interplay.
A0542	Terry	Terry HQ	2016	C7		Deep cut		Grows out of Melbourne's DIY jangle/post-punk scene and sounds related to the same Australian guitar-pop wave as Rolling Blackouts Coastal Fever and Twerps.
A0543	Tony Molina	Confront the Truth	2016	C7		Recommended		A quieter turn from the Weezer/Teenage Fanclub-sounding power pop of Dissed and Dismissed toward the acoustic Big Star and Byrds side of the same lineage.
A0544	Twin Peaks	Down in Heaven	2016	C7		Recommended		Builds on Wild Onion's Chicago garage-jangle sound while sounding newly indebted to '70s classic rock.
A0545	Warehouse	super low	2016	C7		Recommended		Follows directly from Tesseract's jangling post-punk template, refined after the band's move to Bayonet Records.
A0546	Alex G	Rocket	2017	C7	C5	Essential		Broadens the bedroom-pop template of Beach Music with country and folk textures that anticipate his later, more song-oriented Domino albums.
A0547	Casper Skulls	Mercy Works	2017	C7		Recommended		Follows directly from Lips & Skull on Buzz Records, continuing Toronto's jangle-pop lineage into a fuller studio sound.
A0548	Kurt Vile & Courtney Barnett	Lotta Sea Lice	2017	C7	C2	Recommended		A direct collaboration linking the American slacker-guitar lineage (Vile) with the Australian deadpan-songwriter tradition (Barnett), each feeding the other's fanbase.
A0549	Mac DeMarco	This Old Dog	2017	C7		Recommended		Shows the slacker-rock lineage bending toward hushed singer-songwriter territory.
A0550	Mo Troper	Exposure & Response	2017	C7		Essential		Continues the GBV-indebted power-pop songwriting of Beloved, tightening the hooks in a way that anticipates Natural Beauty's more melodic turn.
A0551	NE-HI	Offers	2017	C7		Recommended		Continuation of NE-HI's jangle/garage-rock songwriting within Chicago's DIY scene.
A0552	Pardoner	Uncontrollable Salvation	2017	C7		Recommended		Descends from Pavement/GBV-style shambling guitar-pop crossed with West Coast noise-punk.
A0553	Radiator Hospital	Play "The Songs You Like"	2017	C7		Recommended		Sounds of a piece with the Swearin'/Waxahatchee axis of DIY guitar-pop, sharing its fuzzy, confessional directness.
A0554	Rolling Blackouts Coastal Fever	The French Press	2017	C7		Essential		Bridges Talk Tight's homemade jangle-pop and the fuller, driving sound of Hope Downs, with an interlocking-guitar approach that sounds indebted to the Feelies.
A0555	Terry	Remember Terry	2017	C7		Recommended		Part of the Melbourne DIY scene around Total Control/UV Race members, extending Terry HQ's terse punk-pop into slightly more orchestrated territory.
A0556	Waxahatchee	Out in the Storm	2017	C7		Recommended		The full-band endpoint of Waxahatchee's slacker/DIY period before she moved toward the more countryish Saint Cloud and Tigers Blood.
A0557	Beach Bunny	Prom Queen	2018	C7		Recommended		Grows out of Chicago's DIY guitar-pop scene, sounding kin to acts like Dehd; connects bedroom-pop songwriting to the bigger power-pop sound of the later Blame Game EP.
A0558	Bonny Doon	Longwave	2018	C7	C6	Recommended		Continues the band's hushed country-folk sound on the Woodsist label, sounding close to the broader 2010s Kurt Vile/Real Estate axis.
A0559	Car Seat Headrest	Twin Fantasy (Face to Face)	2018	C7	C2	Essential		A direct remake of Toledo's own Bandcamp-era masterpiece, connecting his DIY lo-fi songwriting roots to his mature full-band sound.
A0560	Courtney Barnett	Tell Me How You Really Feel	2018	C7	C2	Recommended		Follows directly from Sometimes I Sit and Think..., sharpening the same slacker-guitar and deadpan-lyric approach into more overtly political territory.
A0561	Golden Apples	Strong	2018	C7		Deep cut		Sounds akin to the Philadelphia jangle-pop of Hurry and 2nd Grade.
A0562	Kurt Vile	Bottle It In	2018	C7		Recommended		Extends the loose, hypnotic guitar-drone side of his songwriting from Smoke Ring for My Halo, sounding indebted to Crazy Horse's long-form jams.
A0563	Nap Eyes	I'm Bad Now	2018	C7		Recommended		Third album in Nap Eyes' jangle/talk-song lineage, moving toward a bigger label and wider audience.
A0564	Remember Sports	Slow Buzz	2018	C7		Recommended		Continues the Philadelphia DIY-to-power-pop path, sounding of a piece with the later power-pop revival of Lawn and Sharp Pins.
A0565	Rolling Blackouts Coastal Fever	Hope Downs	2018	C7		Essential		Sounds indebted to Antipodean jangle-pop (The Clean, The Go-Betweens); part of the 2010s Australian guitar-pop wave alongside The Goon Sax and Twerps.
A0566	Say Sue Me	Where We Were Together	2018	C7		Recommended		Continues Say Sue Me's jangle-pop songwriting, which sounds indebted to Flying Nun and the Byrds.
A0567	Snail Mail	Lush	2018	C7		Essential		Sounds indebted to 90s and 2000s guitar songwriters like Liz Phair and Rilo Kiley and to the Bandcamp-era DIY scene; it became a touchstone for the wave of young guitar-pop songwriters that followed.
A0568	Soccer Mommy	Clean	2018	C7		Recommended		Grows out of the Bandcamp/DIY bedroom-pop network and 90s alt-rock guitar songwriting; a borderline case whose pop instincts push toward Context-lane crossover on later records.
A0569	Speedy Ortiz	Twerp Verse	2018	C7		Recommended		Continues Speedy Ortiz's noisy, angular guitar-pop lineage from Major Arcana and Foil Deer, tightening the pop hooks without losing the dissonant guitar tangle.
A0570	Swearin'	Fall Into the Sun	2018	C7		Recommended		A return, after a mid-2010s hiatus, to Swearin's own Philadelphia DIY guitar-pop lineage, a scene it shares with Waxahatchee, the project of Allison Crutchfield's twin sister Katie.
A0571	Terry	I'm Terry	2018	C7		Recommended		A continuation of the Melbourne post-punk/pop songwriting of Total Control and UV Race's overlapping membership, staying close to Terry HQ's terse jangle-punk template.
A0572	Tony Molina	Kill the Lights	2018	C7		Essential		Splits the difference between Dissed and Dismissed's full-band crunch and Confront the Truth's acoustic intimacy, still sounding rooted in the Byrds/Big Star power-pop seam.
A0573	Alex G	House of Sugar	2019	C7		Essential		Builds on the genre-collage approach of Rocket while tightening the emotional focus, setting up the more expansive God Save the Animals.
A0574	Mac DeMarco	Here Comes the Cowboy	2019	C7		Deep cut		DeMarco's move to self-release on his own label echoes the DIY spirit this lane traces.
A0575	Truth Club	Not An Exit	2019	C7		Recommended		Grows out of the Pavement/GBV lineage of loud-quiet indie rock filtered through Raleigh's DIY basement scene; feeds directly into the tighter, more melodic songwriting of Running From the Chase.
A0576	Twin Peaks	Lookout Low	2019	C7		Recommended		Later-period Twin Peaks, still rooted in the band's Chicago garage-jangle scene origins.
A0577	2nd Grade	Hit to Hit	2020	C7		Recommended		Sounds directly descended from Guided by Voices' song-fragment power pop, and comes out of the same Philadelphia scene as Hurry and Golden Apples.
A0578	Car Seat Headrest	Making a Door Less Open	2020	C7		Recommended		A deliberate break from the Crazy Horse and jangle-rock guitar sound of Teens of Denial, showing the DIY-to-major-indie pipeline can still take creative risks.
A0579	Jon McKiel	Bobby Joe Hope	2020	C7	C6	Recommended		Part of the You've Changed Records roster connecting Maritime Canada's indie scene to the wider lo-fi/jangle underground; feeds into Hex's continued collaboration with Jay Crocker.
A0580	Kiwi Jr.	Football Money	2020	C7		Recommended		Grows out of Toronto's DIY guitar-pop scene and the Pavement/Guided by Voices lineage; set up the band's jump to Sub Pop for Cooler Returns and Chopper.
A0581	Lawn	Johnny	2020	C7		Recommended		Sits between Lawn's earlier, more post-punk-tinged material and the tighter power pop of Bigger Sprout and God Made The Highway.
A0582	Mo Troper	Natural Beauty	2020	C7		Essential		A more melodically direct turn from Troper's earlier GBV-style scrappiness, sounding closer to the Kinks and Teenage Fanclub end of the power-pop lineage.
A0583	Nap Eyes	Snapshot of a Beginner	2020	C7		Recommended		Continues the band's jangle/talk-song lineage into a fourth album.
A0584	Rolling Blackouts Coastal Fever	Sideways to New Italy	2020	C7		Recommended		Sounds like second-generation Flying Nun-indebted jangle-pop, continuing the band's refinement of the sound.
A0585	Slow Pulp	Moveys	2020	C7	C4	Recommended		Grows out of Slow Pulp's Chicago/Madison shoegaze-pop beginnings, a lighter, poppier cousin to Wednesday's countrygaze template.
A0586	Beach Bunny	Blame Game	2021	C7		Recommended		Continues the Chicago guitar-pop lineage of Prom Queen, sharpening the hooks as the band's audience grew.
A0587	Casper Skulls	Knows No Kindness	2021	C7		Recommended		The most developed entry in Casper Skulls' Buzz Records run, later followed by Kit-Cat on Next Door Records.
A0588	Courtney Barnett	Things Take Time, Take Time	2021	C7		Deep cut		Barnett's songwriting, which sounds indebted to Pavement, softened toward indie-pop.
A0589	Ducks Ltd.	Modern Fiction	2021	C7		Recommended		Comes out of the Toronto DIY scene and sounds indebted to the Flying Nun/Go-Betweens jangle-pop lineage; set up Harm's Way's fuller studio sound.
A0590	The Goon Sax	Mirror II	2021	C7		Essential		Founding member Louis Forster is the son of the Go-Betweens' Robert Forster; the band's jangle sounds descended from the Go-Betweens and Flying Nun.
A0591	Hovvdy	True Love	2021	C7	C5	Recommended		Sounds descended from the lo-fi college-radio-to-Bandcamp lineage of Duster and Alex G.
A0592	Hurry	Fake Ideas	2021	C7		Recommended		Sounds indebted to Big Star and Superchunk, filtered through the Philadelphia DIY scene.
A0593	Kiwi Jr.	Cooler Returns	2021	C7		Recommended		Sounds directly indebted to Pavement and Guided by Voices.
A0594	Major Murphy	Access	2021	C7		Recommended		Sounds indebted to Big Star/Flying Nun jangle-pop songwriting by way of the Midwest DIY circuit.
A0595	Pardoner	Came Down Different	2021	C7		Recommended		Continuation of Pardoner's Pavement/GBV-descended noisy slacker-pop songwriting.
A0596	Remember Sports	Like a Stone	2021	C7		Essential		The most ambitious entry in Remember Sports' arc from scrappy basement pop-punk (All of Something) toward richly arranged power pop.
A0597	Snail Mail	Valentine	2021	C7		Recommended		Second chapter of Snail Mail's slacker-to-art-pop evolution.
A0598	2nd Grade	Easy Listening	2022	C7		Recommended		Continues Peter Gill's GBV-indebted power-pop songwriting, part of Philadelphia's power-pop revival alongside Hurry.
A0599	Alex G	God Save the Animals	2022	C7	C8	Essential		Grew out of Bandcamp-era home recording; its fragmentary lo-fi songcraft sounds indebted to Guided by Voices and Elliott Smith.
A0600	The Beths	Expert in a Dying Field	2022	C7		Recommended		Sounds akin to the New Zealand jangle-pop tradition around Flying Nun, crossed with American power pop.
A0601	The Bug Club	Green Dream in F#	2022	C7		Recommended		Sounds of a piece with the UK DIY garage-pop underground that runs parallel to the American slacker/jangle revival; the band later signed to Sub Pop.
A0602	Dazy	OUTOFBODY	2022	C7		Recommended		Sounds indebted to Big Star and Fountains of Wayne melodicism, blown out with fuzz-pedal DIY energy.
A0603	Graham Hunt	If You Knew Would You Believe It?	2022	C7		Deep cut		Part of Hunt's ongoing self-released Bandcamp catalog that runs from lo-fi power pop through to the more studio-polished American Pyramid.
A0604	Horsegirl	Versions of Modern Performance	2022	C7	C9	Essential		Sounds indebted to Pavement and Sonic Youth's guitar interplay, filtered through Chicago's all-ages DIY scene.
A0605	Joe Glass	Slither	2022	C7		Deep cut		Sounds of a piece with the Chicago-area DIY power-pop underground around Lifeguard and Sharp Pins, sharing their Nuggets-inspired hooks.
A0606	Kiwi Jr.	Chopper	2022	C7		Deep cut		Continues the band's jangle, which sounds descended from Pavement and GBV.
A0607	Kurt Vile	Watch My Moves	2022	C7		Recommended		A return to the DIY, self-produced instincts of his earliest lo-fi tapes, now filtered through two decades of studio experience.
A0608	Lawn	Bigger Sprout	2022	C7		Recommended		Sounds indebted to the Big Star power-pop line crossed with post-punk tension, part of the mid-2020s power-pop revival.
A0609	Mo Troper	MTV	2022	C7		Recommended		Direct descendant of the Big Star/Teenage Fanclub power-pop lineage, part of the 2020s power-pop revival alongside Sharp Pins and Lawn.
A0610	Rolling Blackouts Coastal Fever	Endless Rooms	2022	C7		Recommended		Shows the band stretching its Flying Nun-indebted jangle sound toward denser, more textured arrangements.
A0611	Say Sue Me	The Last Thing Left	2022	C7		Recommended		Continues the Busan band's pristine throwback indie-pop, which sounds close to Alvvays, turning inward after Where We Were Together.
A0612	Why Bonnie	90 In November	2022	C7	C1	Recommended		A Texas band's move from dream pop toward a more country-and-alt-rock-inflected sound, resembling the wider indie-twang turn without being a straight country record.
A0613	Zook	Evergreen	2022	C7		Deep cut		Part of the DIY/Bandcamp jangle-pop network this lane traces from Flying Nun and college radio.
A0614	Bonny Doon	Let There Be Music	2023	C7	C2	Recommended		Slacker-folk that sounds indebted to the Silver Jews and Palace, filtered through Detroit's indie scene.
A0615	The Bug Club	Rare Birds: Hour of Song	2023	C7		Deep cut		Continues the band's garage sound, which sounds indebted to Nuggets, at maximalist length.
A0616	Diners	DOMINO	2023	C7		Recommended		Moves Broderick's earlier lo-fi Diners records toward the wider power-pop revival, sounding indebted to Petty, Big Star and Fountains of Wayne.
A0617	Golden Apples	Bananasugarfire	2023	C7		Deep cut		Big Star melodicism via Philadelphia's power-pop revival.
A0618	Graham Hunt	Try Not To Laugh	2023	C7		Deep cut		Sits between If You Knew Would You Believe It? and Timeless World Forever in Hunt's self-released discography.
A0619	Hotline TNT	Cartwheel	2023	C7	X9	Recommended		Sits between shoegaze fuzz and the jangle-pop tradition, sounding indebted to Guided by Voices' song-fragment economy.
A0620	King Tuff	Smalltown Stardust	2023	C7		Deep cut		King Tuff's catalog runs from 2000s garage-punk through Sub Pop glam-rock; Smalltown Stardust pulls him into the same jangly, twang-adjacent revival as his 2010s peers.
A0621	Liquid Mike	S/T	2023	C7		Recommended		A Marquette, Michigan strain of pop-punk-inflected power pop, indebted to Fountains of Wayne's hook density and 1990s Midwest punk energy.
A0622	Mac DeMarco	Five Easy Hot Dogs	2023	C7		Deep cut		Extends the bedroom-pop haze of his Captured Tracks records into instrumental territory, closer to Jim O'Rourke's ambient side than to Pavement.
A0623	Sharp Pins	Turtle Rock	2023	C7		Recommended		Sounds indebted to the Big Star power-pop lineage by way of lo-fi, self-recorded bedroom pop.
A0624	Slow Pulp	Yard	2023	C7	C4	Essential		Extends Moveys' shoegaze-pop into more overtly Americana-tinged territory, sounding close to the countrygaze lineage of Wednesday and Great Grandpa.
A0625	Speedy Ortiz	Rabbit Rabbit	2023	C7		Recommended		The most expansive entry in Speedy Ortiz's noisy indie-rock lineage from Major Arcana onward, still rooted in the same angular guitar tangle.
A0626	Superviolet	Infinite Spring	2023	C7		Essential		A Columbus, Ohio power-pop project in the Teenage Fanclub/Superchunk lineage, part of the same 2020s power-pop revival as Sharp Pins and Hurry.
A0627	Terry	Call Me Terry	2023	C7		Recommended		A late-period expansion of the same Melbourne art-punk lineage, sharing members with Total Control and UV Race, that produced Terry HQ.
A0628	Truth Club	Running From the Chase	2023	C7		Essential		Continues Truth Club's basement-scene, Pavement/GBV-descended jangle-and-noise songwriting into a more polished, emotionally direct register.
A0629	The Tubs	Dead Meat	2023	C7		Recommended		Direct descendant of classic jangle-pop (The Feelies, early R.E.M., Flying Nun bands).
A0630	Video Age	Away From The Castle	2023	C7		Recommended		Descends from breezy 70s pop-rock songwriting filtered through 2010s New Orleans indie pop.
A0631	2nd Grade	Scheduled Explosions	2024	C7		Essential		The latest entry in 2nd Grade's GBV/Big Star-indebted-sounding power-pop project, part of Philadelphia's mid-2020s jangle-pop scene.
A0632	The Bug Club	On the Intricate Inner Workings of the System	2024	C7	C9	Recommended		Sounds indebted to Nuggets garage and the talky deadpan of Jonathan Richman and the Modern Lovers.
A0633	Ducks Ltd.	Harm's Way	2024	C7		Essential		Builds on Modern Fiction's jangle foundation with a bigger, more collaborative studio sound.
A0634	FOOTBALLHEAD	Overthinking Everything	2024	C7		Deep cut		Released on Tiny Engines, a label historically associated with emo and twangy emo crossovers, connecting it to the C9 emo-crossover lane as well as straight power pop.
A0635	Golomb	Love	2024	C7		Deep cut		Sounds of a piece with the current Midwest DIY noise-rock underground where it overlaps with the slacker/jangle scene at its loudest edge.
A0636	Hovvdy	Hovvdy	2024	C7		Deep cut		Continues Hovvdy's lo-fi slacker-pop arc toward fuller production.
A0637	Jon McKiel	Hex	2024	C7	C6	Recommended		Continues the Crocker/McKiel partnership begun on Bobby Joe Hope, part of the same You've Changed Records lineage.
A0638	lake j	Dizzy	2024	C7		Recommended		A solo offshoot of Twin Peaks' garage-jangle songwriting, filtered through cleaner electronic production.
A0639	Major Murphy	Fallout	2024	C7	C6	Recommended		Extends Major Murphy's own hybrid of 1990s indie rock and 1970s soft-rock songwriting established on Access, sounding indebted to Big Star's more orchestrated moments.
A0640	Nap Eyes	The Neon Gate	2024	C7		Recommended		Latest chapter in Nap Eyes' jangle songwriting, which sounds indebted to Silver Jews and the Velvet Underground.
A0641	Rui Gabriel	Compassion	2024	C7		Recommended		A solo power-pop outlet that sounds indebted to Wilco's Summerteeth-era studio pop.
A0642	This Is Lorelei	Box for Buddy, Box for Star	2024	C7		Essential		Sounds indebted to Big Star power-pop songwriting, filtered through home-recorded, synth-augmented indie pop.
A0643	Wishy	Triple Seven	2024	C7		Recommended		Sounds indebted to the Big Star power-pop line crossed with 90s alt-rock guitar tones.
A0644	Alex G	Headlights	2025	C7		Recommended		Continues Alex G's arc from Bandcamp lo-fi into a wider, still jangle-rooted indie-pop palette.
A0645	Astrachan	Signs	2025	C7		Deep cut		Sounds of a piece with Chicago acts like Smushie and Shoulderbird, connecting classic-rock revivalism to the current power-pop/jangle underground.
A0646	The Belair Lip Bombs	Again	2025	C7		Recommended		Sounds indebted to Melbourne's interlocking-guitar jangle rock in the Rolling Blackouts C.F. mold, now on Third Man Records' power-pop and garage-rock roster.
A0647	The Bug Club	Very Human Features	2025	C7		Recommended		Continues the band's garage-punk-to-power-pop evolution begun on Green Dream in F#, now filtered through a major indie label's reach.
A0648	Car Seat Headrest	The Scholars	2025	C7		Recommended		A return to the anthemic guitar-rock lineage of Teens of Denial after the band's synth-pop experiment, keeping Toledo's literary songwriting intact.
A0649	Cash Langdon	Dogs	2025	C7	C2	Recommended		Sounds indebted to Neil Young & Crazy Horse fuzz, with Wilco's Americana-pop as a touchstone.
A0650	Casper Skulls	Kit-Cat	2025	C7		Recommended		Continues the jangle-pop lineage established on Buzz Records, now on Next Door Records with a warmer, more assured sound.
A0651	The Convenience	Like Cartoon Vampires	2025	C7		Deep cut		Part of New Orleans' current jangle/slacker cluster alongside Lawn.
A0652	Frog	1000 Variations On the Same Song	2025	C7	C2	Recommended		A long-running New York DIY act that sounds indebted to Drag City-style funny-sad songwriting, filtered through the lo-fi Bandcamp underground.
A0653	Golden Apples	Shooting Star	2025	C7		Recommended		Sounds indebted to Big Star and Elephant 6 melodicism, sitting within Philadelphia's current power-pop scene.
A0654	Golomb	The Beat Goes On	2025	C7		Deep cut		Sounds indebted to Pavement's loose song-suite structure and Built to Spill's guitar interplay.
A0655	Good Flying Birds	Talulah's Tape	2025	C7		Deep cut		Sounds indebted to Guided by Voices and Beat Happening's DIY-jangle lineage.
A0656	Graham Hunt	Timeless World Forever	2025	C7		Deep cut		Part of Hunt's ongoing solo catalog that runs directly into American Pyramid's bigger studio sound.
A0657	Horsegirl	Phonetics On and On	2025	C7		Recommended		Continues Horsegirl's post-punk and jangle sound, akin to Pavement, toward cleaner pop songwriting.
A0658	Lawn	God Made The Highway	2025	C7		Essential		Continues Lawn's power-pop/post-punk hybrid songwriting into a bigger, punchier register.
A0659	Mac DeMarco	Guitar	2025	C7		Recommended		A return to the vocal jangle-pop songwriting of Salad Days and This Old Dog after an instrumental record, still rooted in his Captured Tracks-era slacker sound.
A0660	Neu Blume	Let It Win	2025	C7		Recommended		Sounds indebted to the DIY jangle/college-radio line (Big Star, Flying Nun), filtered through 2020s Midwest indie rock.
A0661	Sharp Pins	Balloon Balloon Balloon	2025	C7		Recommended		Extends Sharp Pins' Nuggets/Big Star-sounding jangle-pop into a longer, more song-crammed format, released through K Records and Perennial.
A0662	Sharp Pins	Radio DDR	2025	C7		Recommended		Follows Turtle Rock in the 1960s-garage-into-Big-Star jangle-pop lineage; its release through K Records/Perennial places it in a long-running indie-pop label network.
A0663	This Is Lorelei	Holo Boy	2025	C7		Recommended		A deliberate reconnection to Amos's earlier lo-fi Bandcamp songwriting, following Box for Buddy, Box for Star.
A0664	The Tubs	Cotton Crown	2025	C7		Recommended		Continues The Tubs' jangle-pop, which sounds indebted to '80s British and Antipodean guitar pop.
A0665	Zook	Evaporating	2025	C7		Recommended		Continues Zook's homemade jangle/synth-pop hybrid songwriting, which sounds indebted to Pavement's slacker guitar-pop.
A0666	2nd Grade	Girls and Boys	2026	C7		Recommended		Gill's membership in Friendship ties 2nd Grade to the same Philadelphia scene as Friendship and Hurry; the songwriting sounds indebted to Big Star and Guided by Voices.
A0667	Bullseye	Bullseye	2026	C7		Deep cut		Signed to the New York label Ever/Never, which ties the band into the current DIY jangle/twang underground.
A0668	Casual Technicians	Well Once There Was A King	2026	C7	C5	Deep cut		Sounds indebted to the lo-fi, kitchen-sink home-taping tradition of GBV and Sebadoh, filtered through a 2020s Bandcamp DIY sensibility.
A0669	Feller	Sound Colored Penny	2026	C7		Deep cut		Released via Fire Talk's Angel Tapes imprint, which ties the band into the current DIY guitar-pop underground.
A0670	Graham Hunt	American Pyramid	2026	C7		Recommended		Hunt's self-released catalog moving from bedroom recording toward a bigger studio sound while keeping the same playful, hook-heavy songwriting.
A0671	Hiding Places	The Secret To Good Living	2026	C7	C4	Deep cut		Formed within North Carolina's twang-and-shoegaze scene before relocating to Brooklyn; its sound sits between C4 countrygaze and straighter, heavier guitar rock.
A0672	Jackie West	Silent Century	2026	C7		Deep cut		Part of the same small Brooklyn songwriter-collaborator scene as Adeline Hotel, Office Culture and The Bird Calls.
A0673	Joe Glass	Snakewards	2026	C7		Deep cut		Sounds indebted to Nuggets-era garage rock and '90s indie jangle.
A0674	kitship	am i a rock?	2026	C7	C5	Deep cut		Sounds akin to the current Chicago Bandcamp slacker/lo-fi network around acts like Sharp Pins.
A0675	Liz Cooper	New Day	2026	C7		Recommended		Sounds like a former jam/psych-rock guitarist moving toward a more concise, jangle-adjacent indie-pop songwriting style.
A0676	Remember Sports	The Refrigerator	2026	C7		Recommended		Latest chapter of Remember Sports' Philadelphia DIY power-pop lineage.
A0677	Slow Pulp	Melodie	2026	C7	C4	Recommended		A continuation of Yard's shoegaze-meets-Americana synthesis, pushing further into polished, radio-ready alt-rock.
A0678	Snail Mail	Ricochet	2026	C7		Recommended		Continues Snail Mail's own lineage from Lush through Valentine, staying within confessional, guitar-led jangle-pop songwriting.
A0679	Sunday Mourners	A-Rhythm Absolute	2026	C7		Recommended		A direct 2020s continuation of the Flying Nun/C86 jangle lineage that runs through this whole lane.
A0680	The Tubs	Hard Life	2026	C7		Essential		Builds directly on Dead Meat and Cotton Crown's jangle-pop songwriting, deepening the band's British folk-jangle hybrid.
A0681	Wishy	Nature's Pill	2026	C7	C4	Recommended		Continues Wishy's fusion of shoegaze guitar-wall production with 1990s power-pop songwriting established on Triple Seven.
A0682	Horse Jumper of Love	Horse Jumper of Love	2016	C8		Recommended		Sounds indebted to Duster and Codeine-style slowcore fed through a melodic, riff-driven Boston indie-rock lens; precedes the band's run of Run for Cover albums.
A0683	Dead Sullivan	Imbecile	2017	C8		Deep cut		A direct predecessor to Teethe, tying Dead Sullivan to the same Texas slowcore lineage that runs through this lane.
A0684	Friendship	Shock Out of Season	2017	C8		Deep cut		Early Philadelphia-era record; the twisted, ambient-pedal-steel take on Americana heard on Friendship's later Merge records seems to start here.
A0685	Lomelda	Thx	2017	C8	C5	Recommended		An early Lomelda record and precursor to M for Empathy and Hannah; its hushed songs sound akin to the 2010s Bandcamp folk scene.
A0686	Widowspeak	Expect the Best	2017	C8		Recommended		Follows All Yours and lays groundwork for the country-tinged twang that deepens on Plum and The Jacket.
A0687	Low	Double Negative	2018	C8	V12	Essential		A late-career reinvention of Low's own slowcore template, pushed into noise and glitch textures that resemble what younger hushed and noise-leaning bands were exploring in the 2010s.
A0688	Duster	Duster	2019	C8	V12	Recommended		A 2019 reunion by a 1990s V12 band that lands squarely in the modern slowcore revival it helped inspire; filed primary in C8 with V12 as secondary.
A0689	Friendship	Dreamin'	2019	C8		Recommended		A bridge between Friendship's rougher early records and the fuller Merge albums to come; its unhurried, country-inflected hush sounds akin to Lomelda.
A0690	Horse Jumper of Love	So Divine	2019	C8		Recommended		First album for Run for Cover, the label that would house the band through its most acclaimed run; still sounds indebted to Duster/Codeine slowcore.
A0691	Lomelda	M for Empathy	2019	C8	C5	Deep cut		The quietest turn in Lomelda's catalog between Thx and Hannah, sounding akin to the hushed Texas and Bandcamp folk of the 2010s.
A0692	Lomelda	Hannah	2020	C8	C5	Essential	Y	Consolidates the hushed songwriting of Thx and M for Empathy into a fuller sound.
A0693	Squirrel Flower	I Was Born Swimming	2020	C8	C1	Recommended		An early, quieter entry in a catalog that grows steadily louder and sounds more countrygaze-indebted with each release.
A0694	Teethe	Teethe	2020	C8		Deep cut		Sounds rooted in Texas DIY slowcore; a rawer predecessor to the more polished Magic of the Sale.
A0695	Widowspeak	Plum	2020	C8		Recommended		Follows Expect the Best and precedes The Jacket in Widowspeak's later-career turn toward a twangier, more overtly country-inflected version of their dream-pop sound.
A0696	Bnny	Everything	2021	C8		Recommended		The record that established Bnny's hushed, grief-soaked sound, setting up the fuller-band, more shoegaze-inflected One Million Love Songs.
A0697	Friendship	Love the Stranger	2022	C8		Essential	Y	Friendship's move to Merge after earlier small-label records carried their slow-burn, country-tinged indie rock to a wider audience.
A0698	hemlock	Talk Soon	2022	C8		Recommended		Early, fully self-recorded hemlock LP that establishes the hushed, song-a-day approach Chauffe later builds on; sounds close to Lomelda's plainspoken Texas hush.
A0699	Horse Jumper of Love	Natural Part	2022	C8		Recommended		Continues the band's Run for Cover run; sounds akin to Duster and Bedhead and sits among 2020s slowcore revival bands.
A0700	The Namby Pamby	Marketplace	2022	C8		Deep cut		A small-market Midwest counterpart to the slowcore-adjacent bands (Horse Jumper of Love, Teethe) this lane tracks.
A0701	Widowspeak	The Jacket	2022	C8		Recommended		The most explicitly twangy Widowspeak record, extending the country turn begun on Plum.
A0702	Cantuckee	Sounds	2023	C8	C5	Deep cut		A side outlet for villagerrr's songwriter, sharing that band's hushed, homespun sound.
A0703	Fog Lake	Midnight Society	2023	C8		Recommended		Part of Powell's long-running, prolific solo bedroom-folk catalog; sounds like a lo-fi Canadian counterpart to the American hushed-twang scene this lane tracks.
A0704	Hataałii	Singing Into Darkness	2023	C8		Recommended		First widely heard record from Hataałii; establishes the slow, serene surf-country sound he expands on Waiting for a Sign and I'll Be Around.
A0705	Horse Jumper of Love	Heartbreak Rules	2023	C8		Deep cut		A steady continuation of the band's Run for Cover-era sound between Natural Part and Disaster Trick.
A0706	Meernaa	I Believe In You	2023	C8		Deep cut		Extends Meernaa's hushed songwriting, which sounds suspended between Duster-style haze and modern indie folk.
A0707	Sluice	Radial Gate	2023	C8		Recommended		Sounds akin to the Durham/Triangle DIY folk-rock circle around Fust; its hushed, country-tinged songwriting leads into Companion.
A0708	22º Halo	Lily of the Valley	2024	C8	C5	Deep cut		Sounds akin to Philadelphia's hushed, homemade strand of indie folk.
A0709	Bloomsday	Heart of the Artichoke	2024	C8	C5	Recommended		Sounds akin to the hushed-folk collaborator network around Babehoven and Lomelda.
A0710	Bnny	One Million Love Songs	2024	C8		Recommended		Continues the grief-driven songwriting of Everything with a fuller, noisier Chicago band sound.
A0711	Fine	Rocky Top Ballads	2024	C8		Deep cut		Part of the current hushed-twang wave that pairs slowcore dynamics with bluegrass instrumentation, in the vein of Duster-descended acts.
A0712	Hataałii	Waiting for a Sign	2024	C8		Recommended		Second Dangerbird Records LP, continuing the hushed, ornate Americana Hataałii built on Singing Into Darkness.
A0713	hemlock	444	2024	C8		Essential		hemlock's most fully-realized full-band record to date, built from years of solo song-a-day recordings; a direct peer to Lomelda and Little Mazarn's Texas/Midwest hushed-folk circle.
A0714	hemlock	amen!	2024	C8		Deep cut		Bridges hemlock's earlier solo phone-fi work and the full-band 444; sounds rooted in the same Texas hushed-folk orbit as Lomelda.
A0715	Horse Jumper of Love	Disaster Trick	2024	C8		Recommended		The band's most recent full-length, continuing its Run for Cover run as one of the most visible modern slowcore-adjacent groups.
A0716	Little Kid	A Million Easy Payments	2024	C8		Recommended		Toronto songwriter Kenny Boothby's project shares Orindal Records with Friendship and sounds akin to that label's quiet, folk-leaning roster.
A0717	Loving	Any Light	2024	C8		Deep cut		A Canadian counterpart to the hushed American folk-rock this lane tracks, working at its own unhurried pace outside any particular scene.
A0718	vega	trust me, i'm trying	2024	C8		Recommended		Sounds akin to the Burlington, Vermont DIY scene around Greg Freeman that feeds this lane's softer end.
A0719	Clifford	Golden Caravan	2025	C8		Deep cut		Sounds akin to the Boston indie-rock underground of Horse Jumper of Love, mixing slowcore heaviness with a lighter, country-tinged jangle.
A0720	Finnish Postcard	Body	2025	C8		Deep cut		Sits at the emo-adjacent, slowcore-leaning edge of this lane, closer to Horse Jumper of Love and Joyer than to overt twang.
A0721	Friendship	Caveman Wakes Up	2025	C8		Essential		Continues Friendship's slow, twang-inflected songwriting with more polish and range, staying rooted in the same understated, funny-sad register.
A0722	h. pruz	Red sky at morning	2025	C8	C5	Recommended		Sounds akin to the Florist/Told Slant hushed-folk orbit that also feeds the C8 lane.
A0723	Hataałii	I'll Be Around	2025	C8		Deep cut		Third full-length, moving from Dangerbird to the Panther Mountain imprint while keeping the same hushed, baritone-led sound.
A0724	Hour	Subminiature	2025	C8		Deep cut		A touring-diary document in Hour's catalog before Ghost Bridge, part of the same Dear Life Records world as Cormier-O'Leary's band Friendship.
A0725	Joyer	On the Other End of the Line...	2025	C8		Recommended		Its pull toward folk and twang, after a more purely shoegaze-pop prior record, sounds akin to Horse Jumper of Love and places it at this lane's edge.
A0726	Little Mazarn	Mustang Island	2025	C8		Recommended		Austin's Little Mazarn sounds rooted in the same hushed, Texas folk network as Lomelda and hemlock, following Texas River Song.
A0727	lots of hands	into a pretty room	2025	C8		Recommended		Shares Fire Talk Records with Bnny and Fran, part of that label's hushed, home-recorded strand of indie rock.
A0728	Maneka	bathes and listens	2025	C8		Recommended		McKnight (formerly of Speedy Ortiz and Grass Is Green) built Maneka as a showcase for genre-crossing songwriting; the slowcore passages sound akin to Horse Jumper of Love and Joyer.
A0729	Otto Benson	Peanut	2025	C8		Recommended		Released through the WNOADIARWB collective; its hushed, pedal-steel-laced sound is akin to Friendship and Lomelda's country-tinged quiet.
A0730	Perren	The Spot	2025	C8		Deep cut		A small, self-recorded entry in the same breezy, low-key bedroom-folk vein as klark sound and kitship.
A0731	Teethe	Magic of the Sale	2025	C8		Recommended		Teethe's sophomore LP, refining the slow, hushed sound of their self-titled debut with richer, more country-tinged arrangements.
A0732	Babehoven	I See Them, I See Me	2026	C8	C5	Recommended		Babehoven's move toward a fuller, more countrified sound, still close to the hushed-folk network of this lane.
A0733	Hana Stretton	tiarn	2026	C8		Deep cut		A quieter, ambient-leaning entry that sounds akin to the modern hushed-folk scene this lane tracks.
A0734	Hour	Ghost Bridge	2026	C8		Deep cut		Cormier-O'Leary also plays in Friendship, and Hour shares Dear Life Records with that Philadelphia deadpan/slowcore circle.
A0735	Shabason & Krgovich	Four Days in June	2026	C8	C6	Recommended		Sounds indebted to '90s pop-country and Cosmic American touchstones while keeping the duo's own understated, plainspoken songwriting.
A0736	Shep Treasure	Blanket	2026	C8		Deep cut		Follows Shep Treasure's earlier EPs; its hushed, murky sound is akin to Joyer's East Coast DIY folk-rock.
A0737	Sluice	Companion	2026	C8		Recommended		A follow-up to Radial Gate, deepening Sluice's hushed, conversational folk-rock.
A0738	vega	beacon, how blue	2026	C8		Deep cut		Second vega LP, continuing Molly Meehan's plainspoken, gently twangy Burlington indie-folk songwriting.
A0739	Widowspeak	Roses	2026	C8		Recommended		Follows Widowspeak's quieter Captured Tracks albums (Expect the Best, Plum, The Jacket), continuing what sounds like a late-career drift from dream pop toward the C8 sound.
A0740	Hop Along	Get Disowned	2012	C9		Recommended		Originally released on Hot Green Records; its emo-adjacent songwriting sounds like an antecedent to later Core bands such as Cusp.
A0741	Pinegrove	Meridian	2012	C9		Deep cut		Grew out of New Jersey DIY house shows; the seed that Cardinal refined into an alt-country/emo hybrid that later Core bands sound indebted to.
A0742	Hop Along	Painted Shut	2015	C9		Recommended		First Hop Along album on Saddle Creek; sounds like an antecedent to the emotionally direct, character-driven indie rock of younger Core bands such as Cusp and Wednesday.
A0743	Pinegrove	Cardinal	2016	C9		Essential	Y	Followed the self-released Meridian and the Everything So Far anthology; its blend of Crazy Horse-lite guitar and confessional emo phrasing is echoed by Slaughter Beach, Dog, Cusp and other Core bands.
A0744	Slaughter Beach, Dog	Welcome	2016	C9		Recommended		Jake Ewald's post-Modern Baseball project, moving from pop-punk toward the alt-country and heartland-rock songwriting of Slaughter Beach, Dog's later records.
A0745	Strange Ranger	Rot Forever	2016	C9	C7	Deep cut		The starting point of what became Strange Ranger's emo-twang crossover songwriting; it sounds akin to the Tiny Engines-adjacent DIY scene of bands like Free Cake for Every Creature.
A0746	Slaughter Beach, Dog	Birdie	2017	C9		Recommended		Follows Welcome; continues the band's move from Modern Baseball-adjacent emo toward a full alt-country and heartland-rock sound.
A0747	Strange Ranger	Daymoon	2017	C9	C7	Deep cut		Continues the twangy emo-crossover songwriting begun as Sioux Falls, moving toward the fuller sound of Remembering the Rockets.
A0748	Hop Along	Bark Your Head Off, Dog	2018	C9		Recommended		Third full-length from the Philadelphia band; its emo-to-indie-rock arc sounds akin to fellow Philadelphia acts like Slaughter Beach, Dog.
A0749	Pinegrove	Skylight	2018	C9		Recommended		Bridges Cardinal and the Rough Trade era; released independently in 2018 after the band's hiatus.
A0750	Slaughter Beach, Dog	Safe and Also No Fear	2019	C9		Recommended		Third LP; deepens the alt-country storytelling of Welcome and Birdie with more ambitious production.
A0751	Strange Ranger	Remembering the Rockets	2019	C9	C7	Recommended		The culmination of Strange Ranger's twangy emo-crossover songwriting before the band moved toward electronic textures on later records.
A0752	Pinegrove	Marigold	2020	C9		Recommended		First album on Rough Trade, following the band's independent years; represents the emo-twang crossover moving toward a more polished, festival-ready sound.
A0753	Sinai Vessel	Ground Aswim	2020	C9		Recommended		Follows the more emo-scaled Brokenlegged; sounds like a step toward the twangier indie rock of the Core.
A0754	Slaughter Beach, Dog	At the Moonbase	2020	C9		Deep cut		Follows Safe and Also No Fear in the band's run on Lame-O Records.
A0755	Home Is Where	i became birds	2021	C9		Essential		Set the template for the band's fusion of American Football-style emo with country and folk instrumentation that the whaler expanded on.
A0756	Oceanator	Nothing's Ever Fine	2022	C9		Recommended		Sounds descended from 2000s emo and pop-punk filtered through 2020s indie-rock production, close in spirit to the emo-twang crossover of bands like Strange Ranger.
A0757	Pinegrove	11:11	2022	C9		Recommended		Second Rough Trade album; continues the band's move from DIY confessional songwriting toward larger, more communal themes.
A0758	Cusp	You Can Do It All	2023	C9		Recommended		Sounds close to the Chicago emo-twang axis of Friko and to Warehouse, Mothers and Ovlov.
A0759	Home Is Where	the whaler	2023	C9		Essential	Y	Second LP, following the breakout i became birds; sounds like proof the emo-twang crossover extends beyond the Wednesday/MJ Lenderman axis, alongside Cusp and Twine.
A0760	Slaughter Beach, Dog	Crying, Laughing, Waving, Smiling	2023	C9		Essential		Fifth full-length; the fullest, most settled version yet of the alt-country songwriting Ewald began developing after Modern Baseball.
A0761	Strange Ranger	Pure Music	2023	C9	C7	Essential		A return to guitar-based twangy indie rock after a synth-pop detour, closing the band's arc from Rot Forever through Remembering the Rockets.
A0762	Friko	Where We've Been, Where We Go From Here	2024	C9		Essential		Emerged from Chicago's DIY scene; folds Midwest emo's emotional extremity into anthemic indie rock that sounds as close to Broken Social Scene and Neutral Milk Hotel as to twangier Core peers.
A0763	Sinai Vessel	I SING	2024	C9		Recommended		Third full-length; the clearest example yet of Sinai Vessel's drift from emo toward Americana-inflected indie rock.
A0764	Twine	New Old Horse	2024	C9		Essential		Sounds indebted to Unwound and Fugazi's post-hardcore dynamics, carried into the twangier, string-laced emo of the 2020s Core scene.
A0765	Cusp	What I Want Doesn't Want Me Back	2025	C9		Essential		Follows You Can Do It All; the move to Exploding In Sound places them near other Chicago and Northeast emo-twang crossover acts.
A0766	Twine	Deer In The Headlights	2025	C9		Deep cut		Follows New Old Horse; continues the Fugazi-to-countrygaze pull the earlier LP set out.
A0767	Friko	Something Worth Waiting For	2026	C9		Recommended		Follows Where We've Been, Where We Go From Here; the band's continued expansion of Chicago DIY emo-rock into more orchestral, art-rock territory.
A0768	midwest, post death	post recovery	2026	C9	C5	Deep cut		Folk-punk-leaning emo that sounds indebted to Titus Andronicus's rowdier moments and the Pinegrove-era emo-twang crossover; its acoustic instruments tie it to the DIY folk revival around the Core.
A0769	proun	Maybe Luck	2026	C9		Recommended		Released on Good English Records; sounds akin to the emo-into-twang wave of Cusp and Twine, but with a more explicitly folk, pedal-steel palette.
A0770	Centro-matic	Redo the Stacks	1997	V1		Deep cut		Launches Will Johnson's Centro-matic and, with it, the Denton, Texas wing of the Molina/Magnolia orbit.
A0771	Songs: Ohia	Hecla & Griper	1997	V1		Deep cut		A same-year companion to the Songs: Ohia debut LP, part of the flood of early Secretly Canadian releases that established Molina's stark solo sound before the full band arrived.
A0772	Songs: Ohia	Songs: Ohia	1997	V1		Essential	Y	Molina's first single came out on Will Oldham's Palace Records, and this album sounds kin to the same lo-fi, DIY folk underground; it established the voice-and-guitar minimalism that later Songs: Ohia and Magnolia Electric Co. records built from or reacted against.
A0773	Songs: Ohia	Impala	1998	V1		Recommended		Bridges the stripped-down debut and the fuller-band Axxess & Ace, part of Molina's rapid early run of Secretly Canadian-adjacent releases out of the Bloomington/Chicago underground.
A0774	Centro-matic	Navigational	1999	V1		Deep cut		Continues Centro-matic's fast, fuzz-heavy development toward the fuller alt-country/Crazy Horse sound of 'Distance and Clime' and 'Love You Just the Same'.
A0775	Songs: Ohia	Axxess & Ace	1999	V1		Recommended		Continues the Secretly Canadian run that runs from Songs: Ohia's debut through The Lioness, tightening the songwriting that would fully bloom on Didn't It Rain and Magnolia Electric Co.
A0776	Centro-matic	All the Falsest Hearts Can Try	2000	V1		Deep cut		One of several rapid-fire early Centro-matic releases building the fuzz-guitar, alt-country sound the band would refine through the 2000s.
A0777	Songs: Ohia	Ghost Tropic	2000	V1	V12	Recommended		Sounds indebted to Low- and Codeine-style slowcore more than any other Songs: Ohia record, sitting between the folk-noir of The Lioness and the gospel-country turn of Didn't It Rain.
A0778	Songs: Ohia	Protection Spells	2000	V1		Deep cut		A between-albums tour-only release from the same 2000 stretch that produced The Lioness and Ghost Tropic, showing the stripped-down solo mode Molina kept returning to between full-band records.
A0779	Songs: Ohia	The Lioness	2000	V1	V2	Essential		Made with Alasdair Roberts and members of Arab Strap in Scotland, linking the Songs: Ohia catalog directly to the UK folk underground that also produced Roberts's own records.
A0780	South San Gabriel	South San Gabriel Songs/Music	2000	V1		Deep cut		Splits off from Centro-matic as Will Johnson's hushed, slow-tempo alter ego, establishing a quieter parallel track to the Crazy Horse fuzz of his main band.
A0781	Centro-matic	Distance and Clime	2001	V1		Deep cut		Marks Centro-matic settling into its core lineup (Johnson, Pence, Danbom, Hedman), the same band that would carry through 'Love You Just the Same' and 'Fort Recovery'.
A0782	Songs: Ohia	Mi Sei Apparso Come Un Fantasma	2001	V1		Deep cut		A snapshot of the touring Songs: Ohia band, showing how the sound opened up once Molina had a full electric group behind him, pointing toward Didn't It Rain and The Magnolia Electric Co.
A0783	Amalgamated Sons of Rest	Amalgamated Sons of Rest	2002	V1	V2	Deep cut		Directly links Jason Molina to Will Oldham's Drag City deadpan-folk lineage (V2) through a shared acoustic side-project with Alasdair Roberts.
A0784	Songs: Ohia	Didn't It Rain	2002	V1		Essential	Y	The field guide's other suggested starting point alongside Magnolia Electric Co.; its gospel-tinged small-band sound is the direct bridge from the earlier solo Songs: Ohia records to the full-band Crazy Horse-scale group that followed.
A0785	Will Johnson	Murder of Tides	2002	V1		Deep cut		Opens Will Johnson's solo catalog, a stripped-down extension of the same Denton songwriting that fed Centro-matic and South San Gabriel.
A0786	Centro-matic	Love You Just the Same	2003	V1		Essential		Represents the fully formed Denton version of Centro-matic's Crazy Horse-indebted country rock, sounding like a sibling to Magnolia Electric Co.'s work of the same period.
A0787	Songs: Ohia	The Magnolia Electric Co.	2003	V1	V20	Essential		Sounds deeply indebted to Neil Young and Crazy Horse's ragged guitar rock, and gave its name to Magnolia Electric Co., the band Molina led for the rest of the decade.
A0788	The Black Swans	Who Will Walk in the Darkness with You?	2004	V1		Deep cut		A Columbus, Ohio band working the same haunted, Midwestern gothic-folk atmosphere as Jason Molina's Songs: Ohia, sharing scene and tone rather than direct collaboration.
A0789	Jason Molina	Pyramid Electric Co.	2004	V1		Recommended		A solo counterpart released the year after The Magnolia Electric Co., returning to the hushed, voice-and-instrument minimalism of the earliest Songs: Ohia records.
A0790	Will Johnson	Vultures Await	2004	V1		Deep cut		Continues Will Johnson's stripped-down solo work alongside his ongoing Centro-matic and South San Gabriel output.
A0791	Magnolia Electric Co.	Trials & Errors	2005	V1		Recommended		Documents Jason Molina's pivot from the hushed Songs: Ohia sound toward Crazy Horse-scale guitar rock, a move that set the template for Magnolia Electric Co.'s studio albums.
A0792	Magnolia Electric Co.	What Comes After the Blues	2005	V1		Essential		Extends Songs: Ohia's haunted folk into full-band country rock, cementing the Magnolia Electric Co. sound that Will Johnson's Centro-matic and South San Gabriel records run parallel to.
A0793	South San Gabriel	The Carlton Chronicles: Not Until the Operation's Through	2005	V1	V12	Recommended		Pushes Will Johnson's South San Gabriel project toward a sound indebted to Low and Codeine, a quieter sibling to both Centro-matic and Magnolia Electric Co.
A0794	Centro-matic	Fort Recovery	2006	V1		Essential		A high point of Centro-matic's Denton guitar rock, running parallel to Magnolia Electric Co.'s mid-2000s records.
A0795	Jason Molina	Let Me Go, Let Me Go, Let Me Go	2006	V1		Recommended		Continues the solo, stripped-down thread running from Pyramid Electric Co. through Molina's later work, released as a quiet counterweight to the same year's full-band Fading Trails.
A0796	Magnolia Electric Co.	Fading Trails	2006	V1		Recommended		A transitional Magnolia Electric Co. record whose sessions were later collected whole on the 'Sojourner' box set, showing Molina's late-2000s method of recording in pieces across different studios and bands.
A0797	Arbouretum	Rites of Uncovering	2007	V1	V20	Recommended		Sounds indebted to the Neil Young/Crazy Horse guitar lineage that also runs through Magnolia Electric Co., pushing it toward heavier, stoner-rock-adjacent territory from Baltimore.
A0798	The Black Swans	Change!	2007	V1		Deep cut		Continues The Black Swans' hushed, Midwestern gothic-folk sound, part of the same regional atmosphere (Ohio, small-town gloom) that produced Songs: Ohia.
A0799	Magnolia Electric Co.	Sojourner	2007	V1		Deep cut		Collects the same 2005-2007 Magnolia Electric Co. sessions that produced 'Fading Trails' in their entirety, including material otherwise unavailable, and stands as the fullest document of the band's road-band, Crazy Horse-indebted period.
A0800	Centro-matic and South San Gabriel	Dual Hawks	2008	V1		Recommended		Unites Will Johnson's two parallel bands, Centro-matic (loud) and South San Gabriel (quiet), on one release, showing both halves of the Denton sound side by side.
A0801	Arbouretum	Song of the Pearl	2009	V1	V20	Deep cut		Continues Arbouretum's heavy-guitar folk rock, which sounds indebted to Neil Young's Crazy Horse records and sits near Molina's electric work.
A0802	Jason Molina and Will Johnson	Molina and Johnson	2009	V1		Essential		Joins Jason Molina and Centro-matic's Will Johnson directly, making explicit the kinship between Songs: Ohia/Magnolia Electric Co. and the Denton scene.
A0803	Magnolia Electric Co.	Josephine	2009	V1		Essential		Closes out Magnolia Electric Co.'s studio catalog as a memorial record for bassist Evan Farrell, before Molina's final years of illness.
A0804	Arbouretum	The Gathering	2011	V1	V20	Essential		The fullest expression of the Baltimore band's heavy-guitar folk rock, which sounds indebted to Crazy Horse and sits near the Molina/Magnolia-adjacent V1 lane.
A0805	Centro-matic	Candidate Waltz	2011	V1		Deep cut		Late-period Centro-matic, released as the band's Denton run wound toward its final album.
A0806	Jason Molina	Autumn Bird Songs	2012	V1		Deep cut		One of Molina's final releases before his 2013 death, extending the hushed solo-acoustic mode of Pyramid Electric Co. and Let Me Go, Let Me Go, Let Me Go into a briefer, more fragile form.
A0807	Will Johnson	Scorpion	2012	V1		Deep cut		A 2010s continuation of Will Johnson's solo songwriting, running parallel to the final years of Centro-matic and his collaboration with Jason Molina.
A0808	Arbouretum	Coming Out of the Fog	2013	V1	V20	Deep cut		Closes Arbouretum's core lane-era run of Crazy Horse-scale Baltimore guitar rock, a sound the band would continue past 2013 largely unchanged.
A0809	Centro-matic	Take Pride in Your Long Odds	2014	V1		Recommended		Closes out Centro-matic's run as a band, the year after Jason Molina's death; in effect the end of the classic Molina/Magnolia-era Denton circle.
A0810	Will Johnson	Wire Mountain	2019	V1		Deep cut		A post-Centro-matic Will Johnson solo record continuing the hushed, plainspoken songwriting he established in the Molina/Magnolia era.
A0811	Arbouretum	Let It All In	2020	V1	V20	Deep cut		A 2020 continuation of Arbouretum's long-running Crazy Horse-scale sound, unchanged enough from their 2007-2013 records to belong with the rest of their V1 catalog.
A0812	Jason Molina	Eight Gates	2020	V1		Essential		A posthumous release of 2000s-era Molina recordings, closing out the catalog begun with Songs: Ohia's 1997 debut and continued through his solo and Magnolia Electric Co. work.
A0813	Will Johnson	El Capitán	2020	V1	C2	Deep cut		Continues Johnson's solo work after Centro-matic and his 2009 collaboration with Jason Molina (V1), in a quieter, more skeletal register.
A0814	Will Johnson	No Ordinary Crown	2023	V1	C2	Recommended		Johnson recorded a joint album with Jason Molina (Molina and Johnson, 2009), a direct link to V1; this solo record carries that haunted, Crazy Horse-shaded Americana into a quieter register.
A0815	Will Johnson	Diamond City	2025	V1		Recommended		The most recent entry in Will Johnson's solo catalog, extending the Centro-matic/South San Gabriel/Molina and Johnson lineage.
A0816	Michael Hurley	Armchair Boogie	1971	V2		Essential		Sounds like a direct ancestor of the Drag City deadpan style; Hurley was later embraced by the 2000s freak-folk circle, releasing on Gnomonsong.
A0817	Michael Hurley	Hi-Fi Snock Uptown	1972	V2		Recommended		Continues directly from Armchair Boogie in the same Raccoon Records run; its loose, deadpan delivery sounds like a template for Will Oldham and the Drag City roster.
A0818	Michael Hurley, the Unholy Modal Rounders & Jeffrey Frederick & the Clamtones	Have Moicy!	1976	V2		Essential		A collaboration between Michael Hurley and the Holy Modal Rounders circle; its mix of humor and plainspoken sadness sounds like an ancestor of the line running from Prine through Drag City.
A0819	Royal Trux	Twin Infinitives	1990	V2		Essential		An early Drag City release that shared a label with Silver Jews and Smog; its damaged, uncommercial sound seems to have set the tone for the label's willingness to release difficult records.
A0820	Smog	Sewn to the Sky	1990	V2		Deep cut		The earliest Smog release, predating Callahan's move to Drag City proper; its bedroom-tape austerity set the low bar of fidelity that Julius Caesar and Wild Love would build outward from.
A0821	Silver Jews	Dime Map of the Reef	1992	V2		Deep cut		One of Silver Jews' earliest Drag City releases, predating Starlite Walker and documenting the band's shambling origins alongside Pavement's Bob Nastanovich.
A0822	Smog	Forgotten Foundation	1992	V2		Deep cut		Callahan's first Drag City release, part of the same early-1990s Chicago catalog as Silver Jews' first records, establishing the label relationship that carried through the rest of his career.
A0823	Palace Brothers	There Is No-One What Will Take Care of You	1993	V2		Essential		The starting point of Will Oldham's decades-long catalog under the Palace and Bonnie 'Prince' Billy names, released on Drag City alongside the label's early Silver Jews and Smog records.
A0824	Royal Trux	Cats and Dogs	1993	V2		Recommended		Follows Twin Infinitives as a slightly more song-oriented record, part of the same early Drag City catalog as the label's first Silver Jews and Smog releases, though pursuing a rock-damaged noise aesthetic rather than plainspoken songwriting.
A0825	Silver Jews	The Arizona Record	1993	V2		Deep cut		The last Silver Jews EP before Starlite Walker, part of the same early Drag City run that also produced Dime Map of the Reef.
A0826	Smog	Julius Caesar	1993	V2		Recommended		Part of Callahan's early Drag City catalog alongside Silver Jews and Palace, establishing the deadpan-over-lo-fi template that later Smog and Bill Callahan records built on; later artists like MJ Lenderman sound indebted to it.
A0827	Palace Brothers	Days in the Wake	1994	V2		Recommended		The most stripped-down entry in the early Palace catalog, deepening the lo-fi confessional style of There Is No-One What Will Take Care of You before the fuller-band Viva Last Blues.
A0828	Red Red Meat	Jimmywine Majestic	1994	V2	V4	Recommended		Chicago roots-rock contemporary with the early Drag City catalog; Tim Rutili carried the band directly into Califone, and its loose, Americana-inflected sound resembles the roots-inflected 2000s indie lane (V4).
A0829	Silver Jews	Starlite Walker	1994	V2		Essential		Grows out of the Pavement/Drag City slacker-rock axis (Malkmus and Nastanovich as sidemen) and sounds indebted to Prine- and Dylan-style talking-blues songwriting; it set the template Berman would refine through American Water, alongside Drag City peers like Bill Callahan and Will Oldham.
A0830	Simon Joyner	The Cowardly Traveller Pays His Toll	1994	V2		Recommended		Developed independently of Drag City in Omaha, Nebraska, but sounds close to Silver Jews, like a bridge between Prine-style plainspoken folk and the Berman school of deadpan songwriting.
A0831	Smog	Burning Kingdom	1994	V2		Deep cut		Sits between Julius Caesar and Wild Love in the early Smog catalog, part of the same Drag City run that established Callahan's deadpan template.
A0832	Palace Music	Viva Last Blues	1995	V2		Essential		The most 'rock band' sounding of the early Palace records, produced by Steve Albini and pointing toward the full-band sound Oldham would use once he retired the Palace name for his own name and later Bonnie 'Prince' Billy.
A0833	Red Red Meat	Bunny Gets Paid	1995	V2	V4	Essential		Links Red Red Meat's roots-damaged rock to the Califone that followed, and its murmured vocal style sounds close to the Drag City circle even though the band stayed on Sub Pop.
A0834	Royal Trux	Thank You	1995	V2		Recommended		Shows the classic-rock songwriting under the noise of the early Drag City records becoming explicit after a move to Virgin, before the band returned to Drag City for Accelerator and Veterans of Disorder.
A0835	Smog	Wild Love	1995	V2		Recommended		Bridges the stark four-track Smog records and the more arranged, country-adjacent sound of Red Apple Falls and Knock Knock, part of the same Chicago Drag City circle as Silver Jews and Palace.
A0836	Palace Music	Arise Therefore	1996	V2		Recommended		The last album released under a Palace name before Oldham recorded as Will Oldham and then Bonnie 'Prince' Billy; its drum-machine austerity sounds like a precursor to Smog's own sparer, rhythm-box moments on Rain on Lens.
A0837	Silver Jews	The Natural Bridge	1996	V2		Essential		Follows directly from Starlite Walker but trades Pavement's band chemistry for a barer, more personal sound, pointing toward American Water; its plainspoken sadness sounds like a model for later Drag City songwriters.
A0838	Smog	Kicking a Couple Around	1996	V2		Deep cut		Released alongside The Doctor Came at Dawn, part of the same mid-1990s stretch of Smog's catalog and Drag City's growing UK partnership with Domino.
A0839	Smog	The Doctor Came at Dawn	1996	V2		Recommended		The quietest, most minimal entry in the Smog catalog, sounding kin to Palace's early lo-fi records and to the hushed, glacial style of later modern slowcore acts.
A0840	Appendix Out	The Rye Bears a Poison	1997	V2	V30	Deep cut		Released on Drag City alongside the Palace records, and sounds rooted in the Scottish and British folk-rock tradition of the V30 lane.
A0841	Edith Frost	Calling Over Time	1997	V2		Recommended		Part of the mid-1990s Chicago Drag City roster alongside Smog and Jim O'Rourke, and sounds close to the label's other stripped-down, plainspoken songwriters.
A0842	Smog	Red Apple Falls	1997	V2		Essential	Y	The clearest bridge in the Smog catalog between Callahan's stark early records and the full-band, country-inflected sound of Knock Knock and his later Bill Callahan solo albums.
A0843	Will Oldham	Joya	1997	V2		Deep cut		The bridge record between the Palace name and the Bonnie 'Prince' Billy identity Oldham adopted for I See a Darkness, part of the same Drag City Louisville catalog running through both eras.
A0844	The Anomoanon	Mother Goose	1998	V2		Deep cut		Direct offshoot of Will Oldham's Palace world through Ned Oldham and the Palace Records label; sits at the experimental, lo-fi fringe of the Drag City deadpan school.
A0845	Edith Frost	Telescopic	1998	V2		Recommended		Her second Drag City album, sitting in the label's 1990s Chicago roster alongside Smog and Jim O'Rourke and sharing their plainspoken, unpolished approach.
A0846	Plush	More You Becomes You	1998	V2		Deep cut		Part of the same late-1990s Chicago Drag City circle as Jim O'Rourke and Edith Frost, extending the label's deadpan aesthetic into piano-led chamber pop.
A0847	Royal Trux	Accelerator	1998	V2		Deep cut		Marks Royal Trux's return to Drag City and a swing back toward the noisier end of their sound, part of the same label ecosystem as the deadpan songwriters even as their own music stayed far from that style.
A0848	Silver Jews	American Water	1998	V2		Essential	Y	Reunites Berman with Pavement's Stephen Malkmus; its wry, novelistic writing sounds like the model for MJ Lenderman and other 2010s-2020s indie-country songwriters.
A0849	Simon Joyner	Yesterday, Tomorrow, and In Between	1998	V2		Recommended		Represents the peak of Joyner's 1990s Omaha lo-fi run, cited by Conor Oberst and other Nebraska songwriters as a foundational influence parallel to, but independent of, the Drag City deadpan school.
A0850	The Anomoanon	Songs From Robert Louis Stevenson's "A Child's Garden of Verses"	1999	V2		Deep cut		Fronted by Will Oldham's brother Ned Oldham and released on Oldham's own Palace Records, making The Anomoanon a direct, documented extension of the Louisville Palace/Bonnie 'Prince' Billy family circle.
A0851	Bonnie 'Prince' Billy	I See a Darkness	1999	V2		Essential		The album that cemented the Bonnie 'Prince' Billy persona and, through the Johnny Cash cover, carried the Drag City deadpan-country sound into the mainstream Americana conversation.
A0852	Jim O'Rourke	Eureka	1999	V2		Recommended		Released on Drag City during the same Chicago scene as Smog and Edith Frost, connecting O'Rourke's chamber-pop songwriting to the deadpan Drag City catalog even though his arrangements lean more ornate than the label's typical sparse rock.
A0853	Papa M	Live from a Shark Cage	1999	V2	V12	Deep cut		Grows directly out of Pajo's work in Slint and Aerial M; its patient, glacial pacing also sounds akin to the slowcore lane (V12).
A0854	Royal Trux	Veterans of Disorder	1999	V2		Recommended		A late entry in Royal Trux's Drag City run, from a decade in which the band and the label's deadpan songwriters shared a label without sharing a sound.
A0855	Smog	Knock Knock	1999	V2		Essential		A fuller-band peak of Callahan's Drag City run as Smog, followed by the more song-oriented Dongs of Sevotion and Supper and eventually by his solo Bill Callahan albums.
A0856	Smog	Dongs of Sevotion	2000	V2		Deep cut		Sits between Knock Knock's full-band pop and the sparer Rain on Lens and Supper, part of the same Drag City circle of deadpan Chicago-and-after songwriters as Silver Jews and Palace.
A0857	Bonnie 'Prince' Billy	Ease Down the Road	2001	V2		Recommended		Follows I See a Darkness with a warmer, harmony-led sound that looks ahead to Oldham's duet album The Letting Go with Dawn McCarthy.
A0858	Califone	Roomsound	2001	V2	V4	Recommended		A direct continuation of Red Red Meat through Tim Rutili and bandmates, extending the Chicago roots lineage into a more sample-based, collage-oriented sound.
A0859	Jim O'Rourke	Insignificance	2001	V2		Recommended		Continues O'Rourke's Drag City run after Eureka, from the same Chicago scene as the label's deadpan songwriters.
A0860	Neil Michael Hagerty	Neil Michael Hagerty	2001	V2		Deep cut		Hagerty's solo debut, years before he produced Bill Callahan's 2007 Woke on a Whaleheart, part of the wider Drag City-adjacent circle.
A0861	Papa M	Whatever, Mortal	2001	V2	V12	Deep cut		Continues Pajo's move away from the noisier Slint and Aerial M projects toward a hushed acoustic style that sounds close to Will Oldham's quietest Drag City records.
A0862	Silver Jews	Bright Flight	2001	V2		Recommended		Marks the Silver Jews' move from a Pavement-adjacent side project to a Nashville-based band in its own right, a shift that feeds directly into Tanglewood Numbers and the countrified wing of the Drag City roster.
A0863	Smog	Rain on Lens	2001	V2		Deep cut		A deliberate contraction after the full-band Knock Knock era, closer in spirit to Callahan's earliest four-track Smog records, before he opened back up again on A River Ain't Too Much to Love.
A0864	Michael Hurley	Sweetkorn	2002	V2	V8	Deep cut		A link between the 1960s Greenwich Village folk scene, where he first recorded for Folkways, and the Drag City circle that admired him; his loose, funny-sad style is often heard in Will Oldham and Silver Jews.
A0865	Alasdair Roberts	Farewell Sorrow	2003	V2	V30	Recommended		Roberts' move from the band name Appendix Out to solo billing on Drag City, continuing the label's cross-Atlantic folk strand.
A0866	Bonnie 'Prince' Billy	Master and Everyone	2003	V2		Essential		The most minimal of the early Bonnie 'Prince' Billy albums; its hushed, close-miked sound resembles the quietest Smog records in the same Drag City deadpan school.
A0867	Califone	Quicksand/Cradlesnakes	2003	V2	V4	Recommended		Extends the Red Red Meat/Califone Chicago lineage into denser, more Southern-gothic territory, sounding like a regional cousin of Smog and Palace.
A0868	Smog	Supper	2003	V2		Recommended		Restores the full-band, country-adjacent sound of Red Apple Falls and Knock Knock after the leaner Rain on Lens, directly preceding A River Ain't Too Much to Love and the eventual move to releasing under his own name.
A0869	Bonnie 'Prince' Billy	Sings Greatest Palace Music	2004	V2		Deep cut		Directly reworks material from There Is No-One What Will Take Care of You, Days in the Wake and Viva Last Blues, making explicit the country lineage that was always latent in the early Palace records.
A0870	Califone	Heron King Blues	2004	V2	V4	Deep cut		The noisiest entry in the Califone catalog, carrying the Red Red Meat lineage into territory that sounds closer to the experimental noise wing of Drag City represented by Royal Trux.
A0871	Matt Sweeney & Bonnie 'Prince' Billy	Superwolf	2005	V2		Essential		The first major pairing of Oldham with Matt Sweeney, part of the Drag City Bonnie/Smog circle, later revisited on Superwolves in 2021.
A0872	Silver Jews	Tanglewood Numbers	2005	V2		Essential		Continues the full-band Nashville sound begun on Bright Flight while pulling in more rock energy, leading into Lookout Mountain, Lookout Sea; it sounds like a forerunner of the barroom-storyteller songwriters of C2.
A0873	Smog	A River Ain't Too Much to Love	2005	V2		Essential		Closes the Smog era before Callahan began recording as Bill Callahan with Woke on a Whaleheart, and its stripped-down, spiritual tone anticipates the hushed folk records of his solo career.
A0874	Bonnie 'Prince' Billy	The Letting Go	2006	V2		Recommended		Extends the duet format of Ease Down the Road into a fuller, more internationally produced setting, showing how far the Drag City deadpan songwriting style could stretch without losing its core plainspoken character.
A0875	Califone	Roots & Crowns	2006	V2	V4	Recommended		The most polished entry in Califone's catalog, showing how far the Chicago deadpan-roots lineage begun in Red Red Meat could stretch toward conventional song structure while keeping its core vocal character.
A0876	Bill Callahan	Woke on a Whaleheart	2007	V2		Recommended		The first Bill Callahan solo album, produced by Royal Trux's Neil Hagerty and marking the formal end of the Smog persona; it opens the run of solo records that runs through Apocalypse and Dream River.
A0877	Bonnie 'Prince' Billy	Lie Down in the Light	2008	V2		Recommended		A relaxed counterpart to the darker I See a Darkness and Master and Everyone, sounding closer to the classic-country side of the Drag City deadpan lane.
A0878	Silver Jews	Lookout Mountain, Lookout Sea	2008	V2		Recommended		Closes out the Nashville-band phase of Silver Jews begun on Bright Flight; Berman retired the band after its release and did not record again until Purple Mountains a decade later.
A0879	Bill Callahan	Sometimes I Wish We Were an Eagle	2009	V2		Recommended		Continues the loosening begun on Woke on a Whaleheart toward a sparer, more country-folk sound that carries through to Apocalypse and Dream River.
A0880	Bonnie 'Prince' Billy	Beware	2009	V2		Recommended		The most ornately arranged Bonnie 'Prince' Billy record of the 2000s, showing how far the core deadpan-country songwriting could be dressed up without changing its essential plainspoken character.
A0881	Michael Hurley	Ida Con Snock	2009	V2	V8	Deep cut		Released on Andy Cabic and Devendra Banhart's Gnomonsong, part of the 2000s freak-folk rediscovery of Hurley; his rambling, deadpan folk sounds like an ancestor of the Drag City deadpan-folk lineage.
A0882	Michael Hurley & Ida	Ida Con Snock	2009	V2		Recommended		A documented link between Hurley's decades-old deadpan-folk style and the 2000s indie-folk revival, through a full collaboration with Ida released on Banhart and Cabic's Gnomonsong label.
A0883	Bonnie 'Prince' Billy and the Cairo Gang	The Wonder Show of the World	2010	V2		Deep cut		Part of a string of duo and small-group Bonnie 'Prince' Billy collaborations (with Matt Sweeney, Dawn McCarthy and here Emmett Kelly) that kept the Drag City deadpan style alive through constantly shifting instrumental settings.
A0884	Scout Niblett	The Calcination of Scout Niblett	2010	V2		Deep cut		Niblett's move to Drag City for this album connects her raw, minimal singer-songwriter style to the label's broader deadpan-adjacent roster, extending the sound to a harder-edged British voice.
A0885	Bill Callahan	Apocalypse	2011	V2		Essential		Sits between the folk austerity of Sometimes I Wish We Were an Eagle and the more expansive, groove-based Dream River, loosening his arrangements toward full-band jams.
A0886	Bonnie 'Prince' Billy	Wolfroy Goes to Town	2011	V2		Recommended		Marks Angel Olsen's early work as a backing singer for Oldham before her own career in the rootsy indie-folk lane (V5/C5), a direct documented link between the Drag City deadpan school and the next generation of indie folk.
A0887	Bill Callahan	Dream River	2013	V2		Essential		The clearest fulfillment of the loose, groove-driven direction begun on Apocalypse, later paired with the dub companion piece Have Fun with God and continuing into Shepherd in a Sheepskin Vest.
A0888	Scout Niblett	It's Up to Emma	2013	V2		Deep cut		Continues Niblett's run on Drag City, extending the raw, minimal singer-songwriter approach that links her to the label's other stripped-down artists.
A0889	Bill Callahan	Have Fun with God	2014	V2		Deep cut		A dub reworking of Dream River's grooves, extending that record's loose, rhythm-forward direction into a mostly instrumental register.
A0890	Bill Callahan	Shepherd in a Sheepskin Vest	2019	V2		Recommended		Follows a long gap after Dream River and Have Fun with God, extending Callahan's plainspoken, domestic songwriting into a new, calmer register that continues on Gold Record.
A0891	Bonnie 'Prince' Billy	I Made a Place	2019	V2		Recommended		A late-period Drag City record from Oldham, whose catalog shares a label and a deadpan-country sensibility with Silver Jews and Smog.
A0892	Bill Callahan	Gold Record	2020	V2		Recommended		A leaner companion to Shepherd in a Sheepskin Vest, continuing Callahan's late-career turn toward plainspoken, almost prose-like songwriting that carries into YTI⅃AƎЯ.
A0893	Matt Sweeney & Bonnie 'Prince' Billy	Superwolves	2021	V2		Recommended		Directly continues the 2005 Superwolf collaboration, extending one of the most documented recurring partnerships within the Drag City deadpan school.
A0894	Bill Callahan	YTI⅃AƎЯ	2022	V2		Deep cut		Pushes the plainspoken Callahan songbook toward looser, more atmospheric territory than Shepherd in a Sheepskin Vest or Gold Record, while staying within the same Drag City deadpan lineage he has worked in since Smog.
A0895	Bonnie 'Prince' Billy	Keeping Secrets Will Destroy You	2023	V2		Essential		A recent continuation of the Bonnie 'Prince' Billy catalog begun on I See a Darkness, keeping the plainspoken, homemade intimacy of the early Palace material.
A0896	Bonnie 'Prince' Billy	The Purple Bird	2025	V2		Recommended		Sounds like a 2020s continuation of the classic-country instincts Oldham explored on Sings Greatest Palace Music, carrying the Palace songbook's roots into a polished Nashville setting.
A0897	Slobberbone	Crow Pot Pie	1996	V3		Recommended		Came out of the mid-1990s Denton, Texas scene that also produced Centro-matic, and later spun off Brent Best's the Drams; it sounds closely parallel to the Uncle Tupelo-descended insurgent-country movement DBT emerged from in Georgia.
A0898	Slobberbone	Barrel Chested	1997	V3		Recommended		Continues directly from Crow Pot Pie, deepening the band's reputation within the Denton scene before New West Records picked up the group's next two albums for wider distribution.
A0899	Drive-By Truckers	Gangstabilly	1998	V3		Recommended		Grew out of Hood and Cooley's earlier Alabama band Adam's House Cat, and sits in the cowpunk and insurgent-country underground that followed Uncle Tupelo; it is the root of the Drive-By Truckers catalog that later took in Jason Isbell.
A0900	Drive-By Truckers	Pizza Deliverance	1999	V3		Recommended		A direct continuation of Gangstabilly and the Adam's House Cat lineage, and a warm-up for the fuller concept-album ambitions of Southern Rock Opera two years later.
A0901	Drive-By Truckers	Alabama Ass Whuppin'	2000	V3		Recommended		A bridge between the DIY early studio albums and the breakthrough of Southern Rock Opera, documenting how the band's reputation was built onstage before wider notice arrived.
A0902	Slobberbone	Everything You Thought Was Right Was Wrong Today	2000	V3		Recommended		The high point of the band's New West run; later storytelling-rock bands like American Aquarium and Two Cow Garage sound indebted to its loud-choruses, plain-verses formula.
A0903	Drive-By Truckers	Southern Rock Opera	2001	V3		Essential	Y	Explicitly built on Lynyrd Skynyrd's story and the Southern-rock tradition, filtered through Uncle Tupelo-style alt-country songwriting; later Southern story-rock from Lucero to Wednesday sounds indebted to it.
A0904	Lucero	Lucero	2001	V3		Recommended		Sounds like a product of the same Southern punk-to-country pipeline as Slobberbone and Two Cow Garage, with a Drive-By Truckers-like storytelling instinct delivered in a rawer, more punk-rock style.
A0905	Bobby Bare Jr.	Young Criminals' Starvation League	2002	V3		Recommended		Draws on Bare's upbringing as the son of country singer Bobby Bare Sr., but his rock-leaning storytelling sounds closer to Drive-By Truckers and his Bloodshot Records labelmates than to Nashville's country mainstream.
A0906	Cory Branan	The Hell You Say	2002	V3		Recommended		Released on Memphis label Madjack Records, the same imprint behind Lucero's early albums, placing Branan within the same Mid-South storytelling-rock network from the start.
A0907	Lucero	Tennessee	2002	V3		Recommended		A direct continuation of the band's self-titled debut, recorded for the Memphis independent label Madjack as Lucero's touring base widened beyond Tennessee.
A0908	Slobberbone	Slippage	2002	V3		Recommended		The last studio album of Slobberbone's original run, after which frontman Brent Best formed the Drams with fellow Denton musicians before the band eventually reunited.
A0909	Two Cow Garage	Please Turn the Gas Back On	2002	V3		Deep cut		The first record of the band's run on Shelterhouse Records, establishing the two-songwriter format Schnabel and Sweeney would keep on later albums.
A0910	Drive-By Truckers	Decoration Day	2003	V3		Essential	Y	Builds on Southern Rock Opera's harmonized three-guitar sound and points directly toward Isbell's own solo career; later story-song bands such as Lucero and American Aquarium sound indebted to its model.
A0911	Grand Champeen	The One That Brought You	2003	V3		Recommended		Sounds like part of the same Texas alt-country underground as the Old 97's and Slobberbone, pushed toward a harder-rocking, harmonized-guitar sound indebted to Drive-By Truckers.
A0912	Lucero	That Much Further West	2003	V3		Recommended		Continues the road-worn, live-in-the-room approach of Lucero and Tennessee, released as the band's national touring profile began to grow beyond the Mid-South.
A0913	Bobby Bare Jr.	From the End of Your Leash	2004	V3		Recommended		A direct follow-up to Young Criminals' Starvation League on the same Bloodshot Records roster, keeping Bare's storytelling rock distinct from his father's outlaw-country lineage.
A0914	Drive-By Truckers	The Dirty South	2004	V3		Essential		Extends Decoration Day's three-songwriter structure into more overtly political, working-class territory, a mode that Lee Bains III & the Glory Fires and American Aquarium sound indebted to.
A0915	Patterson Hood	Killers and Stars	2004	V3		Deep cut		A solo outlet for songs too personal or too sparse for Drive-By Truckers, drawing on Hood's upbringing as the son of Muscle Shoals session bassist David Hood.
A0916	Todd Snider	East Nashville Skyline	2004	V3	C2	Recommended		Released on John Prine's Oh Boy label, placing Snider squarely in Prine's funny-sad storytelling line; his talky Southern delivery also sounds close to Patterson Hood's.
A0917	Two Cow Garage	The Wall Against Our Back	2004	V3		Recommended		Follows the band's debut out of the Columbus, Ohio punk-and-country scene, and sounds close kin to Southern storytelling bands like Lucero.
A0918	Lucero	Nobody's Darlings	2005	V3		Recommended		A step up from the road-worn sound of That Much Further West; later alt-country and Southern-rock bands with punk roots sound indebted to this version of Lucero.
A0919	The Dexateens	Hardwire Healing	2006	V3		Recommended		Part of the Alabama Southern-rock underground around Drive-By Truckers, whose sound it resembles; Lee Bains III played in the Dexateens before forming the Glory Fires.
A0920	The Drams	Jubilee Dive	2006	V3		Recommended		Formed by Brent Best from the ashes of Slobberbone, keeping his songwriting within the same Denton, Texas storytelling-rock scene.
A0921	Drive-By Truckers	A Blessing and a Curse	2006	V3		Recommended		The last studio album to feature Jason Isbell before his 2007 departure, closing out the three-songwriter lineup that began with Decoration Day.
A0922	Lucero	Rebels, Rogues & Sworn Brothers	2006	V3		Recommended		Expands on the full-band direction of Nobody's Darlings, moving the group's sound closer to the harmonized-guitar Southern rock of Drive-By Truckers, which it sounds increasingly indebted to.
A0923	Todd Snider	The Devil You Know	2006	V3	C2	Recommended		A more political follow-up to East Nashville Skyline, continuing Snider's plainspoken, funny-sad storytelling tradition into more direct commentary on mid-2000s American politics.
A0924	Adam Faucett	The Great Basking Shark	2007	V3		Deep cut		Faucett's independent early work, predating his Last Chance Records releases.
A0925	Glossary	The Better Angels of Our Nature	2007	V3		Deep cut		An early Glossary record predating Feral Fire; its Southern storytelling rock sounds akin to Lucero and Drive-By Truckers.
A0926	Jason Isbell	Sirens of the Ditch	2007	V3		Essential		Written and largely recorded while Isbell was still a member of Drive-By Truckers, with several bandmates appearing as guests, making it the direct bridge between his DBT songwriting and his solo catalog.
A0927	Two Cow Garage	III	2007	V3		Recommended		Continues the band's punk-inflected storytelling-rock sound from The Wall Against Our Back, sounding increasingly like a Midwestern cousin of Lucero.
A0928	Drive-By Truckers	Brighter Than Creation's Dark	2008	V3		Recommended		The first post-Isbell album, with the band carrying on by expanding Shonna Tucker's role as a third songwriting voice alongside Hood and Cooley.
A0929	American Aquarium	Dances for the Lonely	2009	V3		Deep cut		An early entry in American Aquarium's run on Last Chance Records, preceding the band's breakthrough with Burn. Flicker. Die.
A0930	Austin Lucas	Somebody Loves You	2009	V3		Deep cut		Released on Suburban Home Records alongside Two Cow Garage; its punk-to-country arc sounds akin to that label's Midwest storytelling rock.
A0931	The Dexateens	Singlewide	2009	V3		Recommended		Continues the Tuscaloosa garage-Southern-rock sound of Hardwire Healing, released on the same Birmingham-based Skybucket Records that supported several Alabama bands in the DBT orbit.
A0932	Have Gun, Will Travel	Postcards from the Friendly City	2009	V3		Deep cut		A Suburban Home Records release from Florida; its small-town storytelling rock sounds akin to the Drive-By Truckers-descended scene further north.
A0933	Jason Isbell and the 400 Unit	Jason Isbell and the 400 Unit	2009	V3		Recommended		The formal launch of the 400 Unit as Isbell's backing band, continuing the Southern rock approach of his Drive-By Truckers years before his sound moved toward V7-adjacent territory with Southeastern.
A0934	Lucero	1372 Overton Park	2009	V3		Recommended		A major expansion of the full-band Southern rock sound introduced on Rebels, Rogues & Sworn Brothers, adding horns in a nod to the band's adopted hometown of Memphis.
A0935	Patterson Hood	Murdering Oscar (And Other Love Songs)	2009	V3		Deep cut		Hood cut it with members of Drive-By Truckers backing him, making it a close cousin of the band's own records.
A0936	Two Cow Garage	Speaking in Cursive	2009	V3		Deep cut		Continues the Schnabel/Sweeney two-songwriter format of III, released jointly by Shelterhouse and Suburban Home Records.
A0937	American Aquarium	Small Town Hymns	2010	V3		Deep cut		An early American Aquarium record that leads toward the songwriting of Burn. Flicker. Die. two years later.
A0938	Bobby Bare Jr.	A Storm, A Tree, My Mother's Head	2010	V3		Deep cut		A more elaborately produced follow-up to Bare Jr.'s Bloodshot Records albums, released on his own Nashville-based independent operation.
A0939	Drive-By Truckers	The Big To-Do	2010	V3		Recommended		First of a loose pair with Go-Go Boots, drawn from the same sessions, and a sign of the band tightening its lineup around Hood, Cooley and Tucker before Tucker's departure.
A0940	Glossary	Feral Fire	2010	V3		Recommended		Part of the same Liberty & Lament / Last Chance Records-adjacent Southern storytelling-rock network as Lucero and Water Liars, sharing labels, tours and producers across the scene.
A0941	Two Cow Garage	Sweet Saint Me	2010	V3		Recommended		A transitional record that moves the band from a shouted punk outfit toward the more personal storytelling of its later work.
A0942	Drive-By Truckers	Go-Go Boots	2011	V3		Recommended		A companion piece to The Big To-Do that leans into the Muscle Shoals country-soul side of the band's Alabama roots rather than the harder rock side.
A0943	Glossary	Long Live All of Us	2011	V3		Recommended		Extends the full-band Southern rock direction of Feral Fire with a bigger, more anthemic sound.
A0944	American Aquarium	Burn. Flicker. Die.	2012	V3		Recommended		Produced by Jason Isbell, a direct link to the Drive-By Truckers storytelling line; the band's Raleigh roots and roadhouse sound also sound indebted to Lucero.
A0945	Cory Branan	Mutt	2012	V3		Recommended		Released on Chicago's Bloodshot Records, the flagship insurgent-country label that also carried Bobby Bare Jr. and Lydia Loveless, placing Branan within the wider alt-country network beyond his Memphis roots.
A0946	Lee Bains III & the Glory Fires	There Is a Bomb in Gilead	2012	V3		Recommended		Bains came out of the Alabama band the Dexateens; the record sounds indebted to Drive-By Truckers' storytelling rock, pushed louder and more punk.
A0947	Lucero	Women & Work	2012	V3		Recommended		Builds directly on the horn arrangements introduced on 1372 Overton Park for the band's ATO Records debut.
A0948	Mike Cooley	The Fool on Every Corner	2012	V3		Deep cut		A solo live document from the guitarist and co-songwriter who, with Patterson Hood, has anchored Drive-By Truckers since its 1996 formation in Athens, Georgia.
A0949	Patterson Hood	Heat Lightning Rumbles in the Distance	2012	V3		Recommended		A more produced, band-based follow-up to Killers and Stars, keeping the plainspoken narrative voice Hood uses in Drive-By Truckers.
A0950	Todd Snider	Agnostic Hymns & Stoner Fables	2012	V3	C2	Recommended		Continues the deadpan, funny-sad storytelling of East Nashville Skyline and The Devil You Know, now self-released on Snider's own label.
A0951	Water Liars	Phantom Limb	2012	V3	C1	Recommended		Sits close to the Core of the modern indie-twang scene, while its plainspoken Southern storytelling sounds indebted to the Drive-By Truckers lineage at a fraction of the volume.
A0952	Austin Lucas	Stay Reckless	2013	V3		Deep cut		A move to New West Records, the label most associated with Drive-By Truckers and Slobberbone, situating Lucas within the wider storytelling-rock label network.
A0953	John Moreland	In the Throes	2013	V3	V7	Recommended		A solo turn away from Moreland's earlier punk and bar-band projects; his plainspoken, unglamorous storytelling sounds indebted to Drive-By Truckers and John Prine while working in a quieter, mostly acoustic mode.
A0954	Two Cow Garage	The Death of the Self Preservation Society	2013	V3		Deep cut		A Last Chance Records release continuing the band's songwriting direction from Sweet Saint Me.
A0955	Water Liars	Wyoming	2013	V3	C1	Recommended		A continuation of the quiet, close-harmony sound of Phantom Limb, released on the North Mississippi label Big Legal Mess, home to several hill-country and Southern roots acts.
A0956	Adam Faucett	Blind Water Finds Blind Water	2014	V3		Deep cut		A Last Chance Records release; its dark Southern songwriting sounds akin to the label's other storytelling-rock acts.
A0957	Cory Branan	The No-Hit Wonder	2014	V3		Recommended		A more focused companion to Mutt on the same Bloodshot Records roster, with dense, funny-sad songwriting that sounds indebted to John Prine's storytelling tradition.
A0958	Drive-By Truckers	English Oceans	2014	V3		Recommended		Marks the start of the long-running Hood/Cooley/Patton/Gonzalez lineup that carried the band through the 2010s.
A0959	Lee Bains III & the Glory Fires	Dereconstructed	2014	V3		Essential		A label jump to Sub Pop that widened Bains's audience beyond the regional scene that produced There Is a Bomb in Gilead, while keeping the same politically direct, three-guitar Southern rock approach.
A0960	Water Liars	Water Liars	2014	V3	C1	Recommended		Its slow, quiet arrangements sound indebted to modern slowcore and hushed twang, while its Mississippi roots keep it tied to the wider Southern storytelling scene.
A0961	American Aquarium	Wolves	2015	V3		Recommended		A direct sequel in subject matter to Burn. Flicker. Die., looking back at the same touring years from a more sober distance.
A0962	John Moreland	High on Tulsa Heat	2015	V3	V7	Recommended		Builds directly on the plainspoken acoustic storytelling of In the Throes with fuller arrangements; younger Red Dirt and Oklahoma songwriters often sound indebted to it.
A0963	Lucero	All a Man Should Do	2015	V3		Deep cut		A continuation of the horn-driven Memphis-soul direction of Women & Work.
A0964	Drive-By Truckers	American Band	2016	V3		Essential		Extends The Dirty South's political streak into the present day, sitting alongside younger Southern bands like Lee Bains III & the Glory Fires and American Aquarium that write explicitly about the modern South's politics.
A0965	Two Cow Garage	Brand New Flag	2016	V3		Recommended		Extends the more personal songwriting of the band's earlier records into overtly political territory, released on Last Chance Records, the label that also issued John Moreland's early records.
A0966	John Moreland	Big Bad Luv	2017	V3	V7	Recommended		Continues Moreland's plainspoken Oklahoma storytelling from High on Tulsa Heat with a fuller rock-band arrangement, on a notably different label (4AD) than his earlier Americana-specific releases.
A0967	Lee Bains III & the Glory Fires	Youth Detention	2017	V3		Recommended		A further label move to Don Giovanni Records, continuing the politically direct Southern rock songwriting of Dereconstructed.
A0968	Adam Faucett	It Took the Shape of a Bird	2018	V3		Deep cut		The most recent entry in Faucett's Last Chance Records run, continuing the label's small roster of bleak, plainspoken Southern storytellers alongside John Moreland and Two Cow Garage.
A0969	American Aquarium	Things Change	2018	V3		Recommended		American Aquarium's move to New West Records, a label that also released Drive-By Truckers albums, made with a rebuilt band lineup after Wolves.
A0970	Lucero	Among the Ghosts	2018	V3		Recommended		A tonal shift away from the horn-driven party sound of Women & Work toward the more brooding, keyboard-centered atmosphere the band continued to explore on later records.
A0971	American Aquarium	Lamentations	2020	V3		Recommended		Its storytelling sounds indebted to Drive-By Truckers as it moves into explicitly political territory, and it follows DBT onto New West Records.
A0972	Drive-By Truckers	The New OK	2020	V3		Deep cut		A same-year companion to The Unraveling, carrying its political urgency into the pandemic and protest summer of 2020.
A0973	Drive-By Truckers	The Unraveling	2020	V3		Recommended		A direct continuation of American Band's political turn, written in the same volatile stretch of American politics.
A0974	John Moreland	LP5	2020	V3	V7	Recommended		A deliberate departure from the straightforward full-band Americana of Big Bad Luv; its added studio texture sounds closer to the Core's more atmospheric indie-folk edges.
A0975	Lucero	When You Found Me	2021	V3		Deep cut		Extends the atmospheric, keyboard-centered direction of Among the Ghosts further from the band's horn-driven 2010s sound.
A0976	Drive-By Truckers	Welcome 2 Club XIII	2022	V3		Recommended		A full-circle return to the band's own origin story, naming the real Muscle Shoals-area club where Hood and Cooley cut their teeth in the 1980s, long before Southern Rock Opera made them known nationally.
A0977	John Moreland	Birds in the Ceiling	2022	V3	V7	Recommended		A continuation of the textured direction Moreland took on LP5, keeping his Oklahoma storytelling roots while moving further from the full-band Americana of his mid-2010s records.
A0978	Lee Bains III & the Glory Fires	Old-Time Folks	2022	V3		Recommended		A tonal shift toward warmth and reflection after the confrontational Dereconstructed and Youth Detention, while staying on Don Giovanni Records.
A0979	Lucero	Should've Learned by Now	2023	V3		Recommended		Long-running Memphis band whose punk-to-Southern-rock arc runs parallel to the Drive-By Truckers; its storytelling Southern rock sounds akin to later bands in the same vein.
A0980	Patterson Hood	Exploding Trees & Airplane Screams	2025	V3		Deep cut		The most recent entry in Hood's solo catalog, extending the storytelling approach of Heat Lightning Rumbles in the Distance into the mid-2020s.
A0981	Calexico	The Black Light	1998	V4		Essential		Grew directly out of Burns and Convertino's time as Giant Sand's rhythm section, translating Howe Gelb's desert-rock sensibility into their own mariachi-tinged sound.
A0982	My Morning Jacket	The Tennessee Fire	1999	V4		Recommended		Sounds indebted to Neil Young, Crazy Horse and classic Southern rock, filtered through a cavernous reverb that would define My Morning Jacket's whole career.
A0983	Wilco	Summerteeth	1999	V4		Essential		Grew out of Uncle Tupelo's breakup and Tweedy's move away from country-rock; its studio pop sounds indebted to the Beatles and Beach Boys, setting up the more radical 'Yankee Hotel Foxtrot'.
A0984	Beachwood Sparks	Beachwood Sparks	2000	V4	C6	Essential		An early, direct descendant of Gram Parsons and the Flying Burrito Brothers that predates and helped set up the 2000s-2010s cosmic-country revival scene.
A0985	Bright Eyes	Fevers and Mirrors	2000	V4		Deep cut		An early, lo-fi document of the Omaha singer-songwriter scene that would later feed the fuller Americana of 'Lifted' and 'I'm Wide Awake, It's Morning'.
A0986	Clem Snide	Your Favorite Music	2000	V4		Recommended		Sounds akin to the deadpan, funny-sad songwriting of Silver Jews and Palace, applied to a fuller alt-country band sound.
A0987	Giant Sand	Chore of Enchantment	2000	V4		Recommended		A record from the Giant Sand lineup that seeded Calexico, connecting the band's 1990s work to Gelb's more scattered 2000s output.
A0988	Lambchop	Nixon	2000	V4		Essential		The culmination of Lambchop's 1990s Merge Records run, fusing Nashville countrypolitan arrangements with indie-rock songwriting ambitions.
A0989	Beachwood Sparks	Once We Were Trees	2001	V4	C6	Recommended		Deepens Beachwood Sparks' Gram Parsons/Byrds-descended sound with fuller studio arrangements, a direct ancestor of the mid-2000s cosmic-country revival.
A0990	My Morning Jacket	At Dawn	2001	V4		Recommended		Refines the reverb-heavy Southern rock of 'The Tennessee Fire' into tighter, more melodic songwriting.
A0991	Bright Eyes	Lifted or The Story Is in the Soil, Keep Your Ear to the Ground	2002	V4		Recommended		Expands the lo-fi songwriting of 'Fevers and Mirrors' with full string and horn arrangements, pointing toward the more polished 'I'm Wide Awake, It's Morning'.
A0992	Giant Sand	Cover Magazine	2002	V4		Deep cut		A covers detour that shows the same desert-rock sensibility Gelb applied to his own songs, released on Thrill Jockey during the band's more experimental period.
A0993	Lambchop	Is a Woman	2002	V4		Recommended		A deliberate stripping-down from the orchestral 'Nixon', pushing Lambchop's sound toward minimalism rather than maximalism.
A0994	Okkervil River	Don't Fall in Love with Everyone You See	2002	V4		Deep cut		An early document of the Austin-based literary folk-rock songwriting that would culminate in 'Black Sheep Boy'.
A0995	Wilco	Yankee Hotel Foxtrot	2002	V4		Essential	Y	Follows directly from 'Summerteeth' but adds Jim O'Rourke and Glenn Kotche's avant-garde leanings, feeding forward into 'A Ghost Is Born'; later studio-experimental Americana bands sound indebted to it.
A0996	Baptist Generals	No Silver/No Gold	2003	V4		Deep cut		A document of the Denton, Texas DIY scene of the early 2000s; its ragged folk-rock sounds akin to fellow Denton bands such as Centro-matic.
A0997	Calexico	Feast of Wire	2003	V4		Essential		The culmination of the Tucson desert-Americana sound built on 'The Black Light' and 'Hot Rail'.
A0998	Cass McCombs	A	2003	V4		Recommended		The start of McCombs' long solo catalog, released via Monitor Records and 4AD before his later move to Domino.
A0999	Fruit Bats	Mouthfuls	2003	V4		Recommended		From Chicago's early-2000s indie-folk scene, with Johnson later playing in the Shins; its soft-rock craft sounds indebted to '70s AM songwriting.
A1000	Loose Fur	Loose Fur	2003	V4		Recommended		Recorded with Jim O'Rourke just before he mixed 'Yankee Hotel Foxtrot', effectively a dry run for that album's more experimental impulses.
A1001	M. Ward	Transfiguration of Vincent	2003	V4		Recommended		Ward's move to Merge Records after two small-label albums, setting the template for the acoustic, tape-warm sound of 'Transistor Radio' and 'Post-War'.
A1002	My Morning Jacket	It Still Moves	2003	V4		Essential		The culmination of the reverb-drenched Southern rock built up across the first two records, and the album that connected the band to the wider jam and indie circuits alike.
A1003	Okkervil River	Down the River of Golden Dreams	2003	V4		Recommended		Bridges the spare debut and the fully arranged 'Black Sheep Boy', adding chamber-pop instrumentation to the band's folk-rock core.
A1004	Phosphorescent	A Hundred Times or More	2003	V4		Deep cut		The lo-fi seed of Houck's whole catalog, recorded alone and pointing toward the fuller-band records that followed.
A1005	Willard Grant Conspiracy	Regard the End	2003	V4		Recommended		Sounds akin to the gothic-Americana strain of 16 Horsepower and The Handsome Family, built around Fisher's baritone and a revolving cast of Boston-area musicians.
A1006	Lambchop	Aw Cmon	2004	V4		Deep cut		One half of a same-year twin release with 'No You Cmon', splitting the band's fuller-arrangement songs from its more countryish ones.
A1007	Lambchop	No You Cmon	2004	V4		Deep cut		The countrier half of the 2004 twin release, closer to the band's alt-country roots than 'Aw Cmon'.
A1008	Vetiver	Vetiver	2004	V4		Recommended		Emerged from the San Francisco freak-folk circle around Devendra Banhart, though Cabic's own sound stayed closer to soft 1970s folk-rock than his more outré collaborators.
A1009	Wilco	A Ghost Is Born	2004	V4		Essential		Extends 'Yankee Hotel Foxtrot' toward extended guitar playing that sounds indebted to Neil Young and Crazy Horse, a thread the band kept pulling once Nels Cline joined full-time.
A1010	Bright Eyes	I'm Wide Awake, It's Morning	2005	V4		Essential		The culmination of the acoustic, country-facing side of Bright Eyes' sound, with Emmylou Harris and a full country band pulling the songs toward classic Americana.
A1011	The Mountain Goats	The Sunset Tree	2005	V4	V11	Essential		Turns the storytelling craft of 'Tallahassee' toward Darnielle's own life, a shift that shaped the more confessional Mountain Goats records that followed.
A1012	My Morning Jacket	Z	2005	V4		Essential		A deliberate widening of the reverb-soaked Southern rock of 'It Still Moves' toward more varied, radio-friendly songcraft.
A1013	Okkervil River	Black Sheep Boy	2005	V4		Essential	Y	Named for and structured around Tim Hardin's 1960s folk song, extending the literate folk-rock of the first two Okkervil River albums into a full concept record.
A1014	Phosphorescent	Aw Come Aw Wry	2005	V4		Deep cut		Continues the spare, home-recorded approach of the debut just before Houck's sound opened up on 'Pride'.
A1015	Wilco	Kicking Television: Live in Chicago	2005	V4		Recommended		Documents the six-piece lineup that would define Wilco's guitar-heavy sound through 'Sky Blue Sky' and beyond.
A1016	Band of Horses	Everything All the Time	2006	V4		Essential		Sounds directly indebted to Neil Young and Crazy Horse's guitar tone and My Morning Jacket's reverb-heavy atmosphere, filtered into concise indie-rock songs.
A1017	Howe Gelb	Sno Angel Like You	2006	V4		Recommended		A solo detour from Giant Sand that pairs Gelb's desert-rock songwriting with gospel choir arrangements, unlike anything else in his catalog.
A1018	Lambchop	Damaged	2006	V4		Recommended		Continues the hushed minimalism of 'Is a Woman' with more personal, grief-inflected songwriting.
A1019	Loose Fur	Born Again in the USA	2006	V4		Deep cut		A more conventional, song-oriented follow-up to the trio's experimental 2003 debut.
A1020	M. Ward	Post-War	2006	V4		Essential		A fuller-band expansion of the sound established on 'Transfiguration of Vincent' and 'Transistor Radio'.
A1021	Shearwater	Palo Santo	2006	V4		Recommended		Formed out of Okkervil River as a side project for multi-instrumentalist Jonathan Meiburg before becoming its own band with 'Palo Santo'.
A1022	Band of Horses	Cease to Begin	2007	V4		Essential		A move toward warmer, more explicitly Southern songwriting after the debut's Pacific Northwest-recorded reverb rock.
A1023	Bright Eyes	Cassadaga	2007	V4		Recommended		Continues and thickens the full-band Americana arrangements introduced on 'I'm Wide Awake, It's Morning'.
A1024	Cass McCombs	Dropping the Writ	2007	V4		Recommended		McCombs' first release for Domino Records, opening the more widely heard phase of his catalog that led to 'Catacombs'.
A1025	Deer Tick	War Elephant	2007	V4		Deep cut		An early document of McCauley's songwriting before the band's touring lineup solidified.
A1026	Dr. Dog	We All Belong	2007	V4		Recommended		Draws on The Band and The Beach Boys' vocal-harmony pop filtered through lo-fi home recording, closer to power-pop than straight Americana.
A1027	The Felice Brothers	Tonight at the Arizona	2007	V4		Essential		Sounds indebted to The Band's Catskills Americana and old-time string-band music, filtered through a scrappier, more chaotic live-band energy.
A1028	Okkervil River	The Stage Names	2007	V4		Essential		Builds on 'Black Sheep Boy' with a bigger, more rock-band sound and a recurring set of characters carried into its companion record 'The Stand Ins'.
A1029	Phosphorescent	Pride	2007	V4		Essential		The point where Houck's lo-fi home recordings gave way to fuller, more patient country-folk arrangements, carried forward on 'To Willie' and 'Muchacho'.
A1030	Wilco	Sky Blue Sky	2007	V4		Essential		A deliberate turn toward warm guitar interplay that sounds indebted to the Band, the Grateful Dead and Crazy Horse after two more experimental records.
A1031	Blitzen Trapper	Furr	2008	V4		Essential		Blends Neil Young-style guitar rock with Bob Dylan's narrative folk-rock, a combination that defined the Portland band's mid-2000s run on Sub Pop.
A1032	Calexico	Carried to Dust	2008	V4		Recommended		A return to the widescreen desert-noir instrumentation of 'Feast of Wire' after the more straightforward songwriting of 'Garden Ruin'.
A1033	The Felice Brothers	The Felice Brothers	2008	V4		Recommended		Continues the loose, old-time string-band Americana of the debut, now with backing from Conor Oberst's Team Love label.
A1034	Giant Sand	proVISIONS	2008	V4		Deep cut		Continues the Giant Sand desert-rock line; its rambling style sounds akin to the 2000s indie-folk scene it influenced.
A1035	The Mountain Goats	Heretic Pride	2008	V4	V11	Recommended		A deliberate widening of subject matter after the autobiographical run of 'The Sunset Tree' and 'Get Lonely'.
A1036	My Morning Jacket	Evil Urges	2008	V4		Recommended		Pushes the genre-hopping widened out on 'Z' even further, absorbing funk and prog alongside the band's Southern-rock and country roots.
A1037	Okkervil River	The Stand Ins	2008	V4		Recommended		A direct sequel to 'The Stage Names', drawn from the same recording sessions and cast of characters.
A1038	Shearwater	Rook	2008	V4		Recommended		Continues the dynamically extreme chamber-folk approach of 'Palo Santo' on a larger label with a fuller studio budget.
A1039	Cass McCombs	Catacombs	2009	V4		Essential		Builds directly on the songwriting sharpened on 'Dropping the Writ', in a gentler, more country-tinged setting.
A1040	Cotton Jones	Paranoid Cocoon	2009	V4		Deep cut		Grew out of Michael Nau's earlier band Page France; its hazy country-folk sounds indebted to '60s and '70s soft rock.
A1041	Deer Tick	Born on Flag Day	2009	V4		Recommended		The record where the touring band replaced the one-man-band approach of 'War Elephant', pointing toward the tighter 'The Black Dirt Sessions'.
A1042	The Felice Brothers	Yonder Is the Clock	2009	V4		Recommended		Expands the ramshackle Americana of the first two records into darker, more historical storytelling.
A1043	Fruit Bats	The Ruminant Band	2009	V4		Recommended		A fuller-band continuation of the warm, melodic indie-folk introduced on 'Mouthfuls' and 'Spelled in Bones'.
A1044	M. Ward	Hold Time	2009	V4		Recommended		Shows the influence of Ward's work with Zooey Deschanel in She & Him carrying back into his own solo songwriting.
A1045	Megafaun	Gather, Form & Fly	2009	V4		Recommended		Grew out of the breakup of DeYarmond Edison, carrying that band's Wisconsin-to-North Carolina folk experimentation into a looser, more communal direction.
A1046	Monsters of Folk	Monsters of Folk	2009	V4	V1	Deep cut		Joins members of Bright Eyes, My Morning Jacket and M. Ward's circle; sounds like a lighter, more commercial cousin of the Centro-matic and Molina records.
A1047	Phosphorescent	To Willie	2009	V4		Recommended		A direct, explicit tribute to Willie Nelson and outlaw country, making plain the country roots underlying Houck's original songwriting.
A1048	Vetiver	Tight Knit	2009	V4		Recommended		A move to Sub Pop and a fuller, more song-oriented sound after three albums of hazier, more improvisational folk-rock.
A1049	Wilco	Wilco (The Album)	2009	V4		Recommended		Continues the classic-rock-leaning sound of 'Sky Blue Sky' with a lighter, more pop-facing touch.
A1050	Band of Horses	Infinite Arms	2010	V4		Recommended		Smooths and polishes the reverb-heavy indie-Americana sound of the first two records for a wider audience.
A1051	Blitzen Trapper	Destroyer of the Void	2010	V4		Recommended		Expands the classic-rock and folk-rock synthesis of 'Furr' into longer, more progressive song structures.
A1052	Deer Tick	The Black Dirt Sessions	2010	V4		Recommended		A turning point where the band, now including Ian O'Neil, settled into the sound that carried through 'Divine Providence'.
A1053	Dr. Dog	Shame, Shame	2010	V4		Recommended		A cleaner, more produced continuation of the harmony-pop songwriting built on 'We All Belong' and 'Fate'.
A1054	Hiss Golden Messenger	Bad Debt	2010	V4	C6	Recommended		The lo-fi seed of Taylor's long-running project, later reissued by Paradise of Bachelors.
A1055	Megafaun	Heretofore	2010	V4		Deep cut		A bridge between 'Gather, Form & Fly' and the band's self-titled 2011 album, keeping the same warm vocal-harmony approach.
A1056	Phosphorescent	Here's to Taking It Easy	2010	V4		Recommended		Carries the full-band momentum built on the 'To Willie' tour into a looser, more rock-oriented set of originals.
A1057	Strand of Oaks	Pope Killdragon	2010	V4		Deep cut		An early, folk-leaning Strand of Oaks record before Showalter's turn toward the fuller, more electric sound of 'HEAL'.
A1058	Cass McCombs	Wit's End	2011	V4		Recommended		The somber counterpart to 'Humor Risk', both released within months of each other in 2011 to show two sides of the same songwriting stretch.
A1059	Deer Tick	Divine Providence	2011	V4		Recommended		Moves away from the indie-folk tag of the earlier records; its bar-band sound is indebted to the Replacements and the Kinks.
A1060	The Felice Brothers	Celebration, Florida	2011	V4		Recommended		A deliberate break from the acoustic-leaning sound of the band's Team Love years, folding electronic textures into its Americana storytelling.
A1061	Hiss Golden Messenger	Poor Moon	2011	V4	C6	Recommended		A direct continuation of 'Bad Debt', released the following year on the newly founded Paradise of Bachelors label.
A1062	Mount Moriah	Mount Moriah	2011	V4		Recommended		Formed by musicians from North Carolina punk and metal bands (McEntire from Bellafea, Miller from Horseback), consciously turning toward country and gospel forms.
A1063	My Morning Jacket	Circuital	2011	V4		Recommended		Recorded in Louisville like the band's earliest records, and its roomy sound feels like a conscious return to them after the genre experiments of 'Evil Urges'.
A1064	Okkervil River	I Am Very Far	2011	V4		Recommended		Pushes the orchestral tendencies of 'The Stage Names' era to their most maximalist extreme before the band's later records scaled back down.
A1065	Wilco	The Whole Love	2011	V4		Recommended		Reconnects with the experimental impulses of 'Yankee Hotel Foxtrot' after two straighter classic-rock albums, now self-released through the band's own label.
A1066	Calexico	Algiers	2012	V4		Recommended		A geographic and sonic shift, recording in New Orleans rather than Tucson, while keeping the mariachi-and-twang core intact.
A1067	Lambchop	Mr. M	2012	V4		Essential		An elegiac record for Vic Chesnutt, whose 1998 'The Salesman and Bernadette' Lambchop had backed, continuing the orchestral hush of 'Damaged'.
A1068	Deer Tick	Negativity	2013	V4		Recommended		A polished counterpoint to 'Divine Providence', made with outside producer Steve Berlin.
A1069	Hiss Golden Messenger	Haw	2013	V4	C6	Recommended		Continues the path from 'Bad Debt' and 'Poor Moon' toward a fuller band sound, named for a North Carolina river.
A1070	Mount Moriah	Miracle Temple	2013	V4		Recommended		A fuller-band, Merge Records-backed refinement of the sound introduced on the self-titled debut.
A1071	Phosphorescent	Muchacho	2013	V4		Essential		The full realization of the country-folk sound built across 'Pride', 'To Willie' and 'Here's to Taking It Easy', now with a wider, more polished production palette.
A1072	Strand of Oaks	HEAL	2014	V4		Essential		A dramatic widening of Strand of Oaks' sound from the folk records into 1980s-scaled rock, with J Mascis guesting on guitar on 'Goshen '97'.
A1073	Tweedy	Sukierae	2014	V4		Recommended		The father-son duo format here became the template Tweedy carried into his later solo albums 'Warm' and 'Love Is the King'.
A1074	My Morning Jacket	The Waterfall	2015	V4		Recommended		A late-period continuation of the widened, more melodic sound the band settled into after 'Z', now filtered through James's breakup songwriting.
A1075	Wilco	Star Wars	2015	V4		Recommended		Sounds like a return to the noisier, more abrasive guitar tone of 'A Ghost Is Born', compressed into much shorter songs.
A1076	Wilco	Schmilco	2016	V4		Recommended		Came out of the same sessions as 'Star Wars', and its hushed acoustic mode sounds like a preview of Jeff Tweedy's solo album 'Warm'.
A1077	Deer Tick	Deer Tick, Vol. 1	2017	V4		Recommended		A deliberate return to the acoustic folk mode of the band's earliest records, paired as a set with the rock-facing 'Vol. 2'.
A1078	Deer Tick	Deer Tick, Vol. 2	2017	V4		Recommended		The harder-rocking half of the 2017 pair, continuing the raw sound of 'Divine Providence'.
A1079	Jeff Tweedy	Warm	2018	V4		Recommended		Continues the family-band arrangement first heard on Tweedy's 'Sukierae', and its hushed acoustic mode sounds close to Wilco's 'Schmilco'.
A1080	Phosphorescent	C'est La Vie	2018	V4		Recommended		A later-career continuation of the pedal-steel-and-synth sound Houck perfected on 'Muchacho', now recorded in his own Nashville studio.
A1081	Strand of Oaks	Eraserland	2019	V4		Recommended		Directly connects Strand of Oaks to My Morning Jacket, whose members backed Showalter on this record.
A1082	Wilco	Ode to Joy	2019	V4		Recommended		Continues the hushed, interior songwriting of 'Schmilco' but foregrounds Kotche's drums as the main instrumental voice.
A1083	Jeff Tweedy	Love Is the King	2020	V4		Recommended		A direct sequel to 'Warm', again built around the same small family-band arrangement.
A1084	Wilco	Cruel Country	2022	V4		Essential		Circles back to the alt-country of Uncle Tupelo and Wilco's own 'A.M.', now filtered through twenty years of art-rock detours.
A1085	Deer Tick	Emotional Contracts	2023	V4		Recommended		The band's most collaborative studio record, arriving after a long gap and produced by Dave Fridmann rather than a member of their usual circle.
A1086	Wilco	Cousin	2023	V4		Recommended		A left turn from the pure-country statement of 'Cruel Country' toward Cate Le Bon's more angular art-pop sensibility.
A1087	Jeff Tweedy	Twilight Override	2025	V4		Recommended		Expands the family-band solo format of 'Warm' and 'Love Is the King' into a much larger, more dynamic statement recorded at the same Loft studio as Wilco's own records.
A1088	Gillian Welch	Revival	1996	V5		Essential		Draws openly on the Stanley Brothers and the Carter Family's mountain harmony; later hushed folk from Iron & Wine, Fleet Foxes and Big Thief sounds indebted to its duo template.
A1089	Gillian Welch	Hell Among the Yearlings	1998	V5		Essential		Continues directly from Revival's Stanley Brothers and Carter Family influence, and its stark duo arrangements sound like a forerunner of the Appalachian-gothic strain later heard in Iron & Wine and Anna & Elizabeth.
A1090	Damien Jurado	Rehearsals for Departure	1999	V5		Recommended		An early entry in Sub Pop's quieter, singer-songwriter-driven side, predating Iron & Wine's arrival on the label and part of the late-1990s turn toward hushed acoustic folk on labels known for louder music.
A1091	Gillian Welch	Time (The Revelator)	2001	V5		Essential	Y	Extends the Carter Family-to-Townes Van Zandt folk lineage toward Bob Dylan and Neil Young territory, and its patient, long-form songwriting sounds like a forerunner of Big Thief's extended arrangements.
A1092	Iron & Wine	The Creek Drank the Cradle	2002	V5		Essential		Sounds indebted to Nick Drake's hushed fingerpicking and to the Southern gothic folk of Gillian Welch, filtered through lo-fi four-track home recording rather than a Nashville studio.
A1093	Josh Ritter	The Golden Age of Radio	2002	V5		Recommended		An early-2000s example of the plainspoken folk-songwriter revival, running parallel to Gillian Welch and Iron & Wine and sounding built on classic American folk and country storytelling forms.
A1094	Gillian Welch	Soul Journey	2003	V5		Recommended		A deliberate loosening of the stark Revival/Hell Among the Yearlings sound toward something that sounds indebted to the Band and Bob Dylan's Basement Tapes, a mode later full-band indie-folk acts like Fleet Foxes echo.
A1095	Alela Diane	The Pirate's Gospel	2004	V5		Recommended		Sounds rooted in old-time hymn and ballad singing, in the same plainspoken folk vein as Gillian Welch though recorded with far less studio polish.
A1096	DeYarmond Edison	DeYarmond Edison	2004	V5		Deep cut		The band Justin Vernon led before its breakup sent him back to Wisconsin to record For Emma, Forever Ago alone, making this a direct, documented root of the whole modern hushed-indie-folk singer-songwriter mode.
A1097	Iron & Wine	Our Endless Numbered Days	2004	V5		Essential	Y	Builds on The Creek Drank the Cradle with cleaner studio production; its hushed intimacy sounds like a clear precursor to Bon Iver's For Emma, Forever Ago.
A1098	Jolie Holland	Escondida	2004	V5		Recommended		Grew out of Holland's time co-founding the Be Good Tanyas, carrying old-time and blues vocal phrasing into a looser, jazz-inflected songwriting style distinct from Gillian Welch's more formal old-time revivalism.
A1099	Laura Veirs	Carbon Glacier	2004	V5		Recommended		Plainspoken, nature-imagery folk songwriting that sits comfortably beside Pacific Northwest peers like Damien Jurado, carrying a geologist's precision into old-time-adjacent folk forms.
A1100	Iron & Wine and Calexico	In the Reins	2005	V5	V4	Recommended		Pairs Iron & Wine's hushed Appalachian-inflected songwriting with Calexico's desert-noir, mariachi-tinged rock, foreshadowing the pair's full-length reunion on Years to Burn.
A1101	Laura Veirs	Year of Meteors	2005	V5		Deep cut		A continuation of Carbon Glacier's nature-focused folk songwriting with fuller indie-rock instrumentation, sounding of a piece with Northwest peers like the Decemberists.
A1102	Jolie Holland	Springtime Can Kill You	2006	V5		Deep cut		A continuation of Escondida's blues-and-old-time hybrid songwriting; Holland had earlier been a member of Vancouver's Be Good Tanyas before settling in San Francisco.
A1103	Josh Ritter	The Animal Years	2006	V5		Essential		Builds on the plainspoken storytelling of The Golden Age of Radio with fuller band arrangement, sounding of a piece with the 2000s singer-songwriter wave around Iron & Wine's early records.
A1104	Bon Iver	For Emma, Forever Ago	2007	V5		Essential		Sounds like an extension of Iron & Wine's hushed home-recording model into falsetto-led songwriting, and its sound echoes through the 2010s bedroom-folk wave.
A1105	Iron & Wine	The Shepherd's Dog	2007	V5		Essential		Widens Iron & Wine's Nick Drake/old-time base with Calexico-adjacent players and world-music percussion, moving the project further from bedroom folk toward full-band arrangement.
A1106	Marissa Nadler	Songs III: Bird on the Water	2007	V5		Recommended		Sounds rooted in old-time murder ballads and British folk balladry, in the vein of early Gillian Welch, slowed and reverbed into a gothic, slowcore-adjacent register distinct from the rest of the lane.
A1107	Meg Baird	Dear Companion	2007	V5		Recommended		Grew out of Baird's time in Espers and the Philadelphia psych-folk scene, carrying Anglo-American folk-ballad singing into the indie-folk revival in a way that sounds close to Gillian Welch and early Iron & Wine.
A1108	Damien Jurado	Caught in the Trees	2008	V5		Recommended		Sits just before Jurado's long production partnership with Richard Swift, which would push his sound in increasingly experimental directions afterward.
A1109	Fleet Foxes	Fleet Foxes	2008	V5		Essential		Fuses Anglo-American folk-revival vocal harmony with Crosby, Stills & Nash-style folk rock, sitting alongside Bon Iver and Iron & Wine at the center of the late-2000s indie-folk wave.
A1110	Fleet Foxes	Sun Giant	2008	V5		Recommended		Sounds indebted to '60s and '70s folk-rock harmony singing (Crosby, Stills & Nash, the Beach Boys) filtered through 2000s Sub Pop indie rock, and helped set up the late-2000s baroque-folk wave.
A1111	Laura Marling	Alas, I Cannot Swim	2008	V5		Recommended		Part of the mid-2000s London nu-folk scene alongside Noah and the Whale and Mumford & Sons, closer in spirit to the American Gillian Welch/Iron & Wine axis than to the festival-folk mainstream that scene later fed.
A1112	The Low Anthem	Oh My God, Charlie Darwin	2008	V5		Recommended		Sounds of a piece with the late-2000s wave of hushed, antique-instrumented indie folk around Fleet Foxes and Bon Iver, though rougher and more rooted in old hymnal and gospel forms.
A1113	Alela Diane	To Be Still	2009	V5		Recommended		Builds directly on the hymn-and-ballad feel of The Pirate's Gospel with fuller band arrangement, and sounds of a piece with Laura Veirs and Laura Gibson in the 2000s Pacific Northwest indie-folk scene.
A1114	Bon Iver	Blood Bank	2009	V5		Recommended		Bridges For Emma, Forever Ago's acoustic folk intimacy and the electronically processed vocal experiments that would come to define Bon Iver's later albums, with 'Woods' later sampled by Kanye West.
A1115	Dave Rawlings Machine	A Friend of a Friend	2009	V5		Recommended		Grew directly out of David Rawlings' years as Gillian Welch's guitarist, harmony singer and co-writer, with Welch singing on the record.
A1116	Marissa Nadler	Little Hells	2009	V5		Deep cut		A fuller-band continuation of Songs III's hazy, old-time-adjacent balladry, keeping Nadler in the same gothic-folk lane distinct from more upbeat 2000s indie folk.
A1117	Angel Olsen	Strange Cacti	2010	V5		Deep cut		Olsen went on to sing in Bonnie 'Prince' Billy's band, and the EP already sounds akin to that circle's lo-fi, unvarnished recording ethos.
A1118	Damien Jurado	Saint Bartlett	2010	V5		Essential		The start of the Jurado-Swift partnership, before Jurado's sound drifted further into psychedelia on Maraqopa and beyond.
A1119	Laura Marling	I Speak Because I Can	2010	V5		Essential		Continues Marling's move away from London nu-folk toward a more classic, Anglo-American folk-revival sound, produced by Ethan Johns in the same lineage as Ryan Adams and Kings of Leon's roots-rock records.
A1120	Laura Veirs	July Flame	2010	V5		Essential		The most melodically accessible statement of Veirs' plainspoken, nature-focused folk songwriting, self-released independently after her Nonesuch years.
A1121	Mountain Man	Made the Harbor	2010	V5		Essential		Sounds rooted in old-time Appalachian a cappella and shape-note singing; member Amelia Meath later carried that vocal sensibility into the electronic pop of Sylvan Esso.
A1122	Sharon Van Etten	Epic	2010	V5		Recommended		Plainspoken, guitar-and-voice confessional songwriting that sounds indebted to early Cat Power and Bill Callahan.
A1123	Alela Diane & Wild Divine	Alela Diane & Wild Divine	2011	V5		Recommended		A full-band evolution of To Be Still's folk-rock direction, credited jointly to the touring group that had become her creative partners.
A1124	Bon Iver	Bon Iver, Bon Iver	2011	V5		Essential		Expands For Emma's bedroom folk into fuller, orchestrated arrangement while keeping its emotional rawness; later chamber-folk records by The National and others sound indebted to it.
A1125	Fleet Foxes	Helplessness Blues	2011	V5		Essential		Extends the debut's CSN-and-British-folk-style harmony singing into more structurally ambitious, suite-like songwriting that anticipates Crack-Up.
A1126	Gillian Welch	The Harrow & the Harvest	2011	V5		Essential		A return to the sparse duo arrangements of Revival and Hell Among the Yearlings after Soul Journey's full-band detour; later hushed songwriters like Julie Byrne and Joan Shelley sound indebted to this stripped-down sound.
A1127	Iron & Wine	Kiss Each Other Clean	2011	V5		Recommended		Continues Iron & Wine's drift from bedroom folk begun on The Shepherd's Dog, arriving at arrangements that sound indebted to polished 1970s soft rock.
A1128	Angel Olsen	Half Way Home	2012	V5		Recommended		Follows her stint singing in Bonnie 'Prince' Billy's band, and its stripped-down, old-time-adjacent folk singing sounds indebted to his Palace-era records.
A1129	Sharon Van Etten	Tramp	2012	V5		Recommended		Expands Epic's confessional folk songwriting with the National's chamber-indie production sensibility, moving Van Etten from lo-fi folk singer toward a fuller indie-rock sound.
A1130	Alela Diane	About Farewell	2013	V5		Recommended		A return to The Pirate's Gospel's spare, solo-voice-and-guitar intimacy after two fuller-band records, driven by direct autobiographical songwriting rather than inherited folk-ballad form.
A1131	Iron & Wine	Ghost on Ghost	2013	V5		Recommended		Continues the horn-and-string expansion begun on Kiss Each Other Clean, moving Iron & Wine closer to 1970s singer-songwriter pop than to its old-time folk roots.
A1132	Sam Amidon	Bright Sunny South	2013	V5	V8	Recommended		Extends the traditional-song repertoire of the Anthology of American Folk Music into 2010s indie folk, sharing the song-collecting impulse behind Jake Xerxes Fussell's records.
A1133	Angel Olsen	Burn Your Fire for No Witness	2014	V5		Essential		Carries Half Way Home's old-time-folk vocal style into full-band arrangement for the first time, moving Olsen from cult lo-fi folk singer toward a wider indie-rock audience.
A1134	Julie Byrne	Rooms with Walls and Windows	2014	V5		Recommended		Sounds indebted to the hushed fingerstyle folk of Nick Drake and early Iron & Wine, recorded with the tape-based DIY informality of the 2010s Bandcamp folk underground.
A1135	Marissa Nadler	July	2014	V5		Essential		The clearest, best-produced statement of the slow, reverb-drenched old-time balladry Nadler had developed since Songs III, bridging indie folk and the slowcore lane it borders.
A1136	Dave Rawlings Machine	Nashville Obsolete	2015	V5		Recommended		Continues the Dave Rawlings Machine format established on A Friend of a Friend, with the same Nashville old-time circle of musicians built around Gillian Welch's orbit.
A1137	Jake Xerxes Fussell	Jake Xerxes Fussell	2015	V5	V8	Essential		Descends from his apprenticeships with Piedmont blues musician Precious Bryant and folklorists George Mitchell and Art Rosenbaum, carrying field-recording-era Southern folk and blues directly into the Paradise of Bachelors indie-folk catalog.
A1138	Angel Olsen	My Woman	2016	V5		Essential		Builds on Burn Your Fire's full-band folk-rock into glammier, more structurally ambitious pop songwriting, continuing to carry Olsen's old-time vocal phrasing into new arrangements.
A1139	Gillian Welch	Boots No. 1: The Official Revival Bootleg	2016	V5		Deep cut		A direct archival companion to Revival, documenting the Stanley Brothers-indebted sessions that launched Welch and Rawlings' career.
A1140	David Rawlings	Poor David's Almanack	2017	V5		Recommended		Rawlings' third album as a leader after two Dave Rawlings Machine records, still built around his partnership with Gillian Welch.
A1141	Fleet Foxes	Crack-Up	2017	V5		Recommended		Pushes Helplessness Blues' suite-like songwriting further toward prog and art-rock structure, trading some of Fleet Foxes' earlier pastoral folk directness for knottier, more demanding composition.
A1142	Iron & Wine	Beast Epic	2017	V5		Recommended		A conscious return to Our Endless Numbered Days' small-band folk intimacy after a decade of expanding orchestration, back on Sub Pop where Iron & Wine began.
A1143	Jake Xerxes Fussell	What in the Natural World	2017	V5	V8	Essential		A fuller-band continuation of the debut's archival-folk method, still rooted in the same Southern field-recording tradition passed down from his folklorist father and mentors.
A1144	Julie Byrne	Not Even Happiness	2017	V5		Essential		Extends Rooms with Walls and Windows' hushed fingerstyle folk with light electronic texture from producer Eric Littmann, a collaboration that continued on The Greater Wings.
A1145	Alela Diane	Cusp	2018	V5		Deep cut		Continues Diane's plainspoken, acoustic-led folk songwriting into a more domestic, matured phase, a decade and a half after The Pirate's Gospel.
A1146	Angel Olsen	All Mirrors	2019	V5		Essential		The furthest point yet in Olsen's move from old-time folk singing toward orchestral art-pop, though its sibling release Whole New Mess pulls the same songs back to her folk roots.
A1147	Jake Xerxes Fussell	Out of Sight	2019	V5	V8	Essential		The fullest expression of Fussell's method of turning archival Southern folk material into finished performances, an approach that recalls song collectors like Alan Lomax.
A1148	Angel Olsen	Whole New Mess	2020	V5		Recommended		The raw solo counterpart to All Mirrors, recorded before that album's orchestration; its sparse, echoing performances sound closer to Half Way Home and Strange Cacti.
A1149	Fleet Foxes	Shore	2020	V5		Recommended		A deliberate return to melodic directness after Crack-Up's art-rock detour, closing the loop on the pastoral-harmony sound the band opened with in 2008 while pointing toward a more orchestral future.
A1150	Gillian Welch	Boots No. 2: The Lost Songs, Vol. 1	2020	V5		Deep cut		An archival release of unheard Welch/Rawlings songwriting outside the official album sequence; its bootleg-series framing recalls Dylan's own archival releases.
A1151	Gillian Welch and David Rawlings	All the Good Times (Are Past & Gone)	2020	V5		Recommended		A covers record that makes explicit the Dylan, Prine and old-time-ballad lineage that had always run underneath Welch's original songwriting.
A1152	Angel Olsen	Big Time	2022	V5	C3	Recommended		A pronounced country turn away from her earlier folk and art-pop records, with pedal steel and arrangements that sound indebted to classic countrypolitan records.
A1153	Jake Xerxes Fussell	Good and Green Again	2022	V5	V8	Recommended		Extends Fussell's traditional-song method, released on Paradise of Bachelors like his earlier records.
A1154	Julie Byrne	The Greater Wings	2023	V5		Essential		Completes the hushed, string-touched folk direction Byrne and Eric Littmann began on Not Even Happiness, turning their collaboration into an elegy after his death.
A1155	Gillian Welch and David Rawlings	Woodland	2024	V5		Essential		A direct continuation of the Welch/Rawlings catalog begun on Revival, now credited jointly to both.
A1156	Iron & Wine	Light Verse	2024	V5		Deep cut		A continuation of Beast Epic's return to small-band folk arrangement, back on Sub Pop where Iron & Wine began.
A1157	Jake Xerxes Fussell	When I'm Called	2024	V5	V8	Recommended		A label change but not a sonic one, continuing the archival-folk-adaptation method Fussell established on his Paradise of Bachelors run.
A1158	Neko Case	The Virginian	1997	V6		Deep cut		An early document of Case's move from punk drumming into honky-tonk singing, made before she developed the surreal, nature-haunted songwriting of her Bloodshot and Anti- albums.
A1159	The Bottle Rockets	Brand New Year	1999	V6		Deep cut		A return to the band's Uncle Tupelo-adjacent roots-rock roots after a major-label run, keeping them within the wider 1990s-2000s insurgent country and roots-rock network.
A1160	Neko Case	Furnace Room Lullaby	2000	V6		Essential		Released on Bloodshot Records alongside labelmates like the Old 97's and Waco Brothers, placing Case squarely in the Chicago insurgent-country scene before she moved toward Anti-'s art-rock audience.
A1161	Ryan Adams	Heartbreaker	2000	V6		Essential	Y	Grew directly out of Whiskeytown's alt-country lineage, released on the same Bloodshot Records roster that carried the Old 97's and Waco Brothers.
A1162	Slaid Cleaves	Broke Down	2000	V6		Essential		Sounds indebted to the Texas singer-songwriter lineage of Guy Clark and Townes Van Zandt, carried into the 2000s Americana boom.
A1163	Ryan Adams	Gold	2001	V6		Essential		Shows Adams pulling further from Whiskeytown's twang toward mainstream rock, on the then-new Lost Highway Records.
A1164	Wayne Hancock	A-Town Blues	2001	V6	V26	Recommended		Brings Hancock's strict honky-tonk and Western-swing traditionalism, openly modeled on Hank Williams and Bob Wills, into the Bloodshot roster, giving the alt-country scene a direct link back to pre-rock country.
A1165	Caitlin Cary	While You Weren't Looking	2002	V6		Recommended		A direct continuation of the Whiskeytown lineage from the fiddle player who helped define that band's sound, now stepping into the frontwoman role on Yep Roc.
A1166	Corb Lund	Five Dollar Bill	2002	V6		Essential		Draws on Alberta's ranching and rodeo culture the way American alt-country draws on the rural Midwest and South, giving the genre a distinctly Canadian regional voice.
A1167	Kelly Willis	Easy	2002	V6		Recommended		Continues Willis's post-major-label reinvention as an Austin-based alt-country singer, following What I Deserve.
A1168	Neko Case	Blacklisted	2002	V6		Essential		The last Case solo record fully on Bloodshot before she signed with Anti-, bridging the label's insurgent-country roster and the more expansive songwriting that followed.
A1169	Rhett Miller	The Instigator	2002	V6		Deep cut		A solo offshoot from the Old 97's frontman, sharing the band's pop-leaning direction of the early 2000s.
A1170	Richmond Fontaine	Winnemucca	2002	V6		Essential		Its country-rock instrumentation sounds indebted to Gram Parsons and its songwriting to Raymond Carver's short stories, a template Vlautin kept refining with the band and later the Delines.
A1171	Ryan Adams	Demolition	2002	V6		Recommended		Continues the singer-songwriter thread from Heartbreaker while showing Adams's growing pull toward rock during his most productive stretch.
A1172	Tift Merritt	Bramble Rose	2002	V6		Recommended		Places Merritt within the Raleigh, North Carolina scene that also produced Whiskeytown and Caitlin Cary, while giving the Lost Highway roster a country-soul counterpoint to its rockier acts.
A1173	The Bottle Rockets	Blue Sky	2003	V6		Recommended		Continues the Bottle Rockets' Neil Young and Replacements-indebted roots-rock lineage into a new decade, keeping them in the wider orbit of the alt-country scene they helped launch.
A1174	Caitlin Cary	I'm Staying Out	2003	V6		Deep cut		Keeps Cary within the Raleigh-based alt-country scene that grew out of Whiskeytown, alongside labelmates and collaborators on the Yep Roc roster.
A1175	Kathleen Edwards	Failer	2003	V6		Essential		Sounds indebted to Lucinda Williams's gritty, guitar-driven alt-country, carried into the Canadian scene.
A1176	Richmond Fontaine	Post to Wire	2003	V6		Recommended		Deepens the Portland-based band's country-rock sound just as Vlautin's parallel career as a novelist was taking shape, both feeding the same cast of down-and-out characters.
A1177	Th' Legendary Shack Shakers	Cockadoodledon't	2003	V6		Deep cut		Sits at the punk-and-psychobilly edge of Bloodshot's insurgent-country roster, sounding closer to X-style cowpunk than to conventional twang.
A1178	Wayne Hancock	Swing Time	2003	V6	V26	Recommended		Keeps Hancock's honky-tonk and Western-swing revivalism tied to the same Bloodshot label that carried punk-inflected insurgent country, showing the genre's range.
A1179	William Elliott Whitmore	Hymns for the Hopeless	2003	V6		Essential		Grew out of the DIY punk touring network, with Whitmore's old-time banjo and gospel songwriting reaching hardcore audiences who then carried him into the wider alt-country and Americana world.
A1180	Neko Case	The Tigers Have Spoken	2004	V6		Recommended		Documents Case's ongoing collaboration with the Sadies, the Toronto band who also backed Jon Langford and other figures in the wider Bloodshot-adjacent alt-country network.
A1181	Old 97's	Drag It Up	2004	V6		Recommended		A return toward the band's insurgent-country roots after their major-label detour, made on New West, a label that became a hub for 2000s alt-country and Americana veterans.
A1182	The Sadies	Favourite Colours	2004	V6		Recommended		Extends the Sadies' instrumentally driven, cosmic-country sound; the band's work backing Neko Case and Jon Langford ties them to the wider Bloodshot-adjacent scene.
A1183	Slaid Cleaves	Wishbones	2004	V6		Recommended		Extends Cleaves's Texas storytelling, keeping him in the same songwriter's-songwriter lineage as Guy Clark and the Kerrville folk circuit.
A1184	Th' Legendary Shack Shakers	Believe	2004	V6		Deep cut		Continues the band's psychobilly-and-punk take on Southern gothic Americana, adjacent to but distinct from the more straightforwardly twangy Bloodshot roster.
A1185	Tift Merritt	Tambourine	2004	V6		Essential		Extends Merritt's country-soul hybrid further toward Memphis soul, keeping her within the Lost Highway roster's mix of alt-country and Americana songwriters.
A1186	Corb Lund	Hair in My Eyes Like a Highland Steer	2005	V6		Recommended		Sounds indebted to the American Bakersfield and honky-tonk tradition, filtered through Lund's Alberta ranch life.
A1187	Deadstring Brothers	Starving Winter Report	2005	V6		Recommended		Extends the Exile on Main St.-style country-rock lineage into the Bloodshot roster, giving the insurgent-country scene a British-rock-indebted counterpart to its punkier acts.
A1188	Hayes Carll	Little Rock	2005	V6	X2	Recommended		Continues the funny-sad, Prine-indebted songwriting line within Texas's singer-songwriter scene, distinct from but adjacent to the Bloodshot-style insurgent country further north.
A1189	Kathleen Edwards	Back to Me	2005	V6		Recommended		Sounds indebted to Whiskeytown and Lucinda Williams, with Edwards's Canadian alt-country pushing toward bigger rock hooks.
A1190	Richmond Fontaine	The Fitzgerald	2005	V6		Recommended		Extends the Carver-and-Springsteen-indebted storytelling of Winnemucca and Post to Wire into a full concept album, tying the band's music explicitly to Vlautin's novels of the same milieu.
A1191	Robbie Fulks	Georgia Hard	2005	V6		Essential		Sounds indebted to the Bakersfield and honky-tonk tradition, made by a songwriter who helped define the 1990s Bloodshot insurgent-country sound.
A1192	Ryan Adams	29	2005	V6		Deep cut		Caps Adams's remarkable 2005 run of three full-length albums on Lost Highway, all drawing on different corners of the alt-country and country-rock lineage.
A1193	Ryan Adams	Cold Roses	2005	V6		Essential		Sounds indebted to the Cosmic American Music of Gram Parsons and the Grateful Dead's country-rock side, made during Adams's Lost Highway years.
A1194	Ryan Adams	Jacksonville City Nights	2005	V6		Recommended		Sounds indebted to classic honky-tonk and Bakersfield country, named after the North Carolina town where Adams grew up.
A1195	Scott H. Biram	The Dirty Old One Man Band	2005	V6		Recommended		Applies Bloodshot's insurgent-country ethos to a solo one-man-band format, closer to punk-blues than to any conventional country arrangement.
A1196	The Bottle Rockets	Zoysia	2006	V6		Recommended		Places the Bottle Rockets on the Bloodshot Records roster that also carried Old 97's and the Waco Brothers.
A1197	Eilen Jewell	Boundary County	2006	V6		Deep cut		Sounds indebted to the same pre-rock country and rockabilly revivalism as Wanda Jackson, filtered through a hushed, understated vocal delivery distinct from most alt-country peers.
A1198	Neko Case	Fox Confessor Brings the Flood	2006	V6		Essential	Y	Case's move to Anti- expanded her audience beyond the insurgent-country scene without abandoning pedal steel and drawl, becoming a touchstone for the 2000s wave of literary alt-country songwriters.
A1199	Scott H. Biram	Graveyard Shift	2006	V6		Deep cut		Extends Biram's fusion of Delta blues, honky-tonk, and punk energy, showing the rougher, punk-adjacent edge of the Bloodshot roster's insurgent-country umbrella.
A1200	Slaid Cleaves	Unsung	2006	V6		Deep cut		Makes the Texas songwriter circuit Cleaves draws from explicit by covering songs from lesser-known peers rather than writing new originals.
A1201	William Elliott Whitmore	Song of the Blackbird	2006	V6		Recommended		Continues Whitmore's old-time, gospel-inflected solo banjo tradition, a direct link between the DIY punk circuit and the deeper roots of American folk and blues.
A1202	Corb Lund	Horse Soldier! Horse Soldier!	2007	V6		Recommended		Extends Lund's Alberta-rooted country songwriting into broader historical storytelling, staying within the same traditionalist instrumentation as his earlier records.
A1203	Deadstring Brothers	Silver Mountain	2007	V6		Deep cut		Continues the Deadstring Brothers' British-rock-inflected country-rock within the Bloodshot Records catalog, a rockier counterpart to the label's twangier acts.
A1204	Eilen Jewell	Letters from Sinners & Strangers	2007	V6		Recommended		Continues Jewell's blend of 1950s and '60s country phrasing with a spare, indie-folk sensibility, part of the broader 2000s retro-country revival.
A1205	Elizabeth Cook	Balls	2007	V6		Essential		Sits alongside Justin Townes Earle and Caitlin Rose as a Nashville outsider working in classic country forms, a kinship of approach rather than a direct link.
A1206	Kelly Willis	Translated from Love	2007	V6		Recommended		Pushes Willis's Austin alt-country toward rockier textures; it sounds akin to the Texas songwriter scene of Robert Earl Keen and Slaid Cleaves.
A1207	Richmond Fontaine	Thirteen Cities	2007	V6		Essential		Brings the Southwestern desert-rock textures of Calexico into Richmond Fontaine's Portland-based alt-country, widening the sound without abandoning its short-story songwriting.
A1208	Ryan Adams	Easy Tiger	2007	V6		Recommended		Shows the pop-leaning endpoint of Adams's mid-2000s evolution away from strict alt-country, still on Lost Highway.
A1209	The Sadies	New Seasons	2007	V6		Recommended		Ties the Sadies directly to the original No Depression-era alt-country generation through producer Gary Louris of the Jayhawks.
A1210	Caitlin Rose	Dead Flowers	2008	V6		Deep cut		An early entry point into Rose's Nashville-outsider country sound, part of the same 2000s scene of indie-adjacent country singers working outside Music Row.
A1211	Hayes Carll	Trouble in Mind	2008	V6	X2	Essential		Joins Carll to the Lost Highway roster that carried Ryan Adams and Lucinda Williams, tying his Texas troubadour style into the broader 2000s alt-country and Americana network.
A1212	Jessica Lea Mayfield	With Blasphemy So Heartfelt	2008	V6	V12	Recommended		Grew out of Mayfield's bluegrass-family background in Ohio, filtered through a slower, more hushed indie-country sensibility distinct from her family band's traditional sound.
A1213	Justin Townes Earle	The Good Life	2008	V6		Essential		Draws directly on his father Steve Earle's Nashville lineage while developing his own fingerpicked, pre-rock-and-roll country sound on Bloodshot Records.
A1214	Kathleen Edwards	Asking for Flowers	2008	V6		Essential		Extends Edwards's alt-country songwriting into more political territory, sounding of a piece with the guitar-driven work of Neko Case and Lucinda Williams.
A1215	Old 97's	Blame It on Gravity	2008	V6		Recommended		Continues the band's steady New West run, keeping them tied to the alt-country network even as their sound leans further toward power pop.
A1216	Tift Merritt	Another Country	2008	V6		Recommended		A quieter turn in Merritt's catalog after the more rock-oriented Tambourine, still rooted in the same Raleigh-bred country-soul sensibility.
A1217	The Bottle Rockets	Lean Forward	2009	V6		Deep cut		Keeps the Bottle Rockets on Bloodshot; their roots rock sounds indebted to Woody Guthrie and the Replacements.
A1218	Cory Chisel	Death Won't Send a Letter	2009	V6		Recommended		Draws on gospel and soul as much as country, part of the wider 2000s Americana boom's spiritual-folk wing alongside artists like the Civil Wars.
A1219	Ha Ha Tonka	Novel Sounds of the Nouveau South	2009	V6		Recommended		Brings Ozark-region folk harmony singing into the Bloodshot roster's insurgent-country umbrella, alongside rock-leaning labelmates like the Bottle Rockets.
A1220	Justin Townes Earle	Midnight at the Movies	2009	V6		Recommended		Continues Earle's pre-rock acoustic style on Bloodshot Records; it sounds indebted to Delta blues and early Nashville country.
A1221	Neko Case	Middle Cyclone	2009	V6		Essential		Extends the widescreen songwriting of Fox Confessor Brings the Flood into more maximalist territory on Anti-.
A1222	Wayne Hancock	Viper of Melody	2009	V6	V26	Deep cut		A continuation of Hancock's strict honky-tonk revivalism on Bloodshot, a lineage that ties the insurgent-country scene directly back to prewar country and Western swing.
A1223	William Elliott Whitmore	Animals in the Dark	2009	V6		Recommended		Extends Whitmore's old-time punk-and-gospel hybrid into a fuller, more political sound, joining him to the same Anti- label roster as Neko Case.
A1224	Caitlin Rose	Own Side Now	2010	V6		Essential		Places Rose within the Nashville-outsider wing of 2000s-2010s alt-country, working in classic country forms without the trappings of the city's mainstream industry.
A1225	Elizabeth Cook	Welder	2010	V6		Essential		Continues Cook's classicist Nashville-outsider country into a more expansive, rock-adjacent sound while keeping her family's honky-tonk roots audible throughout.
A1226	Hurray for the Riff Raff	Young Blood Blues	2010	V6		Deep cut		Grew out of Segarra's time in New Orleans's busking and old-time string-band scene, a starting point for the more polished alt-country songwriting that followed.
A1227	Joe Pug	Messenger	2010	V6		Recommended		Sounds indebted to the Woody Guthrie-to-Dylan folk songwriting lineage, closer to folk revivalism than to twangy alt-country proper.
A1228	Justin Townes Earle	Harlem River Blues	2010	V6		Essential		Broadens Earle's acoustic Nashville sound with gospel and soul textures that sound indebted to his new New York surroundings, still on Bloodshot Records.
A1229	Old 97's	The Grand Theatre, Volume One	2010	V6		Deep cut		A return to a rootsier, faster version of the band's sound after the more polished Blame It on Gravity, still on New West alongside labelmates working the same alt-country circuit.
A1230	Amanda Shires	Carrying Lightning	2011	V6	V7	Recommended		Grew out of Shires's years as a fiddle player for Texas swing and country acts before she stepped forward as a singer-songwriter within the wider Americana scene.
A1231	Eilen Jewell	Queen of the Minor Key	2011	V6		Essential		Sounds indebted to classic country and rockabilly, given a cool, cinematic treatment in the manner of other retro-minded 2000s Americana singers.
A1232	Ha Ha Tonka	Death of a Decade	2011	V6		Deep cut		Extends Ha Ha Tonka's Ozark-folk-harmony take on Southern rock, staying within the Bloodshot lineage while pushing toward more anthemic, radio-ready songwriting.
A1233	Hayes Carll	KMAG YOYO	2011	V6	X2	Recommended		Shows Carll pushing his Texas troubadour songwriting into more explicitly political and expansive territory, while staying rooted in the same storytelling tradition.
A1234	Jessica Lea Mayfield	Tell Me	2011	V6	V12	Deep cut		Continues Mayfield's slow-motion, hushed take on Midwestern country-folk, keeping her tied to the same indie-adjacent Americana scene as her Black Keys collaborator.
A1235	Jonny Fritz	Down on the Bikini Line	2011	V6	C2	Recommended		Sounds indebted to the deadpan, funny-sad songwriting of John Prine and Tom T. Hall, sharing a Nashville outsider scene with Andrew Combs and Caitlin Rose.
A1236	Lydia Loveless	Indestructible Machine	2011	V6		Essential		Places Loveless directly in the Bloodshot Records lineage that runs from the Old 97's and Waco Brothers through to 2010s cowpunk revivalists.
A1237	Richmond Fontaine	The High Country	2011	V6		Recommended		The furthest extension of Vlautin's parallel careers as novelist and songwriter, turning Richmond Fontaine's alt-country into a vehicle for a single sustained narrative.
A1238	Ryan Adams	Ashes & Fire	2011	V6		Recommended		Closes the loop back to Heartbreaker's spare singer-songwriter sound after a decade of genre experiments, released on Adams's own Pax-Am imprint after his Lost Highway years.
A1239	Andrew Combs	Worried Man	2012	V6		Recommended		Sounds indebted to the 1970s Nashville songwriter tradition, of a piece with contemporaries like Caitlin Rose working outside the mainstream industry.
A1240	Corb Lund	Cabin Fever	2012	V6		Recommended		Released through New West Records, tying Lund's Alberta ranch-country to an American alt-country label network.
A1241	Cory Chisel	Old Believers	2012	V6		Recommended		Continues Chisel's gospel-and-soul-inflected Americana into fuller orchestration, keeping him tied to a wider network of Nashville and Wisconsin collaborators.
A1242	Hurray for the Riff Raff	Look Out Mama	2012	V6		Recommended		A transitional record between Hurray for the Riff Raff's busking roots and the more pointed songwriting of Small Town Heroes, released in the UK by Loose Music.
A1243	Joe Pug	The Great Despiser	2012	V6		Deep cut		Extends Pug's folk-revivalist songwriting into fuller arrangements, keeping him adjacent to the alt-country scene without fully adopting its twang.
A1244	Kathleen Edwards	Voyageur	2012	V6		Recommended		Marks Edwards's furthest drift from the Lucinda Williams-style alt-country of her debut toward indie-folk, before she paused her music career to run a coffee shop.
A1245	Amanda Shires	Down Fell the Doves	2013	V6	V7	Recommended		Continues Shires's evolution from sideman fiddler to singer-songwriter, sounding of a piece with the literate Americana she would later pursue with the Highwomen.
A1246	Caitlin Rose	The Stand-In	2013	V6		Recommended		Continues Rose's classicist country songwriting in a more polished register; it sounds akin to other Nashville-outsider traditionalists such as Justin Townes Earle.
A1247	Daniel Romano	Come Cry with Me	2013	V6		Recommended		A deliberate, scholarly homage to the Nashville Sound and honky-tonk era, made by a Canadian songwriter who came to country music through punk rather than family tradition.
A1248	Jonny Fritz	Dad Country	2013	V6	C2	Recommended		Sounds indebted to John Prine's deadpan, funny-sad songwriting, now with cleaner production.
A1249	Neko Case	The Worse Things Get, the Harder I Fight, the Harder I Fight, the More I Love You	2013	V6		Recommended		Continues Case's Anti- run of increasingly personal, orchestrated songwriting, distinct from but indebted to the twangier records that launched her out of the Bloodshot scene.
A1250	Robbie Fulks	Gone Away Backward	2013	V6		Recommended		Returns Fulks to the Bloodshot roster he helped define in the 1990s, this time working in a stripped-down old-time and bluegrass mode.
A1251	The Delines	Colfax	2014	V6		Essential		Formed by Richmond Fontaine's Willy Vlautin, moving his short-story songwriting toward a soul-country hybrid built around a different vocalist.
A1252	Hurray for the Riff Raff	Small Town Heroes	2014	V6		Essential		Rewrites the murder-ballad and old-time folk tradition, sounding indebted to the Carter Family line, with New Orleans's traditional-music scene as its launching point.
A1253	Justin Townes Earle	Single Mothers	2014	V6		Recommended		Continues Earle's finger-style, Nashville-rooted songwriting into a new chapter after leaving Bloodshot, still tracing back to the same Southern storytelling lineage.
A1254	Kelsey Waldon	The Goldmine	2014	V6	V7	Recommended		Grows out of Nashville's East Side DIY country scene, the same milieu that produced Margo Price, applying it to a traditional honky-tonk sound rooted in rural Kentucky.
A1255	Lydia Loveless	Somewhere Else	2014	V6		Essential		Continues Loveless's run on Bloodshot; its harder-rocking alt-country sounds indebted to the label's cowpunk tradition.
A1256	Old 97's	Most Messed Up	2014	V6		Recommended		A late-career return to the loose, twangy rock of the band's earliest Bloodshot records, now filtered through two decades of road experience.
A1257	Scott H. Biram	Nothin' But Blood	2014	V6		Deep cut		Keeps Biram's punk-blues-gospel hybrid within the Bloodshot roster, a rougher counterpart to the label's more straightforwardly twangy acts.
A1258	Andrew Combs	All These Dreams	2015	V6		Recommended		Extends Combs's countrypolitan songwriting into fuller, more orchestrated arrangements, keeping him within the same Nashville-outsider lineage as Elizabeth Cook and Caitlin Rose.
A1259	The Bottle Rockets	South Broadway Athletic Club	2015	V6		Recommended		A late entry in the Bottle Rockets' Bloodshot Records run, still rooted in the same Missouri-Illinois roots-rock scene that produced Uncle Tupelo.
A1260	Daniel Romano	If I've Only One Time Askin'	2015	V6		Recommended		Extends Romano's studious honky-tonk revivalism into the classic country duet tradition, joining the same New West roster as several other 2000s-2010s alt-country acts.
A1261	The Deslondes	The Deslondes	2015	V6	C3	Recommended		Grew out of the same New Orleans scene that produced Hurray for the Riff Raff and Esther Rose, several of whose members have crossed paths with the Deslondes.
A1262	Sarah Shook & the Disarmers	Sidelong	2015	V6	C3	Recommended		Grew out of the Chapel Hill, NC scene, and its Bloodshot reissue tied it into the Bloodshot Records alt-country network; its storytelling also resembles the Drive-By Truckers-descended lane.
A1263	Whitney Rose	Heartbreaker of the Year	2015	V6		Recommended		Sounds of a piece with the classic honky-tonk revivalism of Daniel Romano and other Canadian traditionalists working a vintage Nashville sound.
A1264	Amanda Shires	My Piece of Land	2016	V6	V7	Recommended		A personal, fiddle-centered entry in the same Nashville Americana scene that also produced Isbell's solo work, though tracing its own distinct songwriting path.
A1265	Daniel Romano	Mosey	2016	V6		Recommended		Pulls Romano's honky-tonk revivalism toward the Cosmic American Music lineage of Gram Parsons and the Byrds, broadening his sound considerably.
A1266	Elizabeth Cook	Exodus of Venus	2016	V6		Recommended		Shows Cook stretching her Nashville-outsider country sound toward rock and psychedelia, while staying tied to the same classic-country vocal foundation.
A1267	Hayes Carll	Lovers and Leavers	2016	V6	X2	Recommended		Marks a mature turn in Carll's Texas singer-songwriter catalog toward the hushed, confessional end of the alt-country spectrum.
A1268	Kelsey Waldon	I've Got a Way	2016	V6	V7	Recommended		Continues Waldon's traditional honky-tonk songwriting just before she joined the Oh Boy Records roster built around John Prine's own catalog.
A1269	Lydia Loveless	Real	2016	V6		Recommended		Pulls Loveless's Bloodshot-rooted alt-country toward textures that sound indebted to 1980s heartland pop.
A1270	Robbie Fulks	Upland Stories	2016	V6		Essential		Extends Fulks's late-career turn toward spare, old-time-inflected songwriting, keeping him tied to Bloodshot Records across three decades of the label's history.
A1271	Andrew Combs	Canyons of My Mind	2017	V6		Deep cut		Shows Combs stretching his Nashville countrypolitan sound toward moodier, more contemporary production while staying within the same songwriter-focused Americana lineage.
A1272	Daniel Romano	Modern Pressure	2017	V6		Deep cut		Continues Romano's move from honky-tonk purism toward psychedelic country-rock that sounds indebted to Gram Parsons-era Cosmic American Music.
A1273	The Deslondes	Hurry Home	2017	V6	C3	Deep cut		Continues the Deslondes' revival of pre-Beatles country and rockabilly forms, part of the same New Orleans-adjacent scene as several other 2010s alt-country acts.
A1274	Hurray for the Riff Raff	The Navigator	2017	V6		Essential		Pushes Hurray for the Riff Raff's Americana roots toward Segarra's own Puerto Rican heritage, widening the band's palette well past the string-band sound of their earlier records.
A1275	Justin Townes Earle	Kids in the Street	2017	V6		Recommended		A later-career return to reflective, autobiographical songwriting within the same acoustic Nashville tradition Earle had worked in since his Bloodshot debut.
A1276	The Sadies	Northern Passages	2017	V6		Recommended		Continues the Sadies' long-running cosmic-country instrumental style, still tied to the wider Canadian and Bloodshot-adjacent alt-country network they've anchored for two decades.
A1277	Whitney Rose	Rule 62	2017	V6		Recommended		Extends Rose's vintage honky-tonk revivalism, sounding akin to the classic-country reverence of Daniel Romano's records.
A1278	Neko Case	Hell-On	2018	V6		Recommended		The furthest extension yet of the art-rock direction Case took after leaving Bloodshot, still carrying the alt-country DNA of her early records in its storytelling and vocal delivery.
A1279	Sarah Shook & the Disarmers	Years	2018	V6	C3	Recommended		The follow-up to Sidelong on Bloodshot Records, the Chicago insurgent-country label; its punk-edged honky-tonk sounds indebted to that label's outlaw-leaning tradition.
A1280	The Delines	The Imperial	2019	V6		Recommended		Continues the Delines' refinement of Richmond Fontaine's storytelling lineage into a hushed, horn-inflected style closer to countrypolitan soul.
A1281	Esther Rose	You Made It This Far	2019	V6		Recommended		Grew out of the same New Orleans old-time and Cajun-adjacent scene that also shaped the Deslondes and Hurray for the Riff Raff, applying it to spare, direct breakup songwriting.
A1282	Justin Townes Earle	The Saint of Lost Causes	2019	V6		Essential		The last chapter of Earle's finger-picked songwriting, its socially conscious folk sounding indebted to Woody Guthrie and his father's protest songs.
A1283	Kelsey Waldon	White Noise/White Lines	2019	V6	V7	Essential		Ties Waldon directly to the deadpan, storytelling lineage of John Prine, whose label released the record, while keeping her sound in a straight honky-tonk mode.
A1284	Elizabeth Cook	Aftermath	2020	V6		Recommended		Extends Cook's late-career move from honky-tonk revivalism toward rawer, more autobiographical rock-inflected songwriting.
A1285	Lydia Loveless	Daughter	2020	V6		Recommended		Marks Loveless's departure from the Bloodshot roster into full independence, still carrying the label's cowpunk DNA into a more rock-oriented sound.
A1286	Old 97's	Twelfth	2020	V6		Deep cut		A late continuation of the Old 97's catalog on ATO Records, still tracing directly back to the Bloodshot-era Dallas scene that first defined the band.
A1287	Esther Rose	How Many Times	2021	V6		Recommended		Extends Rose's New Orleans-rooted old-time country songwriting, keeping her closely tied to the city's small but influential traditional-country revival scene.
A1288	Caitlin Rose	Cazimi	2022	V6		Deep cut		A later chapter in Rose's Nashville-outsider country catalog, returning to the same classicist sound after a decade-long gap between albums.
A1289	The Delines	The Sea Drift	2022	V6		Recommended		Extends the Delines' soul-country sound with a new regional focus, keeping the band tied to Vlautin's wider body of fiction and song about working-class American life.
A1290	The Deslondes	Ways & Means	2022	V6	C3	Deep cut		A continuation of the Deslondes' old-time and honky-tonk revivalism, tying the New Orleans scene into the wider 2010s-2020s new alt-country and honky-tonk movement.
A1291	Hurray for the Riff Raff	Life on Earth	2022	V6		Recommended		Shows Segarra's evolution from New Orleans folk and old-time string-band music into a larger, electronically inflected songwriting practice, still tied to the same storytelling instincts.
A1292	The Sadies	Colder Streams	2022	V6		Recommended		Closes out the Sadies' three-decade run within the Bloodshot-adjacent Canadian alt-country scene they helped anchor alongside Neko Case and Jon Langford.
A1293	Sarah Shook & the Disarmers	Nightroamer	2022	V6	C3	Recommended		Continues the honky-tonk-and-punk sound of Sidelong and Years under a new label home, with Pete Anderson producing.
A1294	Esther Rose	Safe to Run	2023	V6	C3	Recommended		Keeps Rose within the same New West roster as Corb Lund and the Deslondes, broadening her New Orleans old-time sound toward more mainstream alt-country production.
A1295	Lydia Loveless	Nothing's Gonna Stand in My Way Again	2023	V6		Recommended		Returns Loveless to Bloodshot Records; her twangy rock sounds akin to the label's Old 97's-style insurgent country.
A1296	Hurray for the Riff Raff	The Past Is Still Alive	2024	V6		Essential		A late-career return to Hurray for the Riff Raff's Americana and old-time roots after a detour into electronic pop, closing a circle back to the New Orleans folk scene that produced the band.
A1297	Sarah Shook & the Disarmers	Revelations	2024	V6	C3	Recommended		Continues the honky-tonk-punk sound established on Sidelong within the same North Carolina-rooted band.
A1298	The Delines	Mr. Luck & Ms. Doom	2025	V6		Deep cut		The latest entry in the Delines' ongoing extension of the Richmond Fontaine storytelling tradition into hushed, soul-inflected country.
A1299	Esther Rose	Want	2025	V6	C3	Recommended		The latest chapter in Rose's New Orleans-to-New-West arc, extending the city's old-time country revival into a more polished, wider-audience sound.
A1300	Neko Case	Neon Grey Midnight Green	2025	V6		Recommended		The latest chapter of Case's post-Bloodshot Anti- catalog, still tracing back to the twangy songwriting that first got her grouped with the 2000s alt-country scene.
A1301	Nikki Lane	Walk of Shame	2011	V7		Recommended		Channels 1960s girl-group toughness and classic honky-tonk sass (Wanda Jackson, early Loretta Lynn) into the emerging 2010s outlaw revival.
A1302	Sturgill Simpson	High Top Mountain	2013	V7		Essential		Grows out of the hard country of Merle Haggard and George Jones, filtered through Simpson's bluegrass background; it set the stage for the genre-hopping he started on Metamodern Sounds.
A1303	Nikki Lane	All or Nothin'	2014	V7		Essential		Builds on Walk of Shame's honky-tonk sass with more polished outlaw-revival production, of a piece with the wave that includes Margo Price and Colter Wall.
A1304	Sturgill Simpson	Metamodern Sounds in Country Music	2014	V7		Essential	Y	Sounds indebted to Gram Parsons's Cosmic American Music filtered through outlaw twang; its crossover success helped open doors for the 2010s neo-traditional wave, including Tyler Childers, whose breakout Simpson co-produced.
A1305	Charley Crockett	A Stolen Jewel	2015	V7	X2	Deep cut		Grows out of his years as a street musician steeped in old blues and country 78s, the raw seed of the vintage-soul-and-country sound he'd refine on later albums.
A1306	Cody Jinks	Adobe Sessions	2015	V7	X2	Recommended		Grows out of the DIY Texas country touring circuit, following a self-reliant independent path similar to Whitey Morgan's.
A1307	Colter Wall	Imaginary Appalachia	2015	V7		Recommended		Sounds indebted to the old-time Appalachian ballad tradition, filtered through a Canadian prairie perspective.
A1308	Sam Outlaw	Angeleno	2015	V7		Recommended		Sounds indebted to the Southern California country tradition of Buck Owens and the Bakersfield sound, filtered through LA's contemporary Americana scene.
A1309	Whitey Morgan and the 78's	Sonic Ranch	2015	V7		Recommended		Sounds like a direct continuation of 1970s outlaw country (Waylon Jennings, David Allan Coe) relocated to a Rust Belt touring circuit.
A1310	Brent Cobb	Shine on Rainy Day	2016	V7	X1	Recommended		Draws on Southern country-soul and the laid-back groove of J.J. Cale and Tony Joe White, a softer, funkier strand within the neo-traditional revival.
A1311	Cody Jinks	I'm Not the Devil	2016	V7	X2	Essential		Jinks came to country after playing in a metal band; the record sounds indebted to Waylon Jennings-style outlaw country, an unusually heavy entry in the revival.
A1312	Margo Price	Midwest Farmer's Daughter	2016	V7		Essential		Directly channels Loretta Lynn and Tammy Wynette-style honky-tonk confessional songwriting into the 2010s outlaw revival.
A1313	Paul Cauthen	My Gospel	2016	V7		Recommended		Fuses classic outlaw country with East Texas gospel and soul traditions, an unusually theatrical entry within the neo-outlaw revival.
A1314	Sturgill Simpson	A Sailor's Guide to Earth	2016	V7		Essential		Follows Metamodern Sounds' genre-blurring instinct further from Nashville orthodoxy, sounding indebted to Muscle Shoals soul and Waylon Jennings-era concept records.
A1315	Charley Crockett	Lil' G.L.'s Honky Tonk Jubilee	2017	V7	X2	Recommended		Refines the vintage honky-tonk sound of his early records, closer to 1950s Nashville than to contemporary country, with phrasing that sounds indebted to George Jones.
A1316	Colter Wall	Colter Wall	2017	V7		Essential		Extends the Imaginary Appalachia sound with Dave Cobb's spare production, tying Wall to the same outlaw-revival lineage as Sturgill Simpson and Jason Isbell (also Cobb productions).
A1317	Jaime Wyatt	Felony Blues	2017	V7		Recommended		Echoes the classic outlaw-country confessional tradition, including Merle Haggard's prison songs, from a contemporary perspective.
A1318	Margo Price	All American Made	2017	V7		Essential		Extends her honky-tonk foundation toward socially conscious songwriting that sounds indebted to Merle Haggard and Loretta Lynn's message songs.
A1319	Nikki Lane	Highway Queen	2017	V7		Recommended		Pulls the honky-tonk outlaw persona toward imagery that recalls Gram Parsons's Cosmic American Music and desert-rock atmosphere.
A1320	Sam Outlaw	Tenderheart	2017	V7		Deep cut		Continues the same Bakersfield-by-way-of-LA countrypolitan lineage established on Angeleno.
A1321	Tyler Childers	Purgatory	2017	V7		Essential	Y	Sounds indebted to the hard-luck storytelling of John Prine and Steve Earle, recast in a specifically eastern-Kentucky voice; Sturgill Simpson's co-production ties it directly to the 2010s outlaw revival.
A1322	Zephaniah OHora	This Highway	2017	V7		Recommended		A direct homage to the countrypolitan and Bakersfield sounds of Ray Price, Merle Haggard, and George Jones, carried out from an unexpected New York honky-tonk scene.
A1323	Brent Cobb	Providence Canyon	2018	V7	X1	Recommended		Continues the same Southern country-soul lineage of his debut, tying the neo-outlaw scene to a gentler, groove-driven Georgia strand.
A1324	Charley Crockett	Lonesome as a Shadow	2018	V7	X2	Recommended		Bridges his honky-tonk base with New Orleans and Gulf Coast soul, broadening the sound beyond straight Bakersfield revivalism.
A1325	Cody Jinks	Lifers	2018	V7	X2	Recommended		Continues the heavy-outlaw formula of I'm Not the Devil with slightly more mainstream polish, reflecting his growing crossover audience.
A1326	Colter Wall	Songs of the Plains	2018	V7		Essential		Sounds indebted to classic cowboy songs and Marty Robbins's Western records, with Wall covering traditional material alongside his originals.
A1327	Joshua Hedley	Mr. Jukebox	2018	V7		Recommended		Sounds like a studious recreation of the 1960s Nashville Sound (Owen Bradley, Ray Price), the most classicist corner of the lane alongside Zephaniah OHora.
A1328	Whitey Morgan and the 78's	Hard Times and White Lines	2018	V7		Deep cut		Continues the same 1970s-outlaw-revival lineage as Sonic Ranch, keeping Morgan's Midwestern honky-tonk persona intact.
A1329	Willi Carlisle	To Tell You the Truth	2018	V7	C5	Deep cut		Sounds indebted to old-time folk and cowboy-poetry traditions, connecting the Guthrie-to-Townes folk songwriting line to the current DIY neo-traditional scene.
A1330	Charles Wesley Godwin	Seneca	2019	V7	X2	Recommended		Sounds indebted to the Southern storytelling rock line from Skynyrd through Drive-By Truckers, with a specifically West Virginia focus.
A1331	Charley Crockett	The Valley	2019	V7	X2	Recommended		Continues his vintage honky-tonk sound while turning it toward direct autobiography, reinforcing his connection to Texas borderland country traditions.
A1332	Ian Noe	Between the Country	2019	V7		Essential		Follows the Prine/Tom T. Hall deadpan storytelling line and sits alongside Tyler Childers as part of the Appalachian-storyteller strand of the neo-outlaw scene.
A1333	Joshua Ray Walker	Wish You Were Here	2019	V7		Essential		Sounds indebted to classic honky-tonk storytelling (George Jones, Roger Miller), with an unusual, almost yodeling vocal style.
A1334	Nick Shoulders	Okay, Crawdad	2019	V7	C3	Recommended		Draws directly on Jimmie Rodgers-style yodeling and old-time string-band music, an unusually deep-roots strand within the neo-outlaw revival.
A1335	Paul Cauthen	Room 41	2019	V7		Recommended		Continues the gospel-outlaw fusion of My Gospel with darker, more personal songwriting.
A1336	Sturgill Simpson	Sound & Fury	2019	V7		Recommended		Owes more to Southern arena rock and Neil Young & Crazy Horse's guitar noise than to country, showing how far the neo-traditional wave's most restless figure would range.
A1337	Tyler Childers	Country Squire	2019	V7		Essential		Extends Purgatory's plainspoken storytelling with a rockier band sound, continuing the Hickman Holler lineage that runs through his whole catalog.
A1338	Vincent Neil Emerson	Fried Chicken and Evil Women	2019	V7		Recommended		Sounds indebted to the Texas songwriter tradition of Guy Clark and Townes Van Zandt feeding into the 2010s revival.
A1339	Arlo McKinley	Die Midwestern	2020	V7	V3	Essential		Signed to John Prine's Oh Boy label, McKinley writes in a plainspoken, hard-luck style that sounds indebted to Prine, set in the Rust Belt Midwest.
A1340	Brennen Leigh	Prairie Love Letter	2020	V7	X4	Recommended		Draws on bluegrass and old-time picking traditions applied to a specifically northern-prairie songwriting focus, distinct from the lane's Southern and Texan centers of gravity.
A1341	Charley Crockett	Welcome to Hard Times	2020	V7	X2	Essential		Pushes his classic country sound toward a more cinematic, countrypolitan-adjacent arrangement style while keeping the same vintage vocal delivery.
A1342	Colter Wall	Western Swing & Waltzes and Other Punchy Songs	2020	V7		Recommended		Sounds indebted to Bob Wills-style Western swing, connecting the neo-outlaw revival back to Texas swing traditions.
A1343	Jaime Wyatt	Neon Cross	2020	V7		Essential		Adds Shooter Jennings' cosmic-country and glam influences to Wyatt's outlaw-confessional foundation, linking her to the broader Cosmic American Music strand.
A1344	Joshua Ray Walker	Glad You Made It	2020	V7		Recommended		Continues the honky-tonk character-study approach of Wish You Were Here, part of the Dallas-based wing of the neo-traditional revival.
A1345	Margo Price	That's How Rumors Get Started	2020	V7		Recommended		Shows the same Simpson-produced pivot toward rock textures that also marked Sound & Fury, pulling the neo-traditional scene toward 1970s Southern rock.
A1346	Sturgill Simpson	Cuttin' Grass, Vol. 1 (The Butcher Shoppe Sessions)	2020	V7	X4	Recommended		A direct bluegrass reworking of his own outlaw-country catalog, connecting back to the old-time/bluegrass tradition that also runs through Colter Wall and the Local Honeys.
A1347	Sturgill Simpson	Cuttin' Grass, Vol. 2 (The Cowboy Arms Sessions)	2020	V7	X4	Deep cut		Continues the Vol. 1 concept of recasting his outlaw-country songbook as bluegrass, tying his catalog to the old-time string-band tradition.
A1348	Tyler Childers	Long Violent History	2020	V7		Recommended		Rooted directly in old-time Appalachian fiddle music, with the title track extending the Southern storytelling tradition into explicit contemporary politics.
A1349	Zephaniah OHora	Listening to the Music	2020	V7		Recommended		Continues the countrypolitan lineage of This Highway, further cementing the New York honky-tonk scene's ties to 1960s Nashville production values.
A1350	Charles Wesley Godwin	How the Mighty Fall	2021	V7	X2	Recommended		Continues the Southern storytelling rock lineage of Seneca, moving slightly closer to arena-Americana production.
A1351	Joshua Ray Walker	See You Next Time	2021	V7		Recommended		Closes out the honky-tonk character-study trilogy begun with Wish You Were Here, keeping Walker's distinctive vocal style and Dallas-scene ties intact.
A1352	Nick Shoulders	Home on the Rage	2021	V7	C3	Recommended		Continues his old-time/yodeling lineage while sharpening the political edge, connecting the deadpan-funny-sad songwriting strand to explicit rural politics.
A1353	Riddy Arman	Riddy Arman	2021	V7		Recommended		Sounds of a piece with the plainspoken, rural-life storytelling of Colter Wall, from an explicitly Montana ranching perspective.
A1354	Sturgill Simpson	The Ballad of Dood & Juanita	2021	V7		Recommended		Draws directly on old Appalachian ballad and ballad-opera tradition (Carter Family-style narrative song), a return to the roots strand of the 'new outlaw' movement after Sound & Fury's detour.
A1355	Sunny War	Simple Syrup	2021	V7	V5	Recommended		Bridges folk-punk and Piedmont-style country-blues fingerpicking with plainspoken country-folk songwriting, an unusual entry point into the neo-traditional scene.
A1356	Vincent Neil Emerson	Vincent Neil Emerson	2021	V7		Essential		Rodney Crowell's production ties Emerson directly to the outlaw-era Texas songwriter generation; the writing itself sounds indebted to Guy Clark and Townes Van Zandt.
A1357	Arlo McKinley	This Mess We're In	2022	V7	V3	Recommended		Continues the Prine-indebted Midwestern storytelling of his debut, again on Prine's Oh Boy label.
A1358	Brennen Leigh	Obsessed with the West	2022	V7	X4	Recommended		A direct extension of Bob Wills-style Western swing via Asleep at the Wheel, connecting the neo-outlaw revival back to pre-war Texas dance-hall music.
A1359	Charley Crockett	The Man from Waco	2022	V7	X2	Essential		Sounds indebted to Marty Robbins' gunfighter ballads and Texas outlaw mythology, continuing the classic-country storytelling strand within the neo-outlaw scene.
A1360	Emily Nenni	On the Ranch	2022	V7	C3	Recommended		Continues the classic honky-tonk lineage of Loretta Lynn and Dolly Parton filtered through Nashville's contemporary lower-Broadway honky-tonk scene.
A1361	Ian Noe	River Fools & Mountain Saints	2022	V7		Recommended		Extends the Prine-indebted storytelling of Between the Country with fuller band arrangements, continuing the Kentucky-storyteller strand of the scene.
A1362	Joshua Hedley	Neon Blue	2022	V7		Recommended		Continues Hedley's classic-Nashville-Sound lineage while shifting toward a rowdier honky-tonk sound.
A1363	Kaitlin Butts	What Else Can She Do	2022	V7	X2	Deep cut		Sits between the neo-traditional revival and the more mainstream Red Dirt and Texas-country scene of acts like the Turnpike Troubadours.
A1364	Kelsey Waldon	No Regular Dog	2022	V7		Recommended		Continues her established classic-country lineage with a more reflective, settled songwriting focus.
A1365	Melissa Carper	Ramblin' Soul	2022	V7	X4	Recommended		Sounds indebted to Western swing and pre-war country, connecting the neo-traditional revival to honky-tonk-era bass-driven dance music.
A1366	Nikki Lane	Denim & Diamonds	2022	V7		Recommended		Returns to the rockier honky-tonk grit of Walk of Shame after two more polished, cosmic-leaning records, with Homme's desert-rock fingerprints audible throughout.
A1367	Tyler Childers	Can I Take My Hounds to Heaven?	2022	V7		Essential		Builds on Long Violent History's gospel streak while pushing toward psychedelia that recalls the cosmic-country turns of Sturgill Simpson, a mentor figure throughout Childers' career.
A1368	Willi Carlisle	Peculiar, Missouri	2022	V7	C3	Essential		Sounds indebted to the folk-songwriting line running from Guthrie through Gillian Welch, with sharper storytelling.
A1369	Brent Cobb	Southern Star	2023	V7	X1	Essential		Deepens the Southern country-soul lineage of his earlier albums with gospel shading that sounds indebted to Bobby Charles-style swamp soul.
A1370	Charles Wesley Godwin	Family Ties	2023	V7	X2	Recommended		Continues the Southern storytelling rock of his earlier albums, drifting further toward arena-Americana production.
A1371	Colter Wall	Little Songs	2023	V7		Recommended		Continues Wall's cowboy-song lineage while adding fuller band arrangements, moving him slightly closer to mainstream neo-traditional country.
A1372	Jaime Wyatt	Feel Good	2023	V7		Recommended		Moves Wyatt's outlaw-confessional songwriting toward soul and rock textures, an arc that resembles Margo Price's later albums.
A1373	Margo Price	Strays	2023	V7		Recommended		Continues the classic-rock drift of That's How Rumors Get Started, pushing further from honky-tonk toward Southern psychedelic rock.
A1374	Nick Shoulders	All Bad	2023	V7	C3	Recommended		Continues the same old-time/yodeling and rural-politics lineage of his earlier records, part of the scene's deepest-roots wing.
A1375	Summer Dean	The Biggest Life	2023	V7		Recommended		Sounds indebted to classic Texas honky-tonk, sitting alongside revivalists like Joshua Ray Walker.
A1376	Tyler Childers	Rustin' in the Rain	2023	V7		Recommended		A deliberate return to the country-folk directness of Purgatory and Country Squire after the experimental Hounds to Heaven.
A1377	Vincent Neil Emerson	The Golden Crystal Kingdom	2023	V7		Recommended		Adds Shooter Jennings' outlaw-country pedigree to Emerson's Texas-songwriter foundation, linking him more directly to the broader neo-outlaw scene.
A1378	Charley Crockett	$10 Cowboy	2024	V7	X2	Recommended		Keeps faith with the vintage country sound of his whole catalog while reflecting his growing commercial profile within the neo-outlaw scene.
A1379	Emily Nenni	Drive & Cry	2024	V7	C3	Recommended		Extends her honky-tonk foundation with more polished songwriting, still tied to the contemporary Nashville honky-tonk circuit.
A1380	Johnny Blue Skies	Passage du Desir	2024	V7		Recommended		A continuation of Simpson's genre-roaming outlaw country under a new name, still rooted in the same Kentucky-honky-tonk-to-cosmic-country arc.
A1381	Kaitlin Butts	Roadrunner!	2024	V7	X2	Recommended		Combines musical-theater storytelling with contemporary Texas and Red Dirt country production, a hybrid of the lane's narrative focus and arena-Americana sound.
A1382	Willi Carlisle	Critterland	2024	V7	C3	Essential		Continues the folk-songwriting and cowboy-poet lineage of his earlier records with fuller arrangements and wider ambition.
A1383	Zach Top	Cold Beer & Country Music	2024	V7		Essential		Sounds indebted to the late-1980s neotraditionalist country of Randy Travis and Keith Whitley, carrying that revival into the 2020s.
A1384	Charley Crockett	Lonesome Drifter	2025	V7	X2	Recommended		Continues the same vintage honky-tonk and classic-country lineage running through his entire post-2015 catalog.
A1385	Margo Price	Hard Headed Woman	2025	V7		Recommended		Circles back toward the honky-tonk core of her debut after the rock detours of Strays and That's How Rumors Get Started.
A1386	Tyler Childers	Snipe Hunter	2025	V7		Recommended		Continues Childers' Kentucky storytelling lineage while loosening the arrangements, working again with high-profile outside production after RCA's backing.
A1387	Willi Carlisle	Winged Victory	2025	V7	C3	Recommended		Sounds indebted to the folk-songwriting line running from Guthrie through Gillian Welch.
A1388	John Fahey	Blind Joe Death	1959	V8		Essential		Fahey drew on Charley Patton, Blind Willie Johnson and Southern hymnody, and this record founded the Takoma label lineage that runs through Robbie Basho, Leo Kottke and every fingerstyle guitarist who followed.
A1389	John Fahey	Death Chants, Breakdowns, and Military Waltzes	1963	V8		Recommended		A direct sequel to Blind Joe Death that deepened Fahey's fusion of Delta blues fingerpicking with modal drone, feeding directly into Robbie Basho's and Peter Lang's own Takoma records later in the decade.
A1390	Sandy Bull	Fantasias for Guitar and Banjo	1963	V8		Recommended		An early, largely independent forerunner of American Primitive guitar's raga and drone side, closer in spirit to Robbie Basho than to Fahey, and a clear ancestor of the long-form instrumental pieces later made by Marisa Anderson and Chuck Johnson.
A1391	John Fahey	The Dance of Death & Other Plantation Favorites	1964	V8		Deep cut		Continues the early Takoma run of Blind Joe Death and Death Chants, Breakdowns and Military Waltzes, cementing the catalog of American and blues source material that later primitivists like Jack Rose and Daniel Bachman would keep returning to.
A1392	Harry Taussig	Fate Is Only Once	1965	V8		Deep cut		A contemporary of Fahey and Basho's earliest records, rediscovered decades later when Tompkins Square reissued it as part of its excavation of forgotten American Primitive-era guitarists.
A1393	John Fahey	The Transfiguration of Blind Joe Death	1965	V8		Essential	Y	Extends the Blind Joe Death persona and style into one of Fahey's fullest early statements; later Takoma players like Robbie Basho and Leo Kottke sound directly indebted to it.
A1394	Robbie Basho	The Seal of the Blue Lotus	1965	V8		Essential		A direct outgrowth of John Fahey's Takoma label, with Basho pushing its fingerstyle vocabulary toward Indian raga; Jack Rose's 2000s raga pieces sound indebted to it.
A1395	John Fahey	Requia	1967	V8		Recommended		Its tape collage points toward the noisier, more abstract end of the American Primitive lineage; later experimenters such as Jim O'Rourke, who went on to produce Fahey, and Bill Orcutt sound indebted to it.
A1396	John Fahey	The Yellow Princess	1968	V8		Recommended		Follows Requia in pushing Fahey's guitar pieces toward longer, more textured forms, an approach echoed later when Marisa Anderson and William Tyler added electric texture to solo-guitar composition.
A1397	Leo Kottke	6- and 12-String Guitar	1969	V8		Essential		Released on John Fahey's Takoma label, it brought a faster, more technically flashy strain of American Primitive guitar to a wider audience; the 1970s–80s new-acoustic and Windham Hill players sound indebted to it.
A1398	Robbie Basho	Venus in Cancer	1969	V8		Recommended		Extends the raga-guitar approach Basho began on his Takoma records; the cosmic intensity of William Tyler's and Marisa Anderson's electric pieces sounds akin to it.
A1399	John Fahey	America	1971	V8		Recommended		Represents the fullest expression of Fahey's raga-and-drone side; the extended instrumental workouts later favored by Jack Rose and Daniel Bachman sound indebted to records like this.
A1400	John Fahey	Fare Forward Voyagers (Soldier's Choice)	1973	V8		Recommended		Continues the meditative, raga-indebted style of America; later drone-leaning guitarists like Daniel Bachman and Chuck Johnson sound indebted to this side of Fahey.
A1401	John Fahey	Old Fashioned Love	1975	V8		Deep cut		Sits in the long run of Takoma albums between Fahey's raga-drone period and his stranger 1980s work.
A1402	Robbie Basho	Visions of the Country	1978	V8		Essential		Basho's move to Windham Hill placed American Primitive guitar next to the emerging New Age instrumental scene.
A1403	Jim O'Rourke	Bad Timing	1997	V8		Essential		An openly Fahey-indebted record from a musician who went on to produce Fahey himself, filtered through O'Rourke's background in the Chicago experimental and Drag City scenes.
A1404	John Fahey	City of Refuge	1997	V8		Deep cut		Marks Fahey's late-career turn toward noise and abstraction, a move that gave permission to younger primitivists like Jim O'Rourke and Bill Orcutt to push the tradition toward dissonance rather than pastoral fingerpicking.
A1405	Jack Rose	Red Horse, White Mule	2002	V8		Recommended		Grew directly out of Rose's work in the drone group Pelt and out of his study of John Fahey and Robbie Basho, launching the 2000s Philadelphia-centered revival of American Primitive guitar alongside Glenn Jones.
A1406	Glenn Jones	This Is the Wind That Blows It Out	2004	V8		Recommended		Jones was a longtime friend of John Fahey and recorded with him as part of Cul de Sac, and alongside Jack Rose he became one of the central figures of the 2000s fingerstyle revival.
A1407	Jack Rose	Raag Manifestos	2004	V8		Deep cut		Follows his earlier records in developing Rose's raga-guitar side, sounding like a direct continuation of the line Robbie Basho and Sandy Bull opened in the 1960s.
A1408	Jack Rose	Kensington Blues	2005	V8		Essential	Y	Synthesizes John Fahey's blues-ragtime foundation, made explicit by its Fahey cover, with the raga drone of Rose's earlier albums; later players such as Daniel Bachman and Hayden Pedigo sound indebted to it.
A1409	James Blackshaw	The Cloud of Unknowing	2007	V8		Recommended		Sounds like a UK extension of the Fahey-Basho raga lineage filtered through minimalism, released on Tompkins Square, the label then reviving American primitivists.
A1410	Glenn Jones	Barbecue Bob in Fishtown	2009	V8		Recommended		Shares the old-time strand of American Primitive guitar that Jack Rose and the Black Twig Pickers were exploring at the same time; Daniel Bachman's later records sound akin to it.
A1411	Steve Gunn	Boerum Palace	2009	V8	C6	Recommended		Sounds rooted in the same 2000s free-folk and raga-guitar underground as Jack Rose, representing the instrumental side of Gunn's catalog before vocal albums like Time Off moved him toward C6.
A1412	Jack Rose	Luck in the Valley	2010	V8		Essential		Widens Rose's solo-guitar language with old-time accompaniment; later band-inflected instrumental records by Daniel Bachman and Nathan Salsburg sound akin to it.
A1413	William Tyler	Behold the Spirit	2010	V8	C6	Essential		Grew out of Tyler's session work with Lambchop and Silver Jews and out of the Fahey-Basho tradition Tompkins Square was reviving, launching a solo career that would push American Primitive guitar toward the Cosmic American sound of C6.
A1414	Bill Orcutt	How the Thing Sings	2011	V8		Recommended		Approaches the same blues and old-time American song sources as John Fahey from a noise-rock and free-improvisation background, making Orcutt the harshest, most abstracted branch of the tradition alongside late-period Daniel Bachman.
A1415	Cian Nugent	Doubles	2011	V8		Deep cut		Released on VHF, the label behind Jack Rose's Kensington Blues, it adapts the American Primitive vocabulary through an Irish and British folk-guitar lens that sounds akin to James Blackshaw's.
A1416	Glenn Jones	The Wanting	2011	V8		Deep cut		Jones's first album for Thrill Jockey, a label that later also released Marisa Anderson's solo-guitar records.
A1417	Nathan Salsburg	Affirmed	2011	V8		Recommended		Grew out of Salsburg's work with Alan Lomax's archive, channeling old-time and British Isles folk melody through a solo-guitar format that sounds indebted to Fahey.
A1418	Daniel Bachman	Seven Pines	2012	V8		Essential		Bachman came up in the wake of fellow Virginian Jack Rose, and his playing sounds deeply indebted to Rose and the Black Twig Pickers' string-band-and-solo-guitar world.
A1419	Nathan Salsburg	Hard for to Win and Can't Be Won	2013	V8		Recommended		Continues Salsburg's folklorist approach to solo guitar, sitting alongside Glenn Jones's old-time-inflected records as part of the 2010s revival's gentler, melody-first wing.
A1420	William Tyler	Impossible Truth	2013	V8		Essential		Builds on Behold the Spirit's Fahey-derived fingerstyle base with fuller studio production, carrying the tradition onto Merge Records, an indie-rock label.
A1421	Chuck Johnson	Blood Moon Boulder	2015	V8	C6	Deep cut		Sits in the Fahey and Basho line as carried on by the 2010s Scissor Tail and VDSQ circle; its drones point toward the ambient-country crossover of Chuck Johnson's own later pedal-steel work.
A1422	Marisa Anderson	Into the Light	2016	V8		Essential		Anderson's blues and old-time vocabulary sounds indebted to John Fahey and Sandy Bull's drone-and-raga side, and this record's electric widescreen sound runs parallel to William Tyler's and Chuck Johnson's moves toward ambient texture.
A1423	William Tyler	Modern Country	2016	V8	C6	Essential		Extends Tyler's move from solo Fahey-style fingerpicking toward full-band Cosmic American Music, aligning him with the Grateful Dead-indebted C6 lane even as the core guitar language stays rooted in American Primitive technique.
A1424	Hayden Pedigo	Greetings from Amarillo	2017	V8		Deep cut		Sounds indebted to the Fahey-descended solo-guitar tradition, filtered through a very specific Texas Panhandle sense of place.
A1425	Michael Chapman	50	2017	V8		Deep cut		A British contemporary of the original American Primitive generation whose intricate steel-string playing has long been championed by that scene's labels and younger players like Steve Gunn, even though most of his records, this one included, are built around his own singing.
A1426	Daniel Bachman	The Morning Star	2018	V8		Essential		Pushes the drone side of American Primitive guitar that runs back to John Fahey's Requia into more abstract territory, sounding akin to Jim O'Rourke's and Bill Orcutt's experiments.
A1427	Gwenifer Raymond	You Never Were Much of a Dancer	2018	V8		Essential		Brings a punk-scene background to a fingerstyle and banjo style that sounds deeply indebted to Fahey and pre-war blues, released on Tompkins Square, a label central to the American Primitive revival.
A1428	Marisa Anderson	Cloud Corner	2018	V8		Essential		A return toward an acoustic blues-and-hymn foundation that sounds indebted to Fahey's early Takoma work, after the electric detour of Into the Light.
A1429	Nathan Salsburg	Third	2018	V8		Recommended		Completes Salsburg's first run of three folk-song-rooted solo guitar records; he has also recorded a duo guitar album with James Elkington.
A1430	Yasmin Williams	Unwind	2018	V8		Recommended		Sounds like the Fahey-descended fingerstyle tradition entered from an unusual technical angle, her own lap-tapping method setting her apart from the picking styles of Basho, Kottke and Rose.
A1431	William Tyler	Goes West	2019	V8		Recommended		Continues Tyler's arc from solo American Primitive guitar toward arranged instrumental Americana, sounding of a piece with Marisa Anderson's and Chuck Johnson's textured fingerstyle records of the same decade.
A1432	Hayden Pedigo	Letting Go	2021	V8		Essential		Continues the small-town, road-movie instrumentalism of Pedigo's earlier records, bringing Fahey-descended solo guitar into Mexican Summer's indie orbit.
A1433	Yasmin Williams	Urban Driftwood	2021	V8		Essential		Expands Williams's percussive-tapping guitar style with kalimba and banjo, sounding of a piece with peers like Marisa Anderson and Gwenifer Raymond who are also reshaping the Fahey-descended solo-guitar tradition.
A1434	Eli Winter	Eli Winter	2022	V8		Essential		Sounds like a continuation of the raga-inflected, collaborative wing of American Primitive guitar associated with Jack Rose and Six Organs of Admittance, colored by Chicago's improvised-music scene.
A1435	Marisa Anderson	Still, Here	2022	V8		Recommended		Continues Anderson's arc toward spare, meditative solo guitar begun on Cloud Corner, part of a broader early-2020s turn toward slow, minimal instrumental guitar shared with Hayden Pedigo and Eli Winter.
A1436	Hayden Pedigo	The Happiest Times I Ever Ignored	2023	V8		Recommended		Deepens the direction Pedigo opened on Letting Go; its softer, studio-smoothed take on American Primitive guitar sounds akin to peers like Marisa Anderson and Eli Winter.
A1437	Eli Winter	A Trick of the Light	2025	V8		Recommended		Builds on the self-titled album's fusion of American Primitive guitar with Chicago's jazz and improvised-music scene, pushing that sound toward full-band composition.
A1438	Hayden Pedigo	I'll Be Waving as You Drive Away	2025	V8		Recommended		Closes the arc begun on Letting Go, keeping Pedigo's melodic, small-town sensibility at the center of a sound that remains audibly Fahey-descended.
A1439	William Tyler	Time Indefinite	2025	V8		Recommended		Returns Tyler's music toward the solitary, drone-leaning end of American Primitive guitar after a decade of full-band records, closing the loop back to John Fahey's own late, more abstract recordings.
A1440	The Jayhawks	The Jayhawks	1986	V9		Deep cut		The earliest Jayhawks record, made before the classic Olson-Louris songwriting partnership matured; it set the band on the country-rock path that 'Blue Earth' and 'Hollywood Town Hall' would refine.
A1441	The Silos	Cuba	1987	V9		Recommended		An early New York contribution to the emerging alt-country sound, made before the term existed and before Uncle Tupelo's 'No Depression' gave the movement its name.
A1442	Souled American	Fe	1988	V9		Deep cut		One of the earliest records to bring underground rock's patience and minimalism to country songwriting; it sounds like a quiet precursor to the Chicago insurgent-country scene that followed.
A1443	The Jayhawks	Blue Earth	1989	V9		Essential		The record that crystallized the Jayhawks' signature Olson-Louris harmony sound and directly led to their major-label deal, making it a foundational document of the Minneapolis wing of insurgent country.
A1444	Souled American	Flubber	1989	V9		Deep cut		Deepens the dub-inflected approach of Fe, pushing Souled American further toward the slow, minimal extreme that became their signature.
A1445	Blood Oranges	Corn River	1990	V9		Recommended		Arrived at the same moment as Uncle Tupelo's No Depression, part of a loosely connected wave of late-1980s and early-1990s bands (also including the Silos) that worked out insurgent country independently before the genre had a shared identity.
A1446	Cordelia's Dad	Cordelia's Dad	1990	V9		Deep cut		Turned traditional folk songs into full-band rock in the same year as Uncle Tupelo's No Depression, a parallel rather than a direct ancestor of that scene.
A1447	The Silos	The Silos	1990	V9		Recommended		One of several late-1980s/early-1990s bands, like the Blood Oranges, working out a country-rock-meets-indie sound in parallel with Uncle Tupelo, before the No Depression name existed.
A1448	Souled American	Around the Horn	1990	V9		Deep cut		One of the Rough Trade albums that made Souled American a strange, largely unheralded parallel to the Uncle Tupelo-led boom breaking at the same moment.
A1449	Uncle Tupelo	No Depression	1990	V9		Essential		Grew out of Farrar and Tweedy's earlier punk band the Primitives, splicing Hüsker Dü-style volume onto Carter Family country; Son Volt and Wilco grew directly from it, and much of the Bloodshot roster sounds indebted to it.
A1450	Southern Culture on the Skids	Too Much Pork for Just One Fork	1991	V9		Recommended		Draws on rockabilly, surf instrumentals, and B-movie Southern kitsch rather than the folk seriousness of Uncle Tupelo, representing the rowdier, funnier fringe of the Carolinas scene.
A1451	Uncle Tupelo	Still Feel Gone	1991	V9		Essential		A direct continuation of No Depression's punk-meets-Carter-Family formula, with early cross-pollination from the Jayhawks' Minneapolis scene that foreshadowed the wider insurgent-country network.
A1452	The Walkabouts	Scavenger	1991	V9		Recommended		An early country- and folk-rooted act on Sub Pop's roster, showing the insurgent-country instinct reaching the Pacific Northwest independent of Uncle Tupelo's Midwest scene.
A1453	Bad Livers	Delusions of Banjer	1992	V9		Recommended		An Austin-scene parallel to the Chicago and Belleville insurgent-country bands, fusing bluegrass virtuosity with punk energy in a way that sounds kin to cowpunk and the Waco Brothers.
A1454	The Jayhawks	Hollywood Town Hall	1992	V9		Essential	Y	Builds directly on Blue Earth, with Drakoulias's production giving the Olson-Louris songwriting partnership its widest canvas yet.
A1455	Souled American	Sonny	1992	V9		Deep cut		Applies Souled American's glacial reworking of country song forms directly to the tradition itself, making explicit the roots the band's originals only gestured toward.
A1456	Uncle Tupelo	March 16-20, 1992	1992	V9		Essential		Points straight back to the Carter Family, the Louvin Brothers (whose 'Atomic Power' it covers) and the old-time tradition R1 covers; the hushed, folk-leaning side of Son Volt and Jay Farrar's solo work sounds like it grew from here.
A1457	The Bottle Rockets	The Bottle Rockets	1993	V9		Recommended		Grew directly out of the Belleville/St. Louis scene around Uncle Tupelo, with Henneman's Telecaster work carrying the region's blue-collar storytelling tradition forward.
A1458	Freakwater	Feels Like the Third Time	1993	V9		Essential		Sounds rooted in Louvin Brothers and Carter Family close-harmony singing, brought into the Chicago insurgent-country scene through Bean's ties to Eleventh Dream Day.
A1459	Uncle Tupelo	Anodyne	1993	V9		Essential	Y	The culmination of the No Depression/Still Feel Gone/March 16-20 arc; after it the band split into Son Volt's traditionalist wing and Wilco's more expansive one.
A1460	The Walkabouts	New West Motel	1993	V9		Deep cut		Continues the Walkabouts' country-rock direction from Scavenger.
A1461	The Bottle Rockets	The Brooklyn Side	1994	V9		Essential		The clearest example of the Southern-storytelling-rock strand within insurgent country; Drive-By Truckers and the V3 lane sound indebted to it.
A1462	The Handsome Family	Odessa	1994	V9		Recommended		A key early document of the gothic-country wing of insurgent country, built on Southern gothic storytelling closer to folklore than to Nashville songcraft.
A1463	Old 97's	Hitchhike to Rhome	1994	V9		Recommended		A ground-floor document of the Texas wing of insurgent country, cut fast on a local indie label before Bloodshot and then Elektra picked the band up.
A1464	Richard Buckner	Bloomed	1994	V9		Recommended		Emerges from the same Texas roots-music circles as Lloyd Maines's other work, joining the wider insurgent-country movement as its most purely literary songwriter.
A1465	Souled American	Frozen	1994	V9		Deep cut		Continues Souled American's singular, glacially slow approach to country song form on a new small label after the collapse of their original American distribution.
A1466	Blue Mountain	Dog Days	1995	V9		Recommended		Brings Southern-rock guitar into 1990s insurgent country from Mississippi, sounding like a regional cousin to the Bottle Rockets' Missouri storytelling.
A1467	Dolly Varden	Mouthful of Lies	1995	V9		Recommended		Formed from the ashes of the twang-punk band Stump the Host, part of the same mid-1990s Chicago scene as the Waco Brothers and Freakwater, though working in a warmer, duet-driven pop-country idiom.
A1468	Freakwater	Old Paint	1995	V9		Recommended		A continuation of the close-harmony, old-time-rooted sound established on 'Feels Like the Third Time', tightening the band's songwriting without changing its stripped-down approach.
A1469	The Geraldine Fibbers	Lost Somewhere Between the Earth and My Home	1995	V9		Recommended		Carla Bozulich's move from the industrial dance-rock of Ethyl Meatplow toward country and old-time forms played at noise-rock volume, a documented outlier within 1990s insurgent country that anticipates later noise-adjacent Americana.
A1470	Golden Smog	Down by the Old Mainstream	1995	V9		Recommended		A direct crossroads of the era's key bands, with members of the Jayhawks, Soul Asylum, and Wilco proving how interconnected the Minneapolis and Chicago insurgent-country scenes were.
A1471	The Jayhawks	Tomorrow the Green Grass	1995	V9		Essential		The full flowering of the Olson-Louris songwriting partnership built up across 'Blue Earth' and 'Hollywood Town Hall', released just before Olson's exit split the band's sound in two.
A1472	Old 97's	Wreck Your Life	1995	V9		Essential		Cements the Old 97's as the flagship Texas band of the Bloodshot Records insurgent-country roster, a scene otherwise centered on Chicago.
A1473	Scud Mountain Boys	Pine Box	1995	V9		Recommended		A product of the Northampton, Massachusetts club scene, bringing a hushed, pedal-steel version of insurgent country to New England; Joe Pernice later carried this songwriting into the Pernice Brothers.
A1474	Son Volt	Trace	1995	V9		Essential		Farrar's direct continuation of Uncle Tupelo's traditionalist wing, with original Uncle Tupelo drummer Mike Heidorn behind the kit.
A1475	Southern Culture on the Skids	Dirt Track Date	1995	V9		Essential		The commercial high point of the surf-rockabilly, pop-culture-obsessed strand of Southern insurgent rock that 'Too Much Pork for Just One Fork' established.
A1476	Waco Brothers	To the Last Dead Cowboy	1995	V9		Essential		Brings Langford's Mekons-honed punk politics directly into Chicago's country scene, helping define Bloodshot Records' insurgent-country identity from its earliest releases.
A1477	Whiskeytown	Faithless Street	1995	V9		Essential		Draws directly on Gram Parsons and the Flying Burrito Brothers' cosmic-country songbook filtered through Uncle Tupelo's insurgent-country template; feeds forward into Ryan Adams's solo run and the wider V6 alt-country lineage.
A1478	Wilco	A.M.	1995	V9	V4	Essential		The direct continuation of Tweedy's half of Uncle Tupelo; the band's own sound moved decisively past insurgent country starting with Being There, which is why later Wilco belongs in V4.
A1479	16 Horsepower	Sackcloth 'n' Ashes	1996	V9		Essential		Fuses old-time Appalachian religious music with a post-punk intensity that sounds indebted to the Gun Club and Nick Cave; Edwards carried the sound forward into Wovenhand.
A1480	The Gourds	Dem's Good Beeble	1996	V9		Recommended		Part of the Austin/Texas wing of 1990s insurgent country, mixing bluegrass and zydeco textures into the genre's usual Telecaster-and-pedal-steel vocabulary.
A1481	The Handsome Family	Milk and Scissors	1996	V9		Recommended		Continues the Sparks' gothic-storytelling songwriting from Odessa, deepening the band's standing in the darker wing of 1990s insurgent country.
A1482	Robbie Fulks	Country Love Songs	1996	V9		Essential		Draws on classic honky-tonk songcraft (Hank Williams, Buck Owens), with a deadpan wit that sounds indebted to Prine and Tom T. Hall, a direct line into the funny-sad trunk of the atlas.
A1483	Souled American	Notes Campfire	1996	V9		Deep cut		The final statement of the glacial, minimalist approach Souled American maintained across every record since 'Fe', standing apart from the rest of the Chicago insurgent-country scene by refusing its energy.
A1484	Wilco	Being There	1996	V9	V4	Essential		Follows directly from A.M. and Uncle Tupelo but is already reaching toward the more expansive indie-rock territory Wilco would fully occupy on Summerteeth and Yankee Hotel Foxtrot.
A1485	16 Horsepower	Low Estate	1997	V9		Essential		Deepens the gothic-country template of 'Sackcloth 'n' Ashes', keeping 16 Horsepower's sound apart from the more straightforward twang of the rest of the insurgent-country scene.
A1486	Bad Livers	Hogs on the Highway	1997	V9		Recommended		Marks the Bad Livers' move to Sugar Hill, a label with deeper bluegrass-world connections than their earlier home Quarterstick, while keeping the same punk-inflected string-band core.
A1487	The Bottle Rockets	24 Hours a Day	1997	V9		Recommended		The band's major-label album, extending the storytelling rock of The Brooklyn Side with a bigger budget.
A1488	The Jayhawks	Sound of Lies	1997	V9	V6	Recommended		A pivot record for the Jayhawks, made after Olson's departure pushed Louris toward a more introspective, less overtly country-rock sound that anticipates the band's 2000s work.
A1489	Old 97's	Too Far to Care	1997	V9		Essential		The full realization of the sound Bloodshot-era Old 97's built on 'Wreck Your Life', made with major-label resources but none of the polish that would follow on 'Fight Songs'.
A1490	Richard Buckner	Devotion + Doubt	1997	V9	V6	Recommended		Sounds like a push of Buckner's insurgent-country songwriting toward the more experimental, indie-adjacent sound later heard among the 2000s alt-country songwriters of V6.
A1491	Robbie Fulks	South Mouth	1997	V9		Essential		Continues the honky-tonk-with-a-smirk approach of 'Country Love Songs', pushing Fulks's traditionalist chops and satirical edge further into Bloodshot's insurgent-country identity.
A1492	Slaid Cleaves	No Angel Knows	1997	V9		Recommended		Grew out of Austin's singer-songwriter scene, working in a quiet folk-storyteller mode that sounds closer to Guy Clark and the Texas songwriter tradition than to twangy bar-band rock.
A1493	Son Volt	Straightaways	1997	V9		Recommended		A direct continuation of the traditionalist wing of Uncle Tupelo that Farrar carried into Son Volt, tightening the acoustic, folk-plain approach he first explored on 'March 16-20, 1992'.
A1494	Trailer Bride	Trailer Bride	1997	V9		Recommended		An early document of the Chapel Hill scene's own gothic-country strand, before the band moved to Bloodshot, sounding kin to the Southern-gothic wing of the Handsome Family and 16 Horsepower.
A1495	Waco Brothers	Cowboy in Flames	1997	V9		Essential		Sharpens the punk-meets-honky-tonk approach of 'To the Last Dead Cowboy' into the Waco Brothers' clearest artistic statement, cementing their role as Bloodshot's house band.
A1496	Waco Brothers	Do You Think About Me?	1997	V9		Deep cut		A companion piece to 'Cowboy in Flames' from the same prolific year, continuing the band's punk-honky-tonk hybrid at the center of Chicago's insurgent-country scene.
A1497	Whiskeytown	Strangers Almanac	1997	V9		Essential		Extends the Gram Parsons/Uncle Tupelo lineage of Faithless Street into a more widescreen alt-country sound that plays like a forerunner of the 2000s Americana wave.
A1498	Freakwater	Springtime	1998	V9		Recommended		Continues the old-time gospel and murder-ballad vocabulary Freakwater had worked in since its debut, keeping the band apart stylistically from the louder Bloodshot roster.
A1499	Golden Smog	Weird Tales	1998	V9		Recommended		Builds on the loose, collaborative chemistry of 'Down by the Old Mainstream', further cementing the ties between the Jayhawks, Wilco, and Soul Asylum camps.
A1500	The Gourds	Stadium Blitzer	1998	V9		Recommended		Continues the loose, multi-genre string-band approach of 'Dem's Good Beeble', keeping the Gourds distinct from both the punkier Bloodshot bands and the more polished Texas scene around them.
A1501	The Handsome Family	Through the Trees	1998	V9		Essential		The fullest realization of the gothic-country storytelling the Sparks had built across 'Odessa' and 'Milk and Scissors', a high-water mark for the genre's darker wing.
A1502	Jon Langford	Skull Orchard	1998	V9		Recommended		Langford's first record under his own name after founding the Mekons and Waco Brothers, extending his punk-meets-country songwriting into explicitly autobiographical territory.
A1503	The Pine Valley Cosmonauts	Salute the Majesty of Bob Wills	1998	V9		Recommended		A documented crossroads record for the Chicago insurgent-country scene, gathering Neko Case, Robbie Fulks, Kelly Hogan and Alejandro Escovedo under Jon Langford's direction to honor a shared Western-swing ancestor.
A1504	Richard Buckner	Since	1998	V9	V6	Recommended		Follows 'Devotion + Doubt' as his second MCA release and closes his major-label period; after it he moved to smaller independent labels.
A1505	The Sadies	Precious Moments	1998	V9		Recommended		Extends Bloodshot's Chicago insurgent-country roster north into Canada, bringing a spaghetti-western, instrumentally driven strand into the genre's mostly vocal-centered catalog.
A1506	Son Volt	Wide Swing Tremolo	1998	V9		Recommended		Returns to the heavier, rock-leaning side of the Uncle Tupelo split that Farrar had softened on 'Straightaways', restoring the electric surge that first defined 'Trace'.
A1507	Freakwater	End Time	1999	V9		Recommended		Closes out Freakwater's core 1990s run in the same stripped-down, old-time vocabulary established on 'Feels Like the Third Time', maintaining the band's distance from the Bloodshot cowpunk sound around it.
A1508	The Gourds	Ghosts of Hallelujah	1999	V9		Deep cut		Rounds out the Gourds' 1990s Watermelon Records trilogy, the label-defining Austin string-band strand of insurgent country distinct from Chicago's punkier scene.
A1509	Old 97's	Fight Songs	1999	V9		Recommended		Extends the Too Far to Care lineup and sound into more polished territory, a step toward the pop-leaning 'Satellite Rides' that followed.
A1510	Trailer Bride	Whine de Lune	1999	V9		Recommended		Moves Trailer Bride onto Bloodshot Records, aligning the Chapel Hill gothic-country project with the wider insurgent-country label ecosystem centered in Chicago.
A1511	Waco Brothers	Wacoworld	1999	V9		Deep cut		Maintains the punk-country hybrid Langford brought from the Mekons into Chicago's Bloodshot scene.
A1512	16 Horsepower	Secret South	2000	V9		Recommended		A transitional record between the gothic-country intensity of the band's A&M years and the folk-leaning sound of 'Folklore', staying close enough to the core sound to remain part of the insurgent-country story.
A1513	The Handsome Family	In the Air	2000	V9		Recommended		A quieter continuation of the gothic-country storytelling established across the Handsome Family's 1990s records, made just as the calendar turned into the 2000s.
A1514	The Jayhawks	Smile	2000	V9	V6	Deep cut		The end point of Gary Louris's post-Olson drift away from the band's country-rock foundations, made possible by the more experimental turn already underway on 'Sound of Lies'.
A1515	Kelly Hogan and the Pine Valley Cosmonauts	Beneath the Country Underdog	2000	V9		Recommended		Documents the close working relationship between Kelly Hogan and Jon Langford's Pine Valley Cosmonauts, part of the same tightly interconnected Chicago Bloodshot scene as the Waco Brothers and Robbie Fulks.
A1516	The Handsome Family	Twilight	2001	V9		Recommended		The last of the Handsome Family's Chicago-era run to stay firmly within the gothic-country sound of the 1990s records that made their name.
A1517	Jay Farrar	Sebastopol	2001	V9	V6	Recommended		A direct solo extension of Farrar's post-Uncle Tupelo songwriting, stretched by Drozd's more psychedelic playing into territory closer to the 2000s alt-country of V6.
A1518	Old 97's	Satellite Rides	2001	V9		Deep cut		The furthest extension of the pop turn already underway on 'Fight Songs', closing out the band's Elektra years and its clearest connection to 1990s insurgent country.
A1519	The Sadies	Tremendous Efforts	2001	V9		Recommended		Continues the cosmic, instrumentally driven strand of Bloodshot's roster that 'Precious Moments' established for the band.
A1520	Whiskeytown	Pneumonia	2001	V9	V6	Recommended		The endpoint of Whiskeytown's move away from raw Uncle Tupelo-style twang toward the polished, string-laden alt-country that carried into Ryan Adams's Heartbreaker and Gold and the wider V6 scene.
A1521	The Jayhawks	Rainy Day Music	2003	V9		Recommended		A deliberate course correction back toward the harmony-driven, guitar-based sound of the band's 1990s peak after the detour of 'Smile'.
A1522	Son Volt	Okemah and the Melody of Riot	2005	V9		Deep cut		Extends the Woody Guthrie and Dust Bowl balladry that had always run under Uncle Tupelo and Son Volt's sound, now made explicit in both subject matter and title.
A1523	Son Volt	American Central Dust	2009	V9		Deep cut		Circles back toward the acoustic, folk-plain side of the Son Volt/Uncle Tupelo lineage first heard on 'March 16-20, 1992' and 'Straightaways'.
A1524	Superchunk	Superchunk	1990	V10		Recommended		Superchunk's first album, made while Mac McCaughan and Laura Ballance were already running their new Merge label; it sounds indebted to Hüsker Dü and Buzzcocks-style hardcore-pop that the band would soon refine into their signature sound.
A1525	Superchunk	No Pocky for Kitty	1991	V10		Recommended		An Albini-recorded leap in power and focus from the scrappier debut, released through Matador alongside Pavement and Liz Phair before Superchunk returned to their own label, Merge.
A1526	Buffalo Tom	Let Me Come Over	1992	V10		Essential		Follows Buffalo Tom's J Mascis-produced debut and Birdbrain with a more fully realized version of the same emotionally direct sound, which sounds heavily indebted to Dinosaur Jr.'s guitar roar; it made the band one of Boston's defining early-1990s guitar-rock exports.
A1527	The Lemonheads	It's a Shame About Ray	1992	V10		Essential		The commercial and creative peak of the Lemonheads' evolution from Boston hardcore-pop kids (Hate Your Friends, Lovey) into major-label slacker-pop stars; much of mid-1990s alternative radio's easy jangle sounds indebted to it.
A1528	Pavement	Slanted and Enchanted	1992	V10		Essential		Grew out of Malkmus and Kannberg's Stockton four-track experiments and the Fall's off-kilter post-punk; became the foundational text for Matador's 1990s indie-rock roster and every slacker band after it.
A1529	Polvo	Cor-Crane Secret	1992	V10		Recommended		Emerged from the same Chapel Hill scene as Superchunk and Archers of Loaf but pushed further into dissonant, non-standard-tuning guitar interplay; the American math-rock underground of the mid-1990s sounds indebted to it.
A1530	Seam	Headsparks	1992	V10	V12	Recommended		Sooyoung Park's post-Bitch Magnet project, moving from the Chapel Hill scene to Chicago; its hushed-to-loud dynamic sounds closely related to the slowcore that ran alongside 1990s slacker rock.
A1531	Unrest	Imperial f.f.r.r.	1992	V10		Recommended		Built on Mark Robinson's own TeenBeat label and DC's DIY indie-pop underground, Imperial f.f.r.r. set up the more fully-realized pop songwriting of Perfect Teeth the following year.
A1532	Archers of Loaf	Icky Mettle	1993	V10		Essential	Y	A cornerstone of Chapel Hill's early-1990s indie rock boom alongside Superchunk and Polvo; its noisy melodicism sounds closely related to Pavement's, helping put North Carolina on the same map as Matador's New York roster.
A1533	Buffalo Tom	Big Red Letter Day	1993	V10		Recommended		Continues the melodic sound of Let Me Come Over into a slightly more polished, hook-forward register; it sounds close kin to Dinosaur Jr. and belongs to the same early-1990s Massachusetts scene as the Lemonheads.
A1534	Built to Spill	Ultimate Alternative Wavers	1993	V10		Deep cut		Built to Spill's debut, recorded before Martsch settled the band into a more consistent lineup; its guitar sprawl sounds indebted to Dinosaur Jr. and Neil Young, setting the stage for the more focused songwriting of There's Nothing Wrong with Love.
A1535	Eric's Trip	Love Tara	1993	V10		Recommended		A Sub Pop signing from outside the Pacific Northwest, bringing Moncton's DIY four-track scene to a wider audience; it sounds closely related to the American lo-fi underground of Sebadoh and Guided by Voices.
A1536	The Lemonheads	Come On Feel the Lemonheads	1993	V10		Recommended		Built directly on the commercial momentum of It's a Shame About Ray, representing the peak of the Lemonheads' major-label visibility before Dando's career became more erratic through the rest of the decade.
A1537	Liz Phair	Exile in Guyville	1993	V10		Essential		Grew out of Phair's Girly-Sound home cassettes and the Chicago indie scene around Urge Overkill and Material Issue, becoming a Matador Records landmark that widened the lane for candid, unglamorous female singer-songwriters in indie rock.
A1538	Pavement	Westing (By Musket and Sextant)	1993	V10		Recommended		Documents Pavement's earliest Drag City/Treble Kicker singles before they signed properly to Matador, tracing the band's move from pure noise experiment toward song.
A1539	Polvo	Today's Active Lifestyles	1993	V10		Deep cut		A deeper dive into the dissonant, drone-influenced guitar language Polvo introduced on Cor-Crane Secret, part of Merge Records' broader 1990s roster alongside Superchunk and Butterglory.
A1540	Seam	The Problem with Me	1993	V10	V12	Recommended		Seam's move to Touch and Go deepened their hushed, deliberate sound; later Midwest emo and slowcore bands sound indebted to that patient quiet-loud approach.
A1541	Small Factory	I Do Not Love You	1993	V10		Deep cut		A spinART Records act working in the same lo-fi, DIY-network indie-rock underground as Unrest, Pavement and Guided by Voices.
A1542	The Spinanes	Manos	1993	V10		Recommended		A Sub Pop signing that stood apart from the label's grunge reputation; its stripped guitar-and-drums format sounds like a forerunner of the minimalist arrangements of later indie duos.
A1543	Superchunk	On the Mouth	1993	V10		Recommended		The final Matador-era Superchunk album before the band moved entirely to their own Merge Records, bridging their raw early sound and the more melodic songwriting of the mid-1990s run.
A1544	Tsunami	Deep End	1993	V10		Deep cut		Grew directly out of DC's DIY and Simple Machines label ecosystem, connecting the loud-soft dynamics of grunge-era indie rock to the feminist indie-pop underground Toomey and Thomson helped build.
A1545	Unrest	Perfect Teeth	1993	V10		Essential		The culmination of Unrest's evolution from noisy DC post-punk toward clean, hook-driven indie pop, released on 4AD; the twee and indie-pop scenes that followed sound indebted to it.
A1546	Yo La Tengo	Painful	1993	V10		Essential		Yo La Tengo's first album for Matador Records and the first to fully settle the Kaplan-Hubley-McNew trio sound, marking the true beginning of the band's classic 1990s run into Electr-O-Pura and beyond.
A1547	Built to Spill	There's Nothing Wrong with Love	1994	V10		Essential		The record that established Built to Spill's mature sound and led to the band's major-label deal for Perfect from Now On; its guitar tone and conversational songwriting sound related to Dinosaur Jr. and Pavement.
A1548	Butterglory	Crumble	1994	V10		Deep cut		On the Merge Records roster alongside Superchunk and the Karl Hendricks Trio; Butterglory's Lawrence, Kansas lo-fi sounds akin to Pavement and Guided by Voices.
A1549	Eric's Trip	Forever Again	1994	V10		Recommended		Continues Eric's Trip's fusion of Maritime Canadian DIY recording culture with the American lo-fi movement, extending Love Tara's approach into the band's most commercially visible moment.
A1550	The Grifters	Crappin' You Negative	1994	V10		Essential		The clearest statement of the Grifters' Memphis lo-fi sound on the local Shangri-La label; it shares the era's noisy-pop vocabulary with Pavement and Guided by Voices while staying rooted in Southern grit.
A1551	The Halo Benders	God Don't Make No Junk	1994	V10		Deep cut		Connects Boise's Built to Spill directly to Olympia's K Records lo-fi scene through Doug Martsch and Calvin Johnson's shared project, linking two of the decade's key regional indie hubs.
A1552	Liz Phair	Whip-Smart	1994	V10		Recommended		Liz Phair's second album, following up the acclaimed Exile in Guyville with a more commercially aimed but still Matador-rooted record from the same Chicago indie scene.
A1553	Pavement	Crooked Rain, Crooked Rain	1994	V10		Essential	Y	Built directly on Slanted and Enchanted's lo-fi template but points toward the more song-focused American indie rock of the later 1990s.
A1554	Silkworm	Libertine	1994	V10		Recommended		Recorded during Silkworm's Missoula-to-Seattle years just before Phelps' departure, Libertine is the transitional record between the band's rougher early sound and the more streamlined Matador albums that followed.
A1555	Superchunk	Foolish	1994	V10		Essential		Superchunk's first album fully self-released on their own Merge Records, marking a deliberate slowdown from the hardcore-pop of On the Mouth toward the more emotionally direct songwriting that defined their mid-1990s work.
A1556	Thinking Fellers Union Local 282	Strangers from the Universe	1994	V10		Deep cut		On Matador Records alongside Pavement and Yo La Tengo; its experimental San Francisco lo-fi sits in the same national indie-rock conversation by label and era.
A1557	Trumans Water	Godspeed the Punchline	1994	V10		Deep cut		A Homestead Records band from San Diego's noisy underground; its fractured lo-fi sounds akin to the noisier sides of Pavement and Sebadoh, pushed toward a harsher extreme.
A1558	Tsunami	The Heart's Tremolo	1994	V10		Deep cut		Continues Tsunami's Simple Machines run, part of the same DC-area indie underground that included Unrest, extending the loud-soft, dual-guitar songwriting of the debut into more assured territory.
A1559	Versus	The Stars Are Insane	1994	V10		Recommended		Released on Mark Robinson's DC label TeenBeat while the band worked out of New York's early-1990s indie underground, blending grunge dynamics with jangle-pop melody ahead of the band's later Caroline Records albums.
A1560	Archers of Loaf	Vee Vee	1995	V10		Recommended		Pushes the noisy melodicism of Icky Mettle toward harder-edged post-hardcore and noise rock, a move that anticipated the heavier turn of other Southern indie bands later in the decade.
A1561	Caustic Resin	Fly Me to the Moon	1995	V10		Deep cut		A Boise band tied to Built to Spill through Brett Netson, who also played guitar in that band; its heavy fuzz sounds indebted to Crazy Horse.
A1562	Chavez	Gone Glimmering	1995	V10		Recommended		Part of Matador's mid-1990s roster alongside Pavement and Liz Phair, but pointed toward a tighter, riff-driven sound that sounds related to Helmet-era post-hardcore and to later guitar-heavy indie rock.
A1563	Helium	The Dirt of Luck	1995	V10		Recommended		Timony came to Helium from the DC band Autoclave, and the band grew out of Boston's early-1990s indie underground; it sits in Matador's mid-decade wave of women-led indie rock alongside Liz Phair.
A1564	Number One Cup	Possum Trot Plan	1995	V10		Deep cut		A Flydaddy Records band from Chicago's '90s indie scene; its songwriting sounds indebted to Pavement, pushed toward tighter power-pop arrangements.
A1565	Pavement	Wowee Zowee	1995	V10		Recommended		A deliberate swerve away from the college-rock accessibility of Crooked Rain, Crooked Rain, closer in spirit to the era's lo-fi underground (Sebadoh, Guided by Voices) than to Pavement's own prior record.
A1566	Seam	Are You Driving Me Crazy?	1995	V10	V12	Deep cut		Continues Seam's Touch and Go run of hushed, deliberate indie rock from Chicago; it sounds closely related to the era's slowcore and early emo.
A1567	Superchunk	Here's Where the Strings Come In	1995	V10		Essential		Consolidates the melodic songwriting Foolish introduced into Superchunk's fastest, most durable album, cementing Merge Records' identity alongside labelmates like Polvo and the Magnetic Fields.
A1568	Trumans Water	Milktrain to Paydirt	1995	V10		Deep cut		Continues Trumans Water's run on Homestead Records; its noisy, DIY sound resembles the noise-rock side of early Pavement taken further.
A1569	Yo La Tengo	Electr-O-Pura	1995	V10		Essential		Continues the full-band songwriting approach Painful established, deepening Yo La Tengo's reputation as critics' favorites ahead of the even more eclectic I Can Hear the Heart Beating as One.
A1570	Archers of Loaf	All the Nation's Airports	1996	V10		Recommended		Follows Vee Vee's noisier turn with a more melodic record, and sounds of a piece with the wider mid-1990s move by indie bands toward cleaner studio sound.
A1571	Butterglory	Are You Building a Temple in Heaven?	1996	V10		Deep cut		A Merge labelmate of Superchunk and the Karl Hendricks Trio; its Lawrence, Kansas lo-fi pop sounds indebted to the slacker-pop vocabulary Pavement and GBV were mining.
A1572	Chavez	Ride the Fader	1996	V10		Recommended		The heavier, more muscular follow-up to Gone Glimmering, closing out Chavez's brief Matador run; later post-hardcore and noise-rock revival bands sound indebted to its harmonized riffing.
A1573	The Grifters	Ain't My Lookout	1996	V10		Recommended		Follows Crappin' You Negative with a cleaner sound as the Grifters moved to Sub Pop, of a piece with the mid-1990s wave of lo-fi bands stepping up to bigger indie labels.
A1574	Heatmiser	Mic City Sons	1996	V10		Recommended		The culmination of Heatmiser's Portland run, notable in hindsight as the record where Elliott Smith's solo songwriting voice first became clearly distinct from the band's heavier, Neil Gust-driven material.
A1575	The Karl Hendricks Trio	For a While, It Was Funny	1996	V10		Deep cut		A Merge Records band in the same era as Superchunk and Butterglory; its confessional, self-deprecating Pittsburgh bar-rock sounds akin to the wider Matador/Merge indie rock of the time.
A1576	Modest Mouse	This Is a Long Drive for Someone with Nothing to Think About	1996	V10		Recommended		Modest Mouse's debut on Seattle's Up Records, drawing on the same Pacific Northwest indie underground as Built to Spill and Modest Mouse's own later major-label work.
A1577	Polvo	Exploded Drawing	1996	V10		Recommended		Polvo's move from Merge to Touch and Go coincided with a more psychedelic, drone-influenced direction, aligning them with the label's other angular, adventurous 1990s bands like Silkworm and the Jesus Lizard.
A1578	Silkworm	Firewater	1996	V10		Recommended		Formed from the band's Missoula-to-Seattle relocation, Firewater is Silkworm's step up to Matador Records alongside labelmates Pavement and Yo La Tengo, cementing their move from regional to national indie profile.
A1579	The Spinanes	Strand	1996	V10		Deep cut		Continues the Spinanes' minimalist approach on Sub Pop, and sounds of a piece with the era's interest in stripped-down, unconventional band lineups such as Quasi.
A1580	Spoon	Telephono	1996	V10		Recommended		Spoon's Matador debut, sounding indebted to Pixies- and Wire-style post-punk before the band moved through Elektra to Merge and refined their sound into the minimalism of Girls Can Tell.
A1581	Versus	Secret Swingers	1996	V10		Recommended		Continues Versus's move from the DIY TeenBeat scene to the larger Caroline Records roster, part of New York's mid-1990s indie-rock underground alongside Chavez and Cell.
A1582	The Wrens	Secaucus	1996	V10		Deep cut		The Wrens' second Grass Records album, part of the mid-1990s New Jersey indie underground, later overshadowed by the band's prolonged, much-delayed follow-up The Meadowlands.
A1583	Beulah	Handsome Western States	1997	V10		Deep cut		Released on the Elephant 6 Recording Company and sharing that collective's homemade psych-pop instincts; its guitar pop sounds akin to the wider '90s indie underground around Pavement and Grandaddy.
A1584	Built to Spill	Perfect from Now On	1997	V10		Essential		Built to Spill's first Warner Bros. album, expanding the guitar interplay of There's Nothing Wrong with Love into extended, Crazy Horse-scale songs; later indie bands comfortable with long, unhurried guitar rock sound indebted to it.
A1585	Grandaddy	Under the Western Freeway	1997	V10		Recommended		Grandaddy's Modesto-recorded debut, sounding indebted to the slacker-rock and lo-fi vocabulary of Built to Spill and Pavement while introducing the analog-synth melancholy that would define The Sophtware Slump.
A1586	Helium	The Magic City	1997	V10		Deep cut		A deliberate stylistic swerve from The Dirt of Luck's noise-pop toward keyboard-driven art rock; its medieval and fantasy leanings sound like a first sketch of Mary Timony's later solo records.
A1587	Modest Mouse	The Lonesome Crowded West	1997	V10		Essential		The high point of Modest Mouse's Up Records period and a clear statement of the Pacific Northwest strain of 1990s indie rock before the band's jump to Epic for The Moon & Antarctica.
A1588	Number One Cup	Wrecked by Lions	1997	V10		Deep cut		Number One Cup's second Flydaddy release, part of the same mid-'90s Chicago indie-rock scene that also produced labelmates and Pavement-adjacent power-pop bands nationally.
A1589	Pavement	Brighten the Corners	1997	V10		Recommended		A return to song-length discipline after Wowee Zowee's sprawl, closer in feel to Crooked Rain, Crooked Rain and pointing toward Malkmus's more polished solo work after the band's split.
A1590	Silkworm	Developer	1997	V10		Deep cut		The last Silkworm album on Matador before the band's move to Touch and Go Records for Blueblood, continuing the lean, literate guitar-rock style the band built out of Missoula and Seattle's underground scenes.
A1591	Superchunk	Indoor Living	1997	V10		Recommended		A deliberate slowdown and studio expansion from the punchy mid-1990s run, setting up the more orchestrated, Jim O'Rourke-produced sound of Come Pick Me Up two years later.
A1592	The Van Pelt	Sultans of Sentiment	1997	V10		Deep cut		A Gern Blandsten Records band from the New York/New Jersey underground; its talk-sung storytelling sounds akin to Silkworm, pushed in a more angular, post-punk direction.
A1593	Yo La Tengo	I Can Hear the Heart Beating as One	1997	V10		Essential		The fullest synthesis of Yo La Tengo's stylistic range to date, cementing the band's standing as one of American 1990s indie rock's most admired and enduring bands.
A1594	764-HERO	Get Here and Stay	1998	V10		Deep cut		An Up Records band alongside Built to Spill and Modest Mouse; its loose Pacific Northwest indie rock sounds akin to those labelmates.
A1595	Archers of Loaf	White Trash Heroes	1998	V10		Deep cut		A late, more experimental swerve from a band that had helped define 1990s Chapel Hill indie rock; it sounds closer in mood to the era's darker post-hardcore than to the band's earlier slacker-pop.
A1596	Death Cab for Cutie	Something About Airplanes	1998	V10		Recommended		A Barsuk Records debut from Bellingham, Washington, emerging from the same late-'90s Pacific Northwest indie-rock underground as Built to Spill and Modest Mouse before Death Cab's sound grew more polished.
A1597	The Halo Benders	The Rebels Not In	1998	V10		Deep cut		Closes out the Martsch/Johnson collaboration that had run alongside both Built to Spill's and Beat Happening's main careers through the 1990s.
A1598	The Karl Hendricks Trio	Declare Your Weapons	1998	V10		Deep cut		Continues the Karl Hendricks Trio's run on Merge Records alongside Superchunk and Butterglory, part of the same '90s Merge/Matador indie-rock scene.
A1599	Mary Lou Lord	Got No Shadow	1998	V10		Deep cut		Tied to the Bevis Frond through Saloman's songwriting; represents the more polished, radio-adjacent edge of '90s indie jangle.
A1600	The Minders	Hooray for Tuesday	1998	V10		Deep cut		Part of the Elephant 6 collective's orbit; its scrappy jangle-pop sounds akin to Guided by Voices and the Olivia Tremor Control.
A1601	Quasi	Featuring "Birds"	1998	V10		Recommended		Formed by two veterans of Portland's Heatmiser and Sleater-Kinney-adjacent scenes, using an unconventional keyboard-and-drums format that stood apart from the guitar-forward Pacific Northwest slacker sound around them.
A1602	Silkworm	Blueblood	1998	V10		Recommended		Marks Silkworm's move from Matador to Touch and Go Records and from Seattle to Chicago, aligning the band with the Albini-adjacent Midwest noise-rock and indie-rock underground of the late 1990s.
A1603	Spoon	A Series of Sneaks	1998	V10		Deep cut		Made during Spoon's brief and famously bruising major-label detour, sharpening the post-punk economy of Telephono ahead of the band's rebound on Merge Records with Girls Can Tell.
A1604	Versus	Two Cents Plus Tax	1998	V10		Deep cut		The last Versus album of the band's original 1990s run on Caroline Records, closing out a decade of steady New York indie-pop songwriting before the band's early-2000s hiatus.
A1605	Beulah	When Your Heartstrings Break	1999	V10		Recommended		Came out of the Elephant 6 orbit alongside Apples in Stereo and Olivia Tremor Control; its warm, horn-laced melancholy sounds akin to later indie-pop bands drawing on '60s pop craft.
A1606	Built to Spill	Keep It Like a Secret	1999	V10		Essential		A more concise companion to Perfect from Now On that set the template the band would follow into the 2000s; its fuzzed, melodic guitar layering sounds close kin to Dinosaur Jr.
A1607	Pavement	Terror Twilight	1999	V10		Recommended		Pavement's last studio album before their 1999 breakup, produced outside the band's usual DIY circle and pointing directly toward the more song-crafted, less chaotic sound of Malkmus's subsequent solo records.
A1608	Quasi	Field Studies	1999	V10		Deep cut		Continues Quasi's format-defying, keyboard-driven sound on Up Records, part of the same Pacific Northwest label roster as Built to Spill and Modest Mouse despite a completely different instrumental approach.
A1609	Radar Bros.	The Singing Hatchet	1999	V10	V12	Deep cut		Came out of the LA indie scene; its slow-motion guitar rock sounds suspended between '90s slacker indie and the slowcore/sadcore lineage of Codeine and Bedhead.
A1610	Superchunk	Come Pick Me Up	1999	V10		Recommended		The most orchestrated Superchunk record of the 1990s, produced by Chicago experimentalist Jim O'Rourke, and a step toward the quieter Here's to Shutting Up before the band's long album hiatus.
A1611	Death Cab for Cutie	We Have the Facts and We're Voting Yes	2000	V10		Recommended		Continues Death Cab's Barsuk run in the Pacific Northwest scene of Built to Spill and Modest Mouse; its hushed quiet sounds indebted to slowcore.
A1612	Grandaddy	The Sophtware Slump	2000	V10		Essential		Expands the analog-synth melancholy of Under the Western Freeway into a fuller, more widescreen statement, extending the Modesto band's lo-fi slacker-rock roots into 2000s indie rock's more expansive production values.
A1613	Modest Mouse	The Moon & Antarctica	2000	V10		Essential		Modest Mouse's first album for Epic Records after building a following on Up Records, carrying the band's 1990s Pacific Northwest indie-rock sound into a more polished, widescreen 2000s register.
A1614	Silkworm	Lifestyle	2000	V10		Recommended		Continues Silkworm's Touch and Go, Albini-adjacent Chicago period, extending the band's 1990s Matador-era sound into the new decade without significant change in approach.
A1615	Yo La Tengo	And Then Nothing Turned Itself Inside-Out	2000	V10		Recommended		A deliberately hushed counterpoint to the sprawling I Can Hear the Heart Beating as One, closing out Yo La Tengo's most acclaimed decade and continuing the Hoboken band's influence into the 2000s indie underground.
A1616	Built to Spill	Ancient Melodies of the Future	2001	V10		Recommended		Extends Built to Spill's turn-of-the-2000s run into the new decade, carrying the Boise band's guitar-layered slacker rock past the 1990s without changing its essential approach.
A1617	The Shins	Oh, Inverted World	2001	V10	V17	Recommended		Grew out of Albuquerque's Flake Music; its melodic guitar pop sounds indebted to '60s jangle and '90s indie pop.
A1618	Spoon	Girls Can Tell	2001	V10		Essential		Spoon's rebound after being dropped by Elektra, moving to Merge Records (labelmates of Superchunk and the Magnetic Fields) and establishing the minimalist, rhythm-forward sound that defined the band's 2000s run.
A1619	Stephen Malkmus	Stephen Malkmus	2001	V10		Recommended		Malkmus' first post-Pavement release on Matador, extending the loose, digressive guitar-rock songwriting of his old band into a new decade and a new lineup, the Jicks.
A1620	Silkworm	Italian Platinum	2002	V10		Deep cut		A later, confident entry in Silkworm's Touch and Go catalog, carrying the Missoula-bred band's lean guitar-rock sound into the early 2000s alongside labelmates like the Jesus Lizard.
A1621	Stephen Malkmus	Pig Lib	2003	V10		Deep cut		The second Jicks album, continuing Malkmus' post-Pavement evolution toward longer, more guitar-solo-driven arrangements while keeping the same wry, referential lyric style.
A1622	The Wrens	The Meadowlands	2003	V10		Essential		A long-delayed follow-up to Secaucus that turned The Wrens' 1990s New Jersey indie-pop roots into one of the best-loved guitar-rock records of the following decade.
A1623	Built to Spill	You in Reverse	2006	V10		Recommended		A return to the extended, jam-oriented structures of Perfect from Now On after two more concise records, continuing Built to Spill's 2000s life as Boise's most enduring indie-rock export.
A1624	Superchunk	Majesty Shredding	2010	V10		Recommended		Superchunk's 2000s-into-2010s return to the fast, hook-driven sound of their Merge Records prime, carrying the Chapel Hill scene they helped build into a new decade.
A1625	Daniel Johnston	Hi, How Are You	1983	V11		Essential		One of the foundational home-taping documents of American lo-fi, handed out on cassette around Austin before Kurt Cobain's T-shirt of its cover spread it far wider; the four-track ethos of Sebadoh and the Elephant 6 bands sounds deeply indebted to it.
A1626	Daniel Johnston	Yip/Jump Music	1983	V11		Essential		Alongside 'Hi, How Are You,' one of the key cassette-only documents that made Daniel Johnston a reference point for four-track and home-taping culture well before 'lo-fi' had a name.
A1627	Half Japanese	Charmed Life	1988	V11	V16	Recommended		Jad Fair's documented collaborations with Daniel Johnston tie the Fairs to later outsider songwriting; the band's self-taught, anyone-can-play clatter also sounds like a forerunner of Beat Happening and the broader lo-fi movement.
A1628	The Frogs	It's Only Right and Natural	1989	V11		Deep cut		Built from Flemion brothers home tapes rather than studio sessions; its blunt, unedited home-recording ethic sounds like a precursor to the 1990s lo-fi underground.
A1629	Sebadoh	The Freed Man	1989	V11		Recommended		Grew directly out of Lou Barlow's four-track recordings made in the wake of his split from Dinosaur Jr., and established the raw, unedited home-tape method that 'Weed Forestin'' and 'Sebadoh III' then refined.
A1630	Daniel Johnston	1990	1990	V11		Essential		Released on Kramer's Shimmy-Disc just as Johnston's cassette reputation was crossing into the wider alternative-rock world, a bridge between his home-taping years and the Atlantic Records album 'Fun.'
A1631	Sebadoh	Weed Forestin'	1990	V11		Recommended		The second Sebadoh full-length, deepening Lou Barlow's four-track home-recording method just before Eric Gaffney's contributions expanded on 'Sebadoh III.'
A1632	Ween	GodWeenSatan: The Oneness	1990	V11		Essential		Ween's official debut for Twin/Tone, drawn from years of self-released home cassettes and setting up the deeper four-track experiments of 'The Pod' and 'Pure Guava.'
A1633	Sebadoh	III	1991	V11		Essential		Grew out of Lou Barlow's home four-track recordings made after his acrimonious split from Dinosaur Jr., establishing Sebadoh as a defining lo-fi act alongside Guided by Voices and feeding directly into 'Bubble & Scrape' and the Sub Pop years.
A1634	Ween	The Pod	1991	V11		Essential		The peak of Ween's independent four-track period, recorded entirely at home just before the duo signed to Elektra Records for 'Pure Guava.'
A1635	Beat Happening	You Turn Me On	1992	V11	V16	Recommended		Beat Happening's last album, carrying the band's deliberately amateurish K Records sound to the end of its run; through Calvin Johnson that label and scene fed directly into later K releases such as Beck's 'One Foot in the Grave' and the Microphones' records.
A1636	Guided by Voices	Propeller	1992	V11	V17	Essential		Grew out of years of private Dayton basement tapes that predate the album itself, and it set the cut-and-paste, fidelity-shifting template that 'Vampire on Titus' and 'Bee Thousand' then refined.
A1637	Sebadoh	Smash Your Head on the Punk Rock	1992	V11		Deep cut		Gathers early-1990s Sebadoh EP recordings into one document of the band's rawest four-track period, following 'Sebadoh III' and leading into 'Bubble & Scrape.'
A1638	Ween	Pure Guava	1992	V11		Essential		Ween's first album for a major label, made without changing their four-track home-recording method, closing out the trio of lo-fi albums that began with 'GodWeenSatan' and 'The Pod.'
A1639	Guided by Voices	Vampire on Titus	1993	V11	V17	Essential		A direct bridge from the handmade 'Propeller' to 'Bee Thousand,' recorded in the same Dayton basement circle that fed Robert Pollard's Rockathon self-releases.
A1640	Sebadoh	Bubble & Scrape	1993	V11		Essential		The first Sebadoh album for Sub Pop, carrying the band's Homestead-era four-track method onto a bigger indie platform and setting up the more focused songwriting of 'Bakesale.'
A1641	Beck	One Foot in the Grave	1994	V11		Recommended		An independent side release made while Beck was on a major label, pairing him directly with Calvin Johnson and the Olympia K Records scene that also produced Beat Happening and, later, the Microphones.
A1642	Beck	Stereopathetic Soulmanure	1994	V11		Deep cut		Compiles Beck's pre-fame home-tape archive, released on an independent label the same year as his major-label debut to keep his lo-fi, DIY recordings in circulation alongside 'Mellow Gold.'
A1643	Daniel Johnston	Fun	1994	V11		Recommended		Daniel Johnston's bridge from cassette-only home recordings to a fully produced studio album, made possible by the cult following his 1980s tapes built.
A1644	East River Pipe	Poor Fricky	1994	V11		Recommended		One of the earliest East River Pipe releases, establishing Fred Cornog's one-man, apartment-recorded synth-and-guitar sound that Merge Records continued to release for the rest of the decade.
A1645	Elliott Smith	Roman Candle	1994	V11	V10	Essential		Elliott Smith's first solo album, made on a four-track separately from his louder band Heatmiser, and the direct lo-fi foundation for 'Elliott Smith' and 'Either/Or.'
A1646	The Folk Implosion	Take a Look Inside	1994	V11		Recommended		Lou Barlow's first Folk Implosion release, extending his four-track home-recording habits from Sebadoh and Sentridoh into a drum-machine-driven duo that later crossed over with the 'Kids' soundtrack.
A1647	Guided by Voices	Bee Thousand	1994	V11	V17	Essential	Y	The culmination of the basement-tape method Pollard had been refining since 'Propeller' and 'Vampire on Titus,' and the record most directly credited with legitimizing four-track home recording as an aesthetic for the Matador/Scat generation and everyone after.
A1648	Lou Barlow	Winning Losers: A Collection of Home Recordings 89-93	1994	V11		Deep cut		Collects Lou Barlow's parallel Sentridoh home-tape output from the same years as early Sebadoh, documenting the DIY four-track network (Shrimper Records and its Southern California cassette scene) that ran alongside the Sebadoh/Folk Implosion catalog.
A1649	The Mountain Goats	Zopilote Machine	1994	V11		Essential		The founding boombox-recorded Mountain Goats album, establishing John Darnielle's extreme lo-fi home-taping method that continued through 'Sweden' and 'Nothing for Juice' before later returning on 'All Hail West Texas.'
A1650	Sebadoh	Bakesale	1994	V11		Essential		Follows 'Bubble & Scrape' as Sebadoh's breakthrough on Sub Pop, tightening the band's four-track aesthetic into concise songs that widened their audience beyond the lo-fi underground.
A1651	The Apples in Stereo	Fun Trick Noisemaker	1995	V11		Essential		The founding record of Robert Schneider's Elephant 6 Recording Company aesthetic, sharing the collective's home-recorded, Beach Boys-indebted sound with Neutral Milk Hotel and the Olivia Tremor Control.
A1652	Elf Power	Vainly Clutching at Phantom Limbs	1995	V11		Recommended		Elf Power's first record and an early Elephant 6 release, sharing the collective's homemade recording ethic with Neutral Milk Hotel and the Olivia Tremor Control.
A1653	Elliott Smith	Elliott Smith	1995	V11	V10	Essential		The second Elliott Smith solo album, continuing his four-track home-recording method on Kill Rock Stars just before 'Either/Or' brought him to a larger indie audience.
A1654	Guided by Voices	Alien Lanes	1995	V11	V17	Essential		Extends the fragmentary four-track method of 'Bee Thousand' onto a bigger indie label; the song-shard structure of many 1990s lo-fi acts, including some Elephant 6 bands, sounds indebted to it.
A1655	The Mountain Goats	Nine Black Poppies	1995	V11		Deep cut		A compact boombox-era release from the Mountain Goats' most prolific home-taping stretch, sharing the Emperor Jones label with the fuller-length 'Full Force Galesburg' two years later.
A1656	The Mountain Goats	Sweden	1995	V11		Recommended		Follows 'Zopilote Machine' as the Mountain Goats' boombox-era songwriting grew more expansive, released on Shrimper, the Claremont-adjacent home-taping label that also carried Lou Barlow's Sentridoh tapes.
A1657	Sparklehorse	Vivadixiesubmarinetransmissionplot	1995	V11		Essential		Mark Linkous's debut as Sparklehorse sounds indebted to Neil Young and to home-tape hiss, carrying that sound onto a major label in the same mid-1990s moment as Beck's crossover.
A1658	East River Pipe	Mel	1996	V11		Recommended		Cornog's first full album released directly through Merge, continuing the apartment-built synth-pop sound of 'Poor Fricky' and 'Shining Hours in a Can.'
A1659	Guided by Voices	Under the Bushes Under the Stars	1996	V11	V17	Recommended		The hinge point between the four-track years of 'Bee Thousand'/'Alien Lanes' and Guided by Voices' later, more conventionally studio-built records.
A1660	The Mountain Goats	Nothing for Juice	1996	V11		Recommended		Continues the Mountain Goats' mid-1990s boombox recordings, sitting between 'Sweden' and 'Full Force Galesburg' in Darnielle's most prolific lo-fi stretch.
A1661	Neutral Milk Hotel	On Avery Island	1996	V11		Essential		Jeff Mangum's debut as Neutral Milk Hotel within the Elephant 6 collective, built with the same homemade production ethos as fellow collective bands Olivia Tremor Control and Apples in Stereo, and the direct lead-in to 'In the Aeroplane Over the Sea.'
A1662	The Olivia Tremor Control	Music from the Unrealized Film Script: Dusk at Cubist Castle	1996	V11		Essential		Grew out of the Elephant 6 collective centered in Denver and Athens, sharing members and a homemade four-track aesthetic with Neutral Milk Hotel and the Apples in Stereo, and pushing the collective's psychedelic, collage-heavy side furthest.
A1663	Robert Pollard	Not in My Airforce	1996	V11		Recommended		A parallel outlet to Guided by Voices' mid-1990s work, using the same Dayton four-track method and later feeding into Pollard's long-running Fading Captain solo series.
A1664	Sebadoh	Harmacy	1996	V11		Recommended		Carries the band's arc from the Homestead cassettes through Sub Pop into more conventional studio recording, the furthest the 1990s Sebadoh got from its four-track roots.
A1665	Tobin Sprout	Carnival Boy	1996	V11		Recommended		Grew directly out of Sprout's parallel role writing and home-recording songs inside Guided by Voices, giving the Dayton lo-fi scene a gentler solo counterpart to Robert Pollard's records.
A1666	The Apples in Stereo	Tone Soul Evolution	1997	V11		Recommended		The follow-up to 'Fun Trick Noisemaker,' continuing Robert Schneider's homemade Elephant 6 production style into more fully-formed pop songwriting.
A1667	Bill Fox	Shelter from the Smoke	1997	V11		Recommended		Bill Fox's first solo album after the Mice, recorded on home equipment and continuing that band's melodic instincts in a bare, solitary form.
A1668	The Folk Implosion	Dare to Be Surprised	1997	V11		Recommended		Follows the Folk Implosion's breakout single with a deliberately lo-fi, small-label record, keeping Lou Barlow's home-recording instincts intact just as major labels came calling.
A1669	Guided by Voices	Mag Earwhig!	1997	V11	V17	Recommended		Documents Guided by Voices absorbing a full backing band (Cobra Verde) while still drawing on Robert Pollard's home-recorded song fragments, a transitional record between the lo-fi years and the band's later studio-built albums.
A1670	The Mountain Goats	Full Force Galesburg	1997	V11		Recommended		Follows 'Nothing for Juice' and precedes 'The Coroner's Gambit' in the Mountain Goats' home-taped 1990s and early-2000s run.
A1671	Of Montreal	Cherry Peel	1997	V11		Recommended		Of Montreal's first album, made inside the Elephant 6 collective's homemade recording culture alongside Apples in Stereo and Elf Power, before the project moved toward more elaborately produced pop.
A1672	Tobin Sprout	Moonflower Plastic	1997	V11		Recommended		The follow-up to 'Carnival Boy,' continuing Tobin Sprout's home-recorded, melody-first solo strand of the Dayton four-track scene.
A1673	Bill Fox	Transit Byzantium	1998	V11		Deep cut		The second and, for many years, final Bill Fox solo album, continuing the stark home-cassette method of 'Shelter from the Smoke' before Fox's long absence from recording.
A1674	Bright Eyes	A Collection of Songs Written and Recorded 1995-1997	1998	V11	V4	Deep cut		The earliest official Bright Eyes release, compiling Conor Oberst's teenage home recordings before the more focused 'Letting Off the Happiness' later the same year.
A1675	Bright Eyes	Letting Off the Happiness	1998	V11	V4	Essential		Conor Oberst's first fully-formed Bright Eyes album, recorded at home in Omaha and setting the template for the Saddle Creek label's emo-adjacent, home-taped singer-songwriter sound.
A1676	Neutral Milk Hotel	In the Aeroplane Over the Sea	1998	V11		Essential	Y	The culmination of Neutral Milk Hotel and the wider Elephant 6 collective's homemade recording ethic, shared with Apples in Stereo and Olivia Tremor Control; the next two decades of indie folk and lo-fi songwriting sound heavily indebted to it.
A1677	Sparklehorse	Good Morning Spider	1998	V11		Recommended		Sparklehorse's second album, continuing Mark Linkous's home-studio production method from 'Vivadixiesubmarinetransmissionplot' while processing the physical and emotional aftermath of his 1996 overdose.
A1678	Elf Power	A Dream in Sound	1999	V11		Recommended		Continues Elf Power's run of homemade Elephant 6 psych-folk records, following 'When the Red King Comes' and cementing the band's role in the Athens wing of the collective alongside Olivia Tremor Control and Neutral Milk Hotel.
A1679	The Folk Implosion	One Part Lullaby	1999	V11		Deep cut		The Folk Implosion's most produced record, carrying the project's lo-fi drum-machine sound onto a major label at the tail end of Lou Barlow's 1990s home-recording run.
A1680	The Microphones	Don't Wake Me Up	1999	V11		Recommended		Phil Elverum's debut under the Microphones name, recorded inside the K Records-adjacent Anacortes/Olympia scene that also produced Beat Happening and Old Time Relijun, and an early step toward 'The Glow Pt. 2.'
A1681	The Music Tapes	1st Imaginary Symphony For Nomad	1999	V11		Deep cut		Grew out of Julian Koster's work as a touring and recording member of Neutral Milk Hotel, carrying the same homemade, singing-saw-laced Elephant 6 aesthetic into his own project.
A1682	Of Montreal	The Gay Parade	1999	V11		Deep cut		The second Of Montreal album made inside the Elephant 6 collective's homemade recording circle, extending 'Cherry Peel' into a more ambitious song cycle before the band's sound moved further from lo-fi.
A1683	The Olivia Tremor Control	Black Foliage: Animation Music Volume One	1999	V11		Recommended		The second and final Olivia Tremor Control studio album from their original run, extending the tape-collage, homemade-psychedelia strand of the Elephant 6 collective before the band's long hiatus.
A1684	The Microphones	It Was Hot, We Stayed in the Water	2000	V11		Deep cut		The second Microphones full-length, deepening Phil Elverum's homemade, effects-laden production method between 'Don't Wake Me Up' and 'The Glow Pt. 2.'
A1685	The Mountain Goats	The Coroner's Gambit	2000	V11		Recommended		Carries the Mountain Goats' 1990s home-taping method into the 2000s, setting up 'All Hail West Texas,' the last all-boombox record before the studio-made 'Tallahassee.'
A1686	Daniel Johnston	Rejected Unknown	2001	V11		Deep cut		A late-career return to independent recording after the major-label 'Fun,' still carrying the raw, untrained vocal style Daniel Johnston established on his 1980s home cassettes.
A1687	The Microphones	The Glow Pt. 2	2001	V11		Essential		The culmination of Phil Elverum's self-produced Microphones records, extending the Anacortes/Olympia K Records home-taping lineage of Beat Happening and Beck's 'One Foot in the Grave' and setting up Elverum's later work as Mount Eerie.
A1688	Sparklehorse	It's a Wonderful Life	2001	V11		Recommended		The third Sparklehorse album, extending Mark Linkous's rural home-studio method from 'Good Morning Spider' into quieter, more orchestrated territory just past the lane's core 1990s window.
A1689	The Mountain Goats	All Hail West Texas	2002	V11		Essential		The deliberate full-album return to and endpoint of John Darnielle's boombox recording method, immediately followed by the full-band, studio-recorded 'Tallahassee.'
A1690	The Mountain Goats	Tallahassee	2002	V11	V4	Recommended		The direct studio-recorded sequel to years of boombox-only Mountain Goats records, marking John Darnielle's move away from home taping just as 'All Hail West Texas' had pushed the method to its limit.
A1691	The Microphones	Mount Eerie	2003	V11		Recommended		The album on which Phil Elverum renamed the Microphones as Mount Eerie, carrying the same self-built K Records home-taping method forward into his long-running solo project.
A1692	Guided by Voices	Let's Go Eat the Factory	2012	V11	V17	Recommended		Guided by Voices' classic-lineup reunion record, deliberately reviving the lo-fi, four-track editing style of 'Propeller' through 'Alien Lanes' after years of more conventionally produced studio albums.
A1693	American Music Club	California	1988	V12		Essential		Bridges the sad, slow West Coast country-rock lineage with the emerging sadcore sensibility, an influence Eitzel's later solo work and bands like Idaho and Red House Painters would build on directly.
A1694	Cowboy Junkies	The Trinity Session	1988	V12	V9	Essential		A Canadian country-folk record whose extreme hush and slow pacing predate American slowcore; its live-in-the-room minimalism sounds like a forerunner of the genre's aesthetic even though it came from a country tradition.
A1695	Galaxie 500	Today	1988	V12		Essential		Tied to the Velvet Underground's hushed third album and to Jonathan Richman, whose 'Don't Let Our Youth Go to Waste' it covers; its slow, reverb-heavy sound resembles what Low, Red House Painters and Codeine later developed.
A1696	American Music Club	United Kingdom	1989	V12		Deep cut		An overlooked link between California and the band's more widely heard early-'90s albums, cementing Eitzel's persona as a singer for whom sadness was a full-time occupation.
A1697	Galaxie 500	On Fire	1989	V12		Essential		Built directly on the 'Today' template with the same trio; its guitar tone and pacing resemble what Low and Bedhead developed a few years later.
A1698	Cowboy Junkies	The Caution Horses	1990	V12	V9	Recommended		Extends 'The Trinity Session's' hushed formula into a studio setting; its slow-country sound runs parallel to American slowcore.
A1699	Galaxie 500	This Is Our Music	1990	V12		Essential		The last statement of the 'Today'/'On Fire' sound before Wareham formed Luna and Krukowski and Yang became Damon & Naomi; its long, drifting passages sound like a forerunner of Duster's hazier work.
A1700	Mazzy Star	She Hangs Brightly	1990	V12		Essential		Carries Roback's Paisley Underground roots (Rain Parade, Opal) into a slower, more Southern-gothic direction, becoming a key crossover between '60s psych revivalism and '90s slowcore/sadcore.
A1701	American Music Club	Everclear	1991	V12		Essential		The album that established American Music Club as a major sadcore-adjacent songwriting force, sitting close to the theatrical, confessional end of the genre later occupied by Mark Kozelek and Mark Lanegan.
A1702	Codeine	Frigid Stars	1991	V12		Essential		Chris Brokaw's parallel band Come ties it to the Northeast underground; alongside Galaxie 500 it sounds like an early template for American slowcore.
A1703	Codeine	Barely Real	1992	V12		Deep cut		A short but important link in Codeine's catalog, keeping the band's tempo-as-ideology approach intact between two more widely heard full-lengths.
A1704	Damon & Naomi	More Sad Hits	1992	V12		Recommended		A direct continuation of Galaxie 500 by two of its three members, moving the same hushed sensibility from reverbed rock into folk-adjacent arrangements that later fed Damon & Naomi's long-running Sub Pop run.
A1705	Red House Painters	Down Colorful Hill	1992	V12		Essential	Y	Sounds indebted to Galaxie 500's slow pacing but stretches songs longer and starker; it set the confessional, extended-form template Kozelek would carry through Red House Painters and Sun Kil Moon.
A1706	Acetone	Cindy	1993	V12		Recommended		Part of the same Vernon Yard label ecosystem as early Low, bringing a Southern Californian, country-inflected drone to the national slowcore conversation.
A1707	American Music Club	Mercury	1993	V12		Essential		Shows how far the sadcore songwriting template could be scaled up with major-label resources while keeping its emotional core intact, a path Mark Eitzel would continue exploring on his solo records.
A1708	Idaho	Year After Year	1993	V12		Recommended		Came out of the same early-'90s Los Angeles underground as Acetone, but its crawling tempos and mood sound closer to Codeine than to its local peers.
A1709	Mazzy Star	So Tonight That I Might See	1993	V12		Essential		Brought the slow, drawled, reverb-heavy sadcore sound to a mainstream audience via 'Fade Into You,' widening the genre's visibility well beyond the underground labels most of its peers stayed on.
A1710	Red House Painters	Red House Painters (Bridge)	1993	V12		Recommended		A companion to the first self-titled album, deepening the same hushed, extended-song approach and sitting beside Low and Codeine as a close stylistic peer.
A1711	Red House Painters	Red House Painters (Rollercoaster)	1993	V12		Essential		Expands the 'Down Colorful Hill' approach into a full studio record, and sits beside Low and Codeine as a close stylistic peer.
A1712	American Music Club	San Francisco	1994	V12		Recommended		Closes out the classic American Music Club run on the same slow, confessional terms it began on, after which Eitzel's solo career and the band's eventual 2004 reunion carried the sound forward.
A1713	Bedhead	WhatFunLifeWas	1994	V12		Essential		Sounds indebted to Codeine's tempo obsession and to early post-rock guitar interplay, applied within a Texas scene dominated by noisier bands; the Kadanes carried the approach directly into their later band the New Year.
A1714	Codeine	The White Birch	1994	V12		Essential		The culmination of Codeine's slowcore extremism; Bedhead's tempo-obsessed guitar interplay and the doom-adjacent wing of the genre sound indebted to it.
A1715	Idaho	This Way Out	1994	V12		Deep cut		Doubles down on the extreme minimalism of Year After Year, part of a Los Angeles slowcore strand running alongside Acetone and Spain that traded that city's usual pop instincts for near-total stillness.
A1716	Kristin Hersh	Hips and Makers	1994	V12		Deep cut		A hushed acoustic solo turn by Throwing Muses' leader that sounds close to sadcore's confessional intimacy, a borderline but fitting neighbor to her 4AD labelmates Red House Painters.
A1717	Lisa Germano	Geek the Girl	1994	V12		Deep cut		A hushed, string-driven singer-songwriter record that shares 4AD's early-'90s American roster with Red House Painters and Tarnation, extending slowcore's intimacy into home-recorded chamber-folk.
A1718	Low	I Could Live in Hope	1994	V12		Essential	Y	Shares producer Kramer with Galaxie 500 and sounds indebted to that band's pacing and the Velvet Underground's quietest moments, then strips the sound down further; it set the template Low would vary for the next three decades.
A1719	Bluetile Lounge	Lowercase	1995	V12		Deep cut		An Australian slowcore record that sounds indebted to Galaxie 500 and Codeine's tempo and hush, a rare non-American entry in the genre's classic period.
A1720	Low	Long Division	1995	V12		Recommended		A direct sequel to 'I Could Live in Hope' that tightens the same minimalist formula; it sits alongside Bedhead's contemporaneous records as a close stylistic cousin.
A1721	Mojave 3	Ask Me Tomorrow	1995	V12		Recommended		A direct pivot from classic UK shoegaze (Slowdive) into hushed, pedal-steel slowcore, tying the American sadcore lineage to the British dream-pop scene it drew from.
A1722	Red House Painters	Ocean Beach	1995	V12		Recommended		Keeps Red House Painters' core hushed, extended-song formula while opening it toward warmer, more melodic songwriting that would carry over into Songs for a Blue Guitar.
A1723	Spain	The Blue Moods of Spain	1995	V12		Recommended		Applies a jazz and folk musical background (Haden is the son of bassist Charlie Haden) to the LA slowcore sound of the mid-'90s, sitting alongside Acetone and Idaho as part of that city's quieter underground.
A1724	Tarnation	Gentle Creatures	1995	V12	V9	Recommended		A San Francisco act on 4AD alongside Red House Painters; its mournful sound resembles classic country balladry slowed to a slowcore pace.
A1725	Acetone	If You Only Knew	1996	V12		Deep cut		Continues Acetone's country-psych drone on Vernon Yard, the same label as early Low, and sounds like a Californian cousin to that band's hush.
A1726	Bedhead	Beheaded	1996	V12		Recommended		Refines the debut's controlled-dynamics formula, a direct forerunner to the more overtly post-rock arrangements the Kadanes would pursue in the New Year.
A1727	Cat Power	What Would the Community Think	1996	V12		Recommended		Came out of the 1990s New York underground, where Marshall worked with Sonic Youth's Steve Shelley; its slow, bruised songs resemble the hush of Low and Red House Painters and set up her confessional work through the decade.
A1728	Ida	I Know About You	1996	V12		Recommended		Released on the DC indie label Simple Machines; its acoustic, close-harmony hush resembles Damon & Naomi's branch of slowcore.
A1729	Idaho	Three Sheets to the Wind	1996	V12		Recommended		A refinement of Idaho's core sound that kept the band central to the LA wing of American slowcore through the mid-'90s, alongside labelmates and peers on Caroline Records.
A1730	Lisa Germano	Excerpts from a Love Circus	1996	V12		Deep cut		Continues the hushed, string-based confessional style of Geek the Girl on 4AD, part of the same label lineage running through Red House Painters and Tarnation.
A1731	Low	The Curtain Hits the Cast	1996	V12		Recommended		Extends the 'I Could Live in Hope' sound toward longer, more drone-like structures that point to the more experimental records Low made after moving to Kranky.
A1732	Mark Eitzel	60 Watt Silver Lining	1996	V12		Recommended		Carries American Music Club's sadcore songwriting into a solo, torch-song register; it shares a San Francisco hush with Red House Painters and Tarnation.
A1733	Mazzy Star	Among My Swan	1996	V12		Recommended		Closes out Mazzy Star's classic run on its most downbeat note, leading directly into Hope Sandoval's later solo work in the same drawled, reverb-soaked vein.
A1734	Red House Painters	Songs for a Blue Guitar	1996	V12		Recommended		A major-label widening of the Red House Painters sound that keeps the slowcore pacing while adding guitar interplay closer to classic rock, foreshadowing the more expansive Sun Kil Moon records to come.
A1735	Scud Mountain Boys	Massachusetts	1996	V12	V9	Recommended		Sits at the intersection of alt-country storytelling and slowcore's quiet dynamics, a direct bridge between the V9 insurgent-country scene and V12's hushed sadness; Pernice would go on to the more pop-oriented Pernice Brothers.
A1736	Windsor for the Derby	Calm Hades Float	1996	V12		Deep cut		Released on Trance Syndicate alongside Bedhead; its repetitive, motorik drift sounds indebted to German krautrock as much as to Codeine.
A1737	Julie Doiron	Loneliest in the Morning	1997	V12		Recommended		An important hushed-twang precedent from the Canadian side of the '90s underground, carrying Eric's Trip's lo-fi intimacy into a quieter, more explicitly folk-adjacent slowcore mode.
A1738	Bedhead	Transaction de Novo	1998	V12		Essential		The capstone of Bedhead's catalog and a direct bridge to the New Year, cementing Dallas as a key Texas node in the slowcore map alongside Trance Syndicate's Austin base.
A1739	Cat Power	Moon Pix	1998	V12		Essential		The high point of Cat Power's early sadcore period, made with Dirty Three's Mick Turner and Jim White; the following decade's hushed singer-songwriter wave often sounds indebted to it.
A1740	Duster	Stratosphere	1998	V12		Essential		Sounds like the tempo and mood of Low and Codeine filtered through a lo-fi home-recording aesthetic; its later rediscovery made it a widely acknowledged reference point for the 2010s modern-slowcore revival captured in C8.
A1741	Mojave 3	Out of Tune	1998	V12		Deep cut		Deepens Mojave 3's move, via former Slowdive members, from shoegaze into pedal-steel-laced slowcore that sounds akin to its American counterparts.
A1742	Pedro the Lion	It's Hard to Find a Friend	1998	V12	V10	Deep cut		From the same Seattle-area indie underground as Built to Spill and Modest Mouse; its slow, hushed songwriting sounds akin to '90s slowcore.
A1743	Low	Secret Name	1999	V12		Essential		Moves Low's sound from the stark early records toward the more textured, occasionally gospel-tinged music of the 2000s.
A1744	Duster	Contemporary Movement	2000	V12		Recommended		A continuation of the 'Stratosphere' formula by the same trio; its hazy sound, like the debut's, resonates with the later C8 modern-slowcore scene more than it registered in its own era.
A1745	Early Day Miners	Placer Found	2000	V12		Deep cut		Sounds indebted to the Midwestern slowcore of Low, pushed in a twangier, pedal-steel-laced direction that resembles the later countrygaze fusion C4 bands pursued.
A1746	The For Carnation	The For Carnation	2000	V12		Recommended		Grew directly out of Slint's Louisville post-rock lineage via guitarist Brian McMahan, translating that band's control and dynamics into a slower, more overtly sadcore register.
A1747	Ida	Will You Find Me	2000	V12		Recommended		A fuller studio take on Ida's hushed, close-harmony folk-slowcore, sounding like a quieter, more acoustic counterpart to the guitar-drone end of the genre represented by Low and Codeine.
A1748	Nina Nastasia	Dogs	2000	V12		Deep cut		A New York singer-songwriter whose hushed chamber-folk resembles Ida and Damon & Naomi; her work was later carried on Touch and Go, the label of the For Carnation and the New Year.
A1749	Pedro the Lion	Winners Never Quit	2000	V12	V10	Deep cut		Pedro the Lion's move to the Jade Tree label; the hushed pace of the debut continues, sounding akin to slowcore.
A1750	Carissa's Wierd	You Should Be at Home Here	2001	V12		Recommended		A Pacific Northwest slowcore band whose hushed, lo-fi close-harmony sound directly seeded Band of Horses and S among its members, an important but underheard link in the genre's 2000s continuation.
A1751	Hope Sandoval & the Warm Inventions	Bavarian Fruit Bread	2001	V12		Recommended		A direct offshoot of Mazzy Star's hushed, drawled sound, made with a member of classic shoegaze act My Bloody Valentine, tying the West Coast sadcore lineage to the UK dream-pop world.
A1752	Julie Doiron	Désormais	2001	V12		Deep cut		Continues Doiron's hushed, Eric's Trip-rooted home-recording style on Jagjaguwar, a sister label to Secretly Canadian, tying the Canadian Maritimes scene into the broader V12 map.
A1753	Low	Things We Lost in the Fire	2001	V12		Essential		The fullest realization of Kranky-era Low, carrying the band's slowcore approach into the 2000s; later hushed indie-folk records often sound indebted to its warmth.
A1754	The New Year	Newness Ends	2001	V12		Recommended		A direct continuation of Bedhead by the same songwriting brothers, extending the guitar-interplay slowcore approach into the 2000s Denton and Chicago (Touch and Go) underground.
A1755	Red House Painters	Old Ramon	2001	V12		Recommended		The final Red House Painters record and a direct bridge to Sun Kil Moon, carrying the band's hushed, extended-song formula into the 2000s on the same label, Sub Pop, that would later release Low's mid-period albums.
A1756	Carissa's Wierd	Songs About Leaving	2002	V12		Recommended		The culmination of Carissa's Wierd's hushed Seattle sound before its members scattered into Band of Horses, Grand Archives, and S, carrying the slowcore lineage into the next decade's indie folk.
A1757	Early Day Miners	Let Us Garlands Bring	2002	V12		Deep cut		Deepens the pedal-steel, slow-build sound of the debut on the Bloomington-based Secretly Canadian label, part of the same Midwestern underground that also released Songs: Ohia.
A1758	Hem	Rabbit Songs	2002	V12		Deep cut		Applies slowcore's patience and hush to an orchestral, chamber-pop palette; it sounds like a precursor to the 2010s twangy indie-folk scene (C5).
A1759	Low	Trust	2002	V12		Recommended		Continues Low's Kranky run, pushing the band's minimalism toward a heavier, more ominous register that led into the noisier turn of 'The Great Destroyer.'
A1760	Nina Nastasia	The Blackened Air	2002	V12		Deep cut		Continues Nastasia's hushed, story-driven chamber folk on Touch and Go, the same label that carried Bedhead's successor band the New Year and the For Carnation.
A1761	The Innocence Mission	Befriended	2003	V12		Deep cut		A hushed, devotional turn by a band better known for '80s jangle pop, landing on the same Badman Recording Co. roster as Mark Kozelek's solo records during the label's slowcore-adjacent years.
A1762	Sun Kil Moon	Ghosts of the Great Highway	2003	V12		Essential		A direct continuation of Red House Painters' extended, confessional songwriting under a new band name, extending the sadcore lineage into the 2000s and setting up Kozelek's later, even more explicitly narrative Benji.
A1763	Low	The Great Destroyer	2005	V12		Recommended		A deliberate break from the Kranky-era formula that shows how far the slowcore blueprint could stretch toward conventional indie rock without losing Sparhawk and Parker's harmonic core.
A1764	Low	Drums and Guns	2007	V12		Recommended		Pulls Low back toward its Kranky-era minimalism while absorbing electronic texture, a move that anticipates the drone and noise experiments of Double Negative a decade later.
A1765	Sun Kil Moon	April	2008	V12		Deep cut		Extends Kozelek's Red House Painters-descended, extended-song sadcore into an even longer, more meditative register, on his own Caldo Verde label.
A1766	Lucinda Williams	Ramblin'	1979	V13		Deep cut		A direct extension of the Folkways folk-blues revival that also produced Ramblin' Jack Elliott and the New Lost City Ramblers; it is the root that Lucinda Williams' 1988 self-titled album and Car Wheels on a Gravel Road grew out of.
A1767	Lucinda Williams	Happy Woman Blues	1980	V13		Deep cut		Grew from the same Texas and Louisiana folk-blues circuit as Ramblin' and set up the songwriting voice that carried through to her self-titled 1988 Rough Trade album.
A1768	Peter Case	Peter Case	1986	V13	V14	Recommended		A deliberate break from Case's power-pop past in the Plimsouls, placing him in the Los Angeles roots-revival circle alongside Dave Alvin and his then-wife Victoria Williams; it resembles the coming Americana singer-songwriter movement.
A1769	Dave Alvin	Romeo's Escape	1987	V13	V14	Essential		A direct continuation of the cowpunk roots-rock Alvin helped build with the Blasters, moving that sound toward the more explicitly country-folk songwriting that defined his solo HighTone-era records.
A1770	John Hiatt	Bring the Family	1987	V13		Essential		Made with Cooder, Lowe and Keltner, tying Hiatt directly into the transatlantic roots-rock revival; the singer-songwriter Americana of the 1990s often sounds modeled on its songwriting.
A1771	Mary Chapin Carpenter	Hometown Girl	1987	V13	X1	Recommended		Grew out of the Washington, D.C. folk club circuit rather than Nashville, and represents the country-folk songwriting Carpenter drew on before her 1990s move toward mainstream country radio.
A1772	Victoria Williams	Happy Come Home	1987	V13		Essential		Came out of the LA roots-rock scene, where she was married to Peter Case at the time; the alt-country and indie-folk eccentrics of the following decade often sound indebted to her voice.
A1773	John Hiatt	Slow Turning	1988	V13		Essential		A direct sequel to 'Bring the Family,' cementing Hiatt's late-1980s reinvention as a roots-rock songwriter with his road band the Goners.
A1774	Lucinda Williams	Lucinda Williams	1988	V13	V9	Essential		Follows directly from her Folkways records and her years on the Texas songwriter circuit; the 1990s alt-country of Uncle Tupelo, the Jayhawks and Whiskeytown sounds deeply indebted to it.
A1775	Michelle Shocked	Short Sharp Shocked	1988	V13	V14	Essential		Its blend of acoustic folk songwriting with a punk sensibility sounds like a forerunner of the alt-country movement that broke a few years later.
A1776	Kevin Welch	Kevin Welch	1990	V13		Recommended		A Reprise Nashville record that sat awkwardly between mainstream country radio and the coming insurgent-country movement, and Welch's subsequent partnership with Kieran Kane helped seed the independent Dead Reckoning label that defined a strand of 1990s Americana.
A1777	Vic Chesnutt	Little	1990	V13		Essential		Came directly out of the Athens, Georgia scene through his friendship with Michael Stipe; the lo-fi and slowcore songwriters of the 1990s often sound indebted to its stripped-down confessional style.
A1778	Victoria Williams	Swing the Statue!	1990	V13		Recommended		A continuation of the quirky folk songwriting from Happy Come Home, and part of the same Rough Trade roster that had signed Lucinda Williams' self-titled album two years earlier.
A1779	Dave Alvin	Blue Blvd	1991	V13		Recommended		The first of Alvin's long run of HighTone Records albums, continuing the story-song tradition from Romeo's Escape while sharpening his voice as an independent songwriter apart from the Blasters.
A1780	Jim Lauderdale	Planet of Love	1991	V13		Essential		Sounds indebted to Bakersfield and classic honky-tonk, and its songwriting resembles what the coming alt-country movement would embrace.
A1781	Jimmie Dale Gilmore	After Awhile	1991	V13	V24	Essential		Grew directly out of the Lubbock, Texas songwriting triangle with Joe Ely and Butch Hancock (the Flatlanders), carrying that 1970s progressive-country lineage into the alt-country era.
A1782	Vic Chesnutt	West of Rome	1991	V13		Essential	Y	Deepens the confessional lo-fi style of 'Little' with Stipe again producing; its blend of black comedy and bleak subject matter resembles the deadpan storytelling later associated with Drag City songwriters.
A1783	Alejandro Escovedo	Gravity	1992	V13	V3	Essential		Grew directly out of Escovedo's punk and cowpunk roots in the True Believers and Rank and File, channeling that background into a more orchestral, literary Americana songwriting that shaped the Austin scene around him.
A1784	Bill Morrissey	Inside	1992	V13		Deep cut		Sounds part of the same plainspoken, narrative-driven folk tradition as John Prine and Greg Brown, adapted to a New England mill-town setting.
A1785	Iris DeMent	Infamous Angel	1992	V13		Essential		Rooted directly in the Pentecostal gospel and Ozark folk of her upbringing; its plainspoken devotional songwriting sounds close kin to John Prine and Nanci Griffith's 1990s folk-country.
A1786	Joe Henry	Short Man's Room	1992	V13		Recommended		Made with the same Jayhawks lineup active in the No Depression scene, tying Henry's literary singer-songwriter style directly to the alt-country movement of the early 1990s.
A1787	Lucinda Williams	Sweet Old World	1992	V13		Essential		A continuation of the songwriting voice from her 1988 self-titled album, recorded during the long gap that made her a cult figure for the coming alt-country scene before Car Wheels on a Gravel Road broke her wider.
A1788	Dave Alvin	Museum of Heart	1993	V13		Deep cut		Continues the HighTone-era roots-rock songwriting begun on Blue Blvd, setting up the stripped-down acoustic turn of King of California.
A1789	Jimmie Dale Gilmore	Spinning Around the Sun	1993	V13		Recommended		A direct continuation of After Awhile's Elektra run, keeping Gilmore's songwriting rooted in the Flatlanders circle of Joe Ely and Butch Hancock even as the arrangements grew more polished.
A1790	Joe Henry	Kindness of the World	1993	V13		Recommended		A direct sequel to Short Man's Room's alt-country sound, made with the same Jayhawks backing band before Henry's later records moved him toward jazz and hip-hop-inflected production.
A1791	Kieran Kane	Find My Way Home	1993	V13		Recommended		Marked Kane's turn away from mainstream Nashville duo pop toward the stripped-down acoustic songwriting that led him to co-found the independent Dead Reckoning label with Kevin Welch, a key node of 1990s Americana.
A1792	Nanci Griffith	Other Voices, Other Rooms	1993	V13	V24	Essential		A tribute to the folk-revival and Texas songwriters, including Woody Guthrie, Townes Van Zandt and John Prine, whose songs she covers here and who shaped her own writing.
A1793	Robert Earl Keen	A Bigger Piece of Sky	1993	V13	V24	Recommended		Continues the story-song tradition Keen shared with his college friend Lyle Lovett and draws on the Texas songwriter line of Guy Clark and Townes Van Zandt.
A1794	Vic Chesnutt	Drunk	1993	V13		Recommended		Continues the Athens lo-fi songwriting of Little and West of Rome while pushing further into noise and distortion, prefiguring the rougher end of 1990s lo-fi indie folk.
A1795	Dave Alvin	King of California	1994	V13		Essential		A deliberate stripping-down of the roots rock built on 'Blue Blvd' and 'Museum of Heart'; it runs parallel to the acoustic Americana turn Lucinda Williams and Victoria Williams were making at the same time.
A1796	Greg Brown	The Poet Game	1994	V13		Recommended		Rooted in Midwestern folk storytelling and sounding close to Prine-style plainspoken songwriting; through Red House, the label he co-founded, Brown linked the Iowa and Minnesota folk scenes to 1990s Americana.
A1797	Iris DeMent	My Life	1994	V13		Essential		A direct continuation of the plainspoken gospel-folk songwriting of Infamous Angel, and its raw handling of grief influenced the confessional turn many alt-country songwriters took later in the decade.
A1798	Jim Lauderdale	Pretty Close to the Truth	1994	V13		Recommended		Continues the classic-honky-tonk-meets-alt-country songwriting of Planet of Love, part of the same commercially overlooked but critically beloved run that made Lauderdale a key connective figure in 1990s Americana.
A1799	Robert Earl Keen	Gringo Honeymoon	1994	V13	V24	Essential		A direct continuation of the Texas storytelling Keen developed on A Bigger Piece of Sky, in the Guy Clark and Townes Van Zandt songwriter line he has long cited.
A1800	Townes Van Zandt	No Deeper Blue	1994	V13	V24	Recommended		His only proper 1990s studio album, arriving as the Americana songwriters he had directly influenced (Lucinda Williams, Steve Earle) were reaching their commercial peak, and closing out the songwriting lineage traced back through V24's Texas songwriter scene.
A1801	Victoria Williams	Loose	1994	V13		Essential		Follows 'Swing the Statue!''s whimsical folk songwriting into a fuller, more countrified sound; the Sweet Relief tribute tied her directly to the alt-rock bands who covered her songs.
A1802	Buddy Miller	Your Love and Other Lies	1995	V13		Essential		Launched Miller's HighTone solo run alongside labelmate Dave Alvin and began the recorded partnership with Julie Miller that runs through his catalog.
A1803	Emmylou Harris	Wrecking Ball	1995	V13	V19	Essential		A radical break from Harris's traditional country-rock catalog that pulled her directly into the orbit of the younger songwriters she covers here (Steve Earle, Lucinda Williams, Gillian Welch), helping crystallize the Americana audience this whole lane describes.
A1804	Steve Earle	Train a Comin'	1995	V13	V9	Essential		A deliberate return to the folk and bluegrass roots underneath his Guitar Town-era country-rock, and the record that relaunched him as a 1990s Americana songwriter rather than a Nashville rebel.
A1805	Vic Chesnutt	Is the Actor Happy?	1995	V13		Recommended		Marks a shift toward fuller, more considered arrangements after the rawer Texas Hotel run, setting up his later major-label records on Capitol and Capricorn.
A1806	Alejandro Escovedo	With These Hands	1996	V13		Recommended		Continues the chamber-rock Americana direction of Gravity and Thirteen Years, deepening Escovedo's reputation as a central figure of the Austin alt-country and roots-rock scene documented by No Depression.
A1807	Iris DeMent	The Way I Should	1996	V13		Recommended		Pushes the confessional folk-gospel voice of 'My Life' into overt protest songwriting; it sounds aligned with the socially engaged strand of Americana that runs from Woody Guthrie through Steve Earle.
A1808	Jimmie Dale Gilmore	Braver Newer World	1996	V13		Recommended		Closes out Gilmore's Elektra trilogy that began with After Awhile, taking the Flatlanders-rooted songwriting furthest from its Lubbock honky-tonk origins under T Bone Burnett's atmospheric production.
A1809	Joe Henry	Trampoline	1996	V13		Recommended		Marks Henry's pivot away from the Jayhawks-backed alt-country of Short Man's Room and Kindness of the World toward the more experimental production of Fuse and Scar.
A1810	Steve Earle	I Feel Alright	1996	V13	V9	Essential		Picks the electric thread back up from his 1980s records while carrying forward the songwriting focus of 'Train a Comin''; the mid-1990s insurgent-country scene sounds closely aligned with it.
A1811	Vic Chesnutt	About to Choke	1996	V13		Recommended		Moves Chesnutt's Athens songwriting onto a major label as the Sweet Relief II tribute raised his profile; he recorded mostly for independent labels afterward.
A1812	Buddy Miller	Poison Love	1997	V13		Recommended		Continues the HighTone-era partnership with Julie Miller begun on Your Love and Other Lies, deepening Buddy Miller's role as a connective figure across the 1990s Nashville alt-country and Americana scenes.
A1813	Greg Brown	Slant 6 Mind	1997	V13		Recommended		A continuation of the plainspoken Midwestern folk songwriting Brown established on The Poet Game, keeping him a central figure in the Red House Records scene that paralleled the Chicago-based insurgent-country movement.
A1814	Julie Miller	Blue Pony	1997	V13		Recommended		Marks Julie Miller's move from contemporary Christian music into the Nashville alt-country scene her husband Buddy Miller was part of, on the same HighTone label as his records and Dave Alvin's.
A1815	Mark Olson and Victoria Williams	Original Harmony Ridge Creekdippers	1997	V13	V7	Recommended		Grew directly out of Mark Olson's departure from the Jayhawks and his partnership with Victoria Williams; the Creekdippers' communal, desert-recorded sound resembles the later 2010s cosmic-country revival.
A1816	Steve Earle	El Corazón	1997	V13	V3	Essential		Extends the songwriting range he opened up on I Feel Alright, and its bluegrass collaboration with the Del McCoury Band directly set up the following year's full-length pairing on The Mountain.
A1817	Chris Knight	Chris Knight	1998	V13	V3	Essential		Sounds indebted to the plainspoken rural storytelling of John Prine and early Steve Earle, and its unglamorous small-town narratives resemble the Southern story-rock of the Drive-By Truckers.
A1818	Dave Alvin	Blackjack David	1998	V13		Essential		A direct continuation of 'King of California's' folk-narrative approach and a core record of 1990s West Coast Americana.
A1819	Jim Lauderdale	Whisper	1998	V13		Recommended		One of Lauderdale's major-label 1990s records, continuing his run of songwriter-first country albums before his long later tenure as a fixture of the Americana scene.
A1820	Lucinda Williams	Car Wheels on a Gravel Road	1998	V13	V9	Essential	Y	The culmination of the songwriting Williams had been building since her 1988 album and 'Sweet Old World,' and a central record in the late-1990s Americana format.
A1821	Vic Chesnutt	The Salesman and Bernadette	1998	V13		Essential		Its pairing with Nashville band Lambchop directly connects Chesnutt's Athens songwriting lineage to the alt-country and countrypolitan revival happening in Nashville at the same time.
A1822	Victoria Williams	Musings of a Creek Dipper	1998	V13		Recommended		Grew out of her marriage and musical partnership with Mark Olson of the Jayhawks, and the desert-folk sound the two developed here directly seeded their Original Harmony Ridge Creekdippers project.
A1823	Alejandro Escovedo	Bourbonitis Blues	1999	V13		Recommended		Documents the live band behind Gravity and With These Hands, and its release on Bloodshot Records ties Escovedo's Austin scene directly into the Chicago insurgent-country network of the No Depression era.
A1824	Buddy Miller	Cruel Moon	1999	V13		Recommended		Continues the HighTone-era songwriting partnership with Julie Miller from 'Your Love and Other Lies' and 'Poison Love,' deepening Buddy Miller's role as a connective figure in 1990s Americana.
A1825	Joe Henry	Fuse	1999	V13		Deep cut		Continues the electronic-tinged evolution begun on Trampoline, completing Henry's transformation from Jayhawks-backed alt-country songwriter into the genre-crossing producer he became in the 2000s.
A1826	Julie Miller	Broken Things	1999	V13		Recommended		A continuation of the songwriting partnership and HighTone Records home established on Blue Pony, cementing Julie Miller's place alongside her husband Buddy as central figures of 1990s Nashville Americana.
A1827	Kelly Willis	What I Deserve	1999	V13	V9	Essential		Made after Willis left the Nashville major-label system, it places her in the independent Austin roots scene and sounds aligned with the No Depression-era insurgent-country network.
A1828	Steve Earle & the Del McCoury Band	The Mountain	1999	V13		Essential		Grows directly out of the Del McCoury collaboration on 'El Corazón'; its traditionalism resembles Gillian Welch's contemporaneous records, bridging 1990s Americana songwriting and traditional bluegrass.
A1829	Dave Alvin	Public Domain: Songs from the Wild Land	2000	V13		Recommended		Makes explicit the folk lineage that had been implicit throughout Alvin's HighTone records since King of California, tracing his songwriting directly back to the pre-war American folk canon.
A1830	Emmylou Harris	Red Dirt Girl	2000	V13		Recommended		A direct continuation of Wrecking Ball's atmospheric production, with Harris stepping forward as the main songwriter and fully joining the Americana songwriter lineage rather than just interpreting it.
A1831	Steve Earle	Transcendental Blues	2000	V13		Recommended		Follows the storytelling and genre-hopping of 'El Corazón' and 'The Mountain' into a broader folk-rock palette, leading into the politically engaged songwriting of 'Jerusalem' two years later.
A1832	Alejandro Escovedo	A Man Under the Influence	2001	V13		Essential		The culmination of the orchestral Americana songwriting Escovedo built across 'Gravity,' 'With These Hands' and 'Bourbonitis Blues,' released on Bloodshot.
A1833	Lucinda Williams	Essence	2001	V13		Recommended		A direct sequel to Car Wheels on a Gravel Road's success on the new Lost Highway label, showing the same songwriting lineage moving toward looser, more atmospheric arrangements.
A1834	Steve Earle	Jerusalem	2002	V13		Recommended		A continuation of the protest-song strand Earle opened with 'Ellis Unit One' on 'El Corazón,' marking him as one of the most overtly political songwriters of the 1990s Americana wave.
A1835	Lucinda Williams	World Without Tears	2003	V13		Recommended		Continues directly from Essence and Car Wheels on a Gravel Road; its rawer, rock-band approach sits close to the 2000s wave of literary alt-country songwriters such as Richmond Fontaine and Neko Case.
A1836	Lucinda Williams	West	2007	V13		Recommended		A late-career extension of the songwriting she established on Sweet Old World and Essence, marking her move toward more orchestrated, ruminative arrangements in the 2000s Americana mainstream she helped create.
A1837	Vic Chesnutt	North Star Deserter	2007	V13		Recommended		A late-career collaboration that pulls Chesnutt's Athens songwriting into the Constellation Records post-rock world, showing the same deadpan Southern gothic voice from Little now scaled up to orchestral size.
A1838	Vic Chesnutt	At the Cut	2009	V13		Essential		Continues the widescreen, post-rock-inflected sound of North Star Deserter, closing out Chesnutt's arc from Athens lo-fi confessional to orchestral Southern gothic songwriting.
A1839	The Blasters	American Music	1980	V14		Essential		Establishes the Blasters' rockabilly-and-R&B take on cowpunk; the same songs were re-recorded for their Slash debut a year later, and the band's sound directly shaped the Knitters and Dave Alvin's later solo Americana career.
A1840	X	Los Angeles	1980	V14		Essential	Y	Grew out of the Masque-era Hollywood punk scene alongside the Germs and the Weirdos; Zoom's rockabilly background pulled the band toward roots sounds, and the members later made the country side project the Knitters.
A1841	The Blasters	The Blasters	1981	V14		Essential		The Blasters' major breakout; its horn-driven rockabilly-R&B hybrid influenced the entire LA roots-punk scene and fed directly into Dave Alvin's later work with X, the Knitters and his own Americana solo catalog.
A1842	The Flesh Eaters	A Minute to Pray, a Second to Die	1981	V14		Essential		A direct crossroads of the LA cowpunk scene, drawing members from X and the Blasters (Berlin later joined Los Lobos); it prefigures Chris D.'s more sustained country-punk project Divine Horsemen.
A1843	The Gun Club	Fire of Love	1981	V14		Essential		Released on Ruby, the Slash offshoot run by the Flesh Eaters' Chris D.; its blues-punk fusion sits alongside X and the Blasters in LA's roots-punk turn, and later goth-blues and swamp-rock acts sound indebted to it.
A1844	Tav Falco's Panther Burns	Behind the Magnolia Curtain	1981	V14		Recommended		Grew out of Memphis's post-Big Star underground and Falco's collaboration with Alex Chilton; its raw country-blues-punk hybrid sounds like a Southern parallel to the Gun Club's approach on the West Coast.
A1845	X	Wild Gift	1981	V14		Essential		Direct continuation of Los Angeles; its blend of country-tinged guitar and punk urgency is the clearest bridge between the Masque scene and the Blasters/Rank and File cowpunk wave that followed on the same label.
A1846	The Gun Club	Miami	1982	V14		Recommended		Follows Fire of Love in the Gun Club's blues-punk arc; its gothic Americana atmosphere anticipated later goth-country and swamp-rock acts as much as it extended the cowpunk trunk line.
A1847	Jason & the Scorchers	Reckless Country Soul	1982	V14		Deep cut		The band's earliest recorded statement, setting up the more fully-formed Fervor and Lost & Found; its collision of Nashville tradition and punk noise is a foundational document of the genre's Southern branch.
A1848	Rank and File	Sundown	1982	V14		Essential		Grew directly out of the Kinmans' punk band the Dils, with Escovedo going on to True Believers; its straight-faced country songwriting sounds like an early template for the 1990s alt-country movement.
A1849	Tav Falco's Panther Burns	Blow Your Top	1982	V14		Deep cut		Continues directly from Behind the Magnolia Curtain; its turn toward cleaner rockabilly resembles the drift of parts of the LA roots-punk scene in the same years.
A1850	X	Under the Big Black Sun	1982	V14		Essential		Extends the Los Angeles/Wild Gift sound into more deliberate roots-rock songwriting and points toward the acoustic country turn the members would take a few years later as the Knitters.
A1851	The Blasters	Non Fiction	1983	V14		Recommended		The next installment of the classic Blasters lineup's run on Slash, extending the storytelling instincts that Dave Alvin would carry into his solo Americana career.
A1852	Jason & the Scorchers	Fervor	1983	V14		Essential		Bridges Reckless Country Soul and the band's full-length Lost & Found; alongside Rank and File's Sundown, it helped bring the cowpunk sound to a national audience.
A1853	X	More Fun in the New World	1983	V14		Essential		Continues the original-lineup run that began with Los Angeles; its twangy guitar and social-realist storytelling sound closely kin to the LA roots-rock scene around the Blasters and Los Lobos.
A1854	Blood on the Saddle	Blood on the Saddle	1984	V14		Recommended		Released on New Alliance, the label founded by members of the Minutemen, tying the band to the wider LA punk underground; its blues-punk urgency sounds indebted to the Gun Club.
A1855	The Del-Lords	Frontier Days	1984	V14		Recommended		Formed by an alumnus of the Dictators, one of American punk's founding bands; its country-and-garage hybrid runs parallel to Rank and File and the Blasters, but from New York rather than LA or Austin.
A1856	Divine Horsemen	Time Stands Still	1984	V14		Recommended		Grew directly out of Chris D.'s Flesh Eaters; its duet format sounds like a forerunner of later alt-country duet pairings.
A1857	The Gun Club	The Las Vegas Story	1984	V14		Recommended		The last Gun Club album before the mid-80s lineup upheavals; its loosened blues-punk template sounds like a forerunner of the desert-rock and gothic Americana strains that grew later in the decade.
A1858	Los Lobos	How Will the Wolf Survive?	1984	V14		Recommended		Emerged from the same early-80s LA punk-club circuit as X and the Blasters, with ex-Blaster Steve Berlin joining the band; its roots-rock success looks like a door-opener for the wider scene on major labels.
A1859	Rank and File	Long Gone Dead	1984	V14		Recommended		Follows Sundown with the Kinman brothers leading after Alejandro Escovedo's departure; its straight-faced country songwriting sounds like a precursor to the alt-country scene of the following decade.
A1860	Rubber Rodeo	Scenic Views	1984	V14		Deep cut		An East Coast counterpart to the LA cowpunk scene; its new-wave/country hybrid sounds like an early forerunner of the drum-machine country later heard in alt-country's more experimental corners.
A1861	Screamin' Sirens	Fiesta!	1984	V14		Deep cut		Part of the second wave of LA cowpunk bands that followed X and the Blasters; Rosie Flores' membership ties the band directly to her later rockabilly solo career.
A1862	Tex & the Horseheads	Tex & the Horseheads	1984	V14		Recommended		Part of the second wave of LA cowpunk bands that followed X and the Blasters; its deathrock-inflected edge sounds as close to the goth and psychobilly fringe as to straight country revivalism.
A1863	Violent Femmes	Hallowed Ground	1984	V14		Essential		Released on the same Slash Records roster as X and the Blasters; its stark acoustic-gospel Americana sounds like a forerunner of the darker, Southern-gothic wing of later alt-country.
A1864	The Beat Farmers	Tales of the New West	1985	V14		Essential		Emerged from San Diego's roots-rock scene; Steve Berlin's production links it directly to the Los Lobos/Blasters axis of the wider cowpunk movement.
A1865	The Blasters	Hard Line	1985	V14		Recommended		The final classic-lineup Blasters record; Dave Alvin's departure directly connects this album to both X's See How We Are and Alvin's own influential solo Americana catalog.
A1866	Jason & the Scorchers	Lost & Found	1985	V14		Essential		A central statement of Nashville cowpunk; its full-throttle country-punk hybrid sounds like a forerunner of the alt-country and Southern rock revival bands of the following decade.
A1867	The Knitters	Poor Little Critter on the Road	1985	V14		Essential		A direct offshoot of X and the Blasters and the clearest statement of the punk-kids-playing-country idea; later No Depression-era bands like the Old 97's sound indebted to the same approach.
A1868	Lone Justice	Lone Justice	1985	V14		Essential		Emerged from the same Los Angeles club circuit as X and the Blasters; its blend of punk energy and unabashed country vocal style made it a direct forerunner of the more pop-oriented wing of alt-country.
A1869	The Mekons	Fear and Whiskey	1985	V14		Essential	Y	A hard pivot from the band's earlier art-punk records such as The Quality of Mercy Is Not Strnen; it opened a country-punk period that Langford carried on into the American insurgent-country scene, and later alt-country bands sound indebted to it.
A1870	Mojo Nixon and Skid Roper	Mojo Nixon and Skid Roper	1985	V14		Deep cut		Came out of the same San Diego scene as the Beat Farmers and shared Enigma with Tex & the Horseheads and the Screamin' Sirens; its comic roots-punk voice sounds like a forerunner of later novelty-leaning Americana acts.
A1871	Tex & the Horseheads	Life's So Cool	1985	V14		Deep cut		Continues the band's debut in the Hollywood club scene shared with Blood on the Saddle and the Screamin' Sirens; its sound is indebted to X's punk-country blend.
A1872	The Beat Farmers	Van Go	1986	V14		Recommended		A direct continuation of the sound and lineup established on Tales of the New West, part of the San Diego/LA roots-rock axis that sounds like a precursor to the alt-country scene of the following decade.
A1873	The Del-Lords	Johnny Comes Marching Home	1986	V14		Recommended		Continues the band's New York cowpunk sound from Frontier Days; guitarist Eric Ambel's later production work (Bottle Rockets, Old 97's and others) directly ties this band into the 1990s alt-country scene.
A1874	Jason & the Scorchers	Still Standing	1986	V14		Recommended		Its move toward polish previews the more mainstream rock direction of Thunder and Fire and shows how far the cowpunk sound could stretch before losing its country identity.
A1875	The Mekons	The Edge of the World	1986	V14		Recommended		The second installment of the Mekons' country turn, continuing directly from Fear and Whiskey and setting up the fuller band sound of Honky Tonkin' and So Good It Hurts.
A1876	Mojo Nixon and Skid Roper	Frenzy	1986	V14		Deep cut		Continues directly from the 1985 debut; part of the same San Diego roots-punk scene as the Beat Farmers and an Enigma labelmate of Tex & the Horseheads.
A1877	True Believers	True Believers	1986	V14		Recommended		Grew out of Alejandro Escovedo's move from Rank and File; its guitar-heavy roots rock fed directly into Escovedo's celebrated solo Americana career in the 1990s.
A1878	Divine Horsemen	Snake Handler	1987	V14		Deep cut		A late statement from the Chris D./Julie Christensen cowpunk project that began with Time Stands Still.
A1879	The Mekons	Honky Tonkin'	1987	V14		Recommended		The third record in the band's country arc; its Twin/Tone U.S. release put the British cowpunk turn in front of the same college-radio audience that later embraced American insurgent country.
A1880	Rank and File	Rank and File	1987	V14		Deep cut		The last Rank and File studio album, closing out the band that carried the Kinmans' punk-to-country turn from Los Angeles to Austin.
A1881	Rosie Flores	Rosie Flores	1987	V14		Deep cut		A direct continuation of Flores' time in the Screamin' Sirens; her later rockabilly solo records on independent labels kept her in front of the 1990s alt-country audience.
A1882	X	See How We Are	1987	V14		Recommended		Dave Alvin's presence directly links it to the Blasters, and its softer edges sound close to the Americana songwriting Alvin pursued in his solo career.
A1883	The Mekons	So Good It Hurts	1988	V14		Deep cut		The fourth album of the band's country period, bridging Honky Tonkin' and the more rock-oriented Rock 'n' Roll; continues the same Sally Timms/Susie Honeyman lineup that carried the sound through the decade.
A1884	Social Distortion	Prison Bound	1988	V14		Recommended		A late, Orange County entry in the cowpunk story; the country and rockabilly instincts on display here became a permanent part of Social Distortion's sound on their bigger-selling major-label albums that followed.
A1885	The Beat Farmers	Poor & Famous	1989	V14		Deep cut		The last of the Beat Farmers' 1980s albums, continuing the lineage from Tales of the New West and Van Go into the tail end of the cowpunk era.
A1886	Jason & the Scorchers	Thunder and Fire	1989	V14		Deep cut		Closes out the classic Jason & the Scorchers run that began with Reckless Country Soul; its more commercial sound shows the ceiling the original cowpunk bands ran into by the end of the 1980s.
A1887	The Mekons	The Mekons Rock 'n' Roll	1989	V14		Recommended		The capstone of the band's 1980s country-punk arc; its fiddle-driven sound and irony sound like a bridge into the alt-country and indie scenes of the 1990s.
A1888	The Dream Syndicate	The Days of Wine and Roses	1982	V15		Essential	Y	Grew out of Steve Wynn and Kendra Smith's shared love of the Velvet Underground and Neil Young & Crazy Horse; Green on Red, the Long Ryders and Rain Parade followed in its wake.
A1889	The Salvation Army	The Salvation Army	1982	V15	V17	Deep cut		The Three O'Clock's debut under their original name, released on the same Frontier Records roster as the Long Ryders and Thin White Rope; its jangle-pop directly carries forward into Sixteen Tambourines.
A1890	Green on Red	Gravity Talks	1983	V15		Recommended		The band's first album for Slash after a self-released debut EP, moving from raw garage punk toward the organ-driven desert rock of Gas Food Lodging; it sounds like a close sibling of the Dream Syndicate's Ruby/Slash-era records.
A1891	The Long Ryders	10-5-60	1983	V15	V14	Recommended		The band's first release, cut soon after Sid Griffin and Stephen McCarthy formed the group out of the LA club scene; it set up the fuller country-rock statement of Native Sons the following year.
A1892	Rain Parade	Emergency Third Rail Power Trip	1983	V15		Essential		Formed by David and Steven Roback with Matt Piucci out of the same Los Angeles club circuit as the Dream Syndicate and Three O'Clock; its dreamy jangle directly prefigures David Roback's later work in Opal and Mazzy Star.
A1893	The Three O'Clock	Sixteen Tambourines	1983	V15	V17	Essential		Follows the band's name change from the Salvation Army; its candy-colored jangle sits at the poppiest edge of the scene and sounds kin to the power-pop line running from Big Star to Teenage Fanclub.
A1894	True West	True West	1983	V15		Deep cut		Formed out of the same Northern California scene (UC Davis and Sacramento) that produced the Dream Syndicate and Thin White Rope, with the band's Bring Out Your Dead label run by member Russ Tolman and friends.
A1895	The Bangles	All Over the Place	1984	V15	V17	Recommended		Formed in the same early-1980s LA club scene as the Three O'Clock and Rain Parade, sharing bills and members' friendships with those bands before Columbia's promotional push moved the Bangles away from the underground scene.
A1896	The Dream Syndicate	Medicine Show	1984	V15		Essential		A direct continuation of The Days of Wine and Roses' Velvets/Crazy Horse worship, now filtered through a bigger budget; its long-form guitar excursions sound like a forerunner of 1990s alt-rock jamming.
A1897	The Leaving Trains	Well Down Blue Highway	1984	V15		Deep cut		Sits at the punk-damaged edge of the LA Paisley Underground; the band's later records on SST moved further toward noise-punk.
A1898	The Long Ryders	Native Sons	1984	V15	V14	Essential	Y	Built on the sound of the 10-5-60 EP, with Gene Clark's guest appearance directly linking the band to the 1960s Byrds/country-rock lineage; its jangle-and-twang fusion sounds like a template for the alt-country movement that followed.
A1899	True West	Drifters	1984	V15		Recommended		A direct successor to the band's self-titled 1983 EP, continuing the same Davis-scene lineage that connects True West to the Dream Syndicate and Thin White Rope.
A1900	28th Day	28th Day	1985	V15	V17	Deep cut		Released on True West's Bring Out Your Dead label, linking the Northern California college-town scene (Chico, Davis) to the broader Paisley Underground network; Barbara Manning went on to a long indie solo career.
A1901	Danny & Dusty	The Lost Weekend	1985	V15		Recommended		A direct collaboration between the frontmen of the Dream Syndicate and Green on Red with members of the Long Ryders and Green on Red, documenting the overlapping membership that tied the LA scene together.
A1902	Green on Red	Gas Food Lodging	1985	V15	V14	Essential		Builds on Gravity Talks with Chuck Prophet now on lead guitar; its storytelling and roots-punk fusion sounds like a direct forerunner of the alt-country and No Depression scene of the following decade.
A1903	Green on Red	No Free Lunch	1985	V15		Deep cut		Released the same year as Gas Food Lodging, it shows Green on Red testing a leaner, more country-leaning sound that Dan Stuart's Danny & Dusty project with Steve Wynn and later Green on Red albums pushed further.
A1904	The Long Ryders	State of Our Union	1985	V15		Recommended		The band's major-label follow-up to Native Sons, expanding the same Byrds/Burritos-via-punk formula with a slicker studio sound aimed at mainstream rock radio.
A1905	Rain Parade	Crashing Dream	1985	V15		Recommended		The band's third and final album of its original run, made after David Roback's departure to start Opal; it shows the Paisley Underground's jangle wing moving toward more conventional pop songcraft as the scene wound down.
A1906	Thin White Rope	Exploring the Axis	1985	V15		Essential		Formed in Davis, California in the same college scene that produced True West and the Dream Syndicate; its noisier take on Velvet Underground drone sounds like a forerunner of the noise-rock and desert-rock undergrounds of the following decade.
A1907	The Three O'Clock	Arrive Without Travelling	1985	V15	V17	Recommended		The band's major-label debut after Sixteen Tambourines, made as the Paisley Underground scene they helped name was starting to draw broader industry attention.
A1908	The Dream Syndicate	Out of the Grey	1986	V15		Recommended		Follows Medicine Show as the first record after original guitarist Karl Precoda's departure; it sits between the group's noisier early records and the leaner songwriting of Ghost Stories.
A1909	Giant Sand	Ballad of a Thin Line Man	1986	V15		Deep cut		Follows Giant Sand's 1985 debut Valley of Rain and connects the Tucson desert-rock scene (shared members with Naked Prey) to the same Crazy Horse and Velvet Underground touchstones driving the Dream Syndicate and Green on Red; Gelb would carry this sound forward into the more celebrated 1990s and 2000s Giant Sand records.
A1910	Russ Tolman	Totem Poles and Glory Holes	1986	V15		Deep cut		Made after Tolman stepped back from True West, carrying that band's Davis-scene, country-inflected guitar rock into a quieter solo format that anticipates the alt-country singer-songwriter wave of the following decade.
A1911	Green on Red	The Killer Inside Me	1987	V15		Recommended		The band's second Mercury Records album, continuing the storytelling songwriting of Gas Food Lodging with a glossier, more mainstream-rock production aimed at wider radio play.
A1912	The Long Ryders	Two-Fisted Tales	1987	V15		Recommended		Closes out the Long Ryders' original run, carrying the country-rock storytelling of State of Our Union into a quieter register just as the alt-country scene they sound like forerunners of was beginning to form.
A1913	Naked Prey	40 Miles From Nowhere	1987	V15		Deep cut		Formed in Tucson by Green on Red's original drummer Van Christian; it sounds like a harder-edged neighbor of Giant Sand in the Arizona desert-rock scene.
A1914	Opal	Happy Nightmare Baby	1987	V15		Essential		Grew out of Roback and Smith's earlier duo Clay Allison, itself formed after Smith left the Dream Syndicate and Roback stepped back from Rain Parade; Smith's 1987 tour departure led Roback to recruit Hope Sandoval and rename the project Mazzy Star.
A1915	Thin White Rope	Moonhead	1987	V15		Recommended		Follows Exploring the Axis as the band darkened and thickened their Velvet Underground-indebted guitar sound, which sounds like a precursor to 1990s American noise rock and desert rock.
A1916	The Dream Syndicate	Ghost Stories	1988	V15		Recommended		The band's final studio statement before splitting in 1989; its rootsier turn points toward Wynn's subsequent solo career and sounds akin to the alt-country wave that followed.
A1917	Thin White Rope	In the Spanish Cave	1988	V15		Essential		The band's third album, refining the noise-heavy sound of Exploring the Axis and Moonhead into a more focused statement.
A1918	Chris Cacavas & Junkyard Love	Chris Cacavas and Junkyard Love	1989	V15		Deep cut		Made by Green on Red's keyboardist as that band was winding down, another thread tying the scene's musicians to the later Americana world.
A1919	Green on Red	Here Come the Snakes	1989	V15		Recommended		Made as the band's original Paisley Underground circle was scattering into solo careers; its raw, guitar-forward sound resembles the band's early records after two more polished major-label albums.
A1920	Green on Red	This Time Around	1989	V15		Deep cut		A late-period Green on Red release that pushes the roots-rock side of Gas Food Lodging and The Killer Inside Me further, sounding like a preview of Dan Stuart's later solo records.
A1921	Steve Wynn	Kerosene Man	1990	V15	V9	Recommended		Made right after the Dream Syndicate's 1989 breakup, carrying Wynn's Velvet Underground-and-Neil-Young songwriting into a solo roots-rock career that sounds of a piece with the emerging No Depression/alt-country scene.
A1922	The Feelies	Crazy Rhythms	1980	V16		Essential		A New Jersey art-punk record that R.E.M. and countless college-radio jangle bands cited as a direct influence; the Feelies' clean, interlocking guitar interplay is one of the clearest bridges between the Velvet Underground and 1980s American underground rock.
A1923	Wipers	Is This Real?	1980	V16		Essential		Greg Sage's stark, self-recorded Portland debut is a direct and frequently cited influence on Kurt Cobain and the broader Pacific Northwest grunge scene that emerged a decade later.
A1924	Minutemen	The Punch Line	1981	V16		Essential		The San Pedro trio's SST debut, made as founding labelmates alongside Black Flag; its funk-and-jazz-inflected attack on hardcore orthodoxy became a direct influence on fIREHOSE, the Meat Puppets' loose SST peers, and later post-hardcore bands like Fugazi.
A1925	The Replacements	Sorry Ma, Forgot to Take Out the Trash	1981	V16		Recommended		The Replacements' Twin/Tone debut; it set the template of drunk, self-sabotaging punk-with-heart shared with Minneapolis peers like Hüsker Dü and Soul Asylum, and 1990s slacker and lo-fi indie rock sound indebted to it.
A1926	Wipers	Youth of America	1981	V16		Essential		The Wipers are a documented influence on Nirvana, who covered their songs; this record's long, feedback-based songs sound like a precursor to later Northwest guitar rock and exploratory American underground rock.
A1927	Hüsker Dü	Land Speed Record	1982	V16		Deep cut		Released through New Alliance, the label founded by members of the Minutemen, tying Hüsker Dü into the SST/San Pedro hardcore network before the band's own signing to SST.
A1928	Love Tractor	Love Tractor	1982	V16		Deep cut		Came up in the Athens, GA scene alongside R.E.M. and Pylon, sharing its stages; its ringing, interlocking guitars sound like an early template for the jangle strand of American underground/college rock.
A1929	Meat Puppets	Meat Puppets	1982	V16		Deep cut		The Phoenix trio's hardcore SST debut, made before their swerve into cowpunk psychedelia on Meat Puppets II.
A1930	R.E.M.	Chronic Town	1982	V16		Essential		Grew directly out of the Athens, Georgia party-and-art-school scene alongside Pylon and the B-52's; its chime-and-mumble template sounds like the blueprint for a decade of college rock.
A1931	The Replacements	Stink	1982	V16		Deep cut		The band's deliberately ugly, joke-filled hardcore EP, cut at the height of Minneapolis's early-80s punk scene alongside Hüsker Dü; it is the extreme end of the sound they would spend the rest of the decade softening.
A1932	The Embarrassment	Death Travels West	1983	V16		Recommended		A Kansas college-rock band whose flat Midwestern deadpan and quirky guitar pop sounds like an early, little-heard precursor of the region's later underground scenes.
A1933	Hüsker Dü	Everything Falls Apart	1983	V16		Deep cut		The trio's self-released debut LP, made before signing to SST; the leap in songwriting and ambition between this record and Zen Arcade a year later is one of the steepest in American hardcore.
A1934	Hüsker Dü	Metal Circus	1983	V16		Recommended		The band's first release for SST Records, recorded right after signing; 'Diane' is the clearest early sign of the melodic, narrative songwriting Hart and Mould would build Zen Arcade and New Day Rising around.
A1935	Minutemen	Buzz or Howl Under the Influence of Heat	1983	V16		Deep cut		A quick SST EP bridging the more abrasive What Makes a Man Start Fires? and the genre-scrambling Double Nickels on the Dime.
A1936	Minutemen	What Makes a Man Start Fires?	1983	V16		Deep cut		The trio's second SST full-length, tightening the political, funk-punk collage approach of The Punch Line into something stranger, right before it exploded outward on Double Nickels on the Dime.
A1937	R.E.M.	Murmur	1983	V16		Essential		Recorded with North Carolina jangle-pop producers Don Dixon and Mitch Easter (also of Let's Active); its blurred-vocal, chiming-guitar approach shaped the entire IRS/college-radio underground that followed.
A1938	The Replacements	Hootenanny	1983	V16		Recommended		A deliberately loose, self-sabotaging transitional record between the band's straight hardcore beginnings and the songwriting-focused Let It Be, made while Minneapolis's Twin/Tone scene was becoming a national underground talking point.
A1939	Sonic Youth	Confusion Is Sex	1983	V16		Deep cut		Sonic Youth's first full-length, deep in the downtown New York noise-art scene around Glenn Branca, whose guitar ensembles Moore and Ranaldo played in; it established the prepared-guitar noise vocabulary the band would refine for the rest of the decade.
A1940	Wipers	Over the Edge	1983	V16		Recommended		The closing album of the Wipers' influential early trilogy, cementing Greg Sage's reputation as a direct forerunner of Nirvana and the Pacific Northwest grunge sound that emerged in the following decade.
A1941	Hüsker Dü	Zen Arcade	1984	V16		Essential		Recorded for SST at the height of the label's 1984 roster; its scope and ambition look like the turning point that pushed American hardcore toward melodic, album-length songwriting.
A1942	Meat Puppets	Meat Puppets II	1984	V16		Essential		Nirvana covered three of its songs on MTV Unplugged with the Kirkwoods; its hardcore-to-cosmic-country swerve sounds like a forerunner of the psychedelic, Crazy Horse-indebted wing of alt-country and slacker rock.
A1943	Minutemen	Double Nickels on the Dime	1984	V16		Essential		Recorded partly as an answer to Hüsker Dü's double-LP ambitions; Watt and Hurley carried its approach into fIREHOSE, and many later post-hardcore and indie bands sound indebted to its genre-scrambling songwriting.
A1944	R.E.M.	Reckoning	1984	V16		Essential		The second of the band's IRS albums, moving the Athens jangle sound toward a more country-inflected, road-worn feel that R.E.M.'s IRS-era peers across the college-rock underground would echo.
A1945	The Replacements	Let It Be	1984	V16		Essential	Y	Named in cheeky defiance of the Beatles, it is the hinge where Twin/Tone-era Minneapolis punk turns into the wrecked, literate songwriting Westerberg carried through the Sire years; later alt-country and slacker-rock bands sound deeply indebted to it.
A1946	Angst	Lite Life	1985	V16		Deep cut		A San Francisco SST band whose comparatively melodic, politically minded songwriting sounds like a bridge between the hardcore underground and the coming college-rock mainstream.
A1947	Beat Happening	Beat Happening	1985	V16	V11	Essential		Calvin Johnson's band is the core of the K Records/Olympia scene; its deliberately amateurish, deadpan pop sounds like a root of 1990s twee-pop and lo-fi home taping.
A1948	Camper Van Beethoven	Telephone Free Landslide Victory	1985	V16		Essential		Released by Independent Project Records from the Southern California college-radio scene; David Lowery later carried the band's wry roots-meets-rock sensibility into Cracker.
A1949	Dinosaur Jr.	Dinosaur	1985	V16		Recommended		Recorded for Homestead by three hardcore-scene veterans from Amherst, Massachusetts; its fusion of Crazy Horse guitar tone and hardcore volume sounds like a template for much of 1990s alternative rock.
A1950	Great Plains	Naked at the Buy, Sell and Trade	1985	V16		Deep cut		Released by Homestead amid the '80s college-radio underground; Ron House's deadpan, joke-laced songwriting sounds like a forerunner of the Drag City deadpan school (Silver Jews, Pavement).
A1951	Hüsker Dü	Flip Your Wig	1985	V16		Recommended		The final SST album before Hüsker Dü moved to Warner Bros.; its cleaner, more pop-focused mix set up the sound Candy Apple Grey and Warehouse would pursue on a bigger budget.
A1952	Hüsker Dü	New Day Rising	1985	V16		Essential		Its layered guitar-noise-as-pop approach sounds like a direct ancestor of the shoegaze and countrygaze bands that would later bury melody and twang under distortion.
A1953	Meat Puppets	Up on the Sun	1985	V16		Essential		Moves even further from hardcore into clean, interwoven-guitar psychedelia that sounds like a forerunner of later jangly desert and cosmic-country indie bands.
A1954	Minutemen	3-Way Tie (For Last)	1985	V16		Recommended		The Minutemen's last album, released just before D. Boon's death ended the band; Mike Watt and George Hurley would carry the group's loose, funk-inflected SST sound forward into fIREHOSE within a year.
A1955	R.E.M.	Fables of the Reconstruction	1985	V16		Recommended		Its storytelling and Southern gothic texture sound rooted in the region's older folk and gothic-literature traditions.
A1956	The Replacements	Tim	1985	V16		Essential		The Replacements' Sire/Warner debut, produced in part by Tommy Erdelyi (Tommy Ramone); its self-aware 'Left of the Dial' became college radio's own anthem about itself.
A1957	Sonic Youth	Bad Moon Rising	1985	V16		Recommended		Released on Homestead, the Sonic Youth record most directly engaged with American gothic imagery and Reagan-era anxiety; its dread-laced atmosphere sounds like a forerunner of the darker corners of later noise rock.
A1958	Squirrel Bait	Squirrel Bait	1985	V16		Recommended		Members went on to Slint (Brian McMahan) and Bastro/Gastr del Sol (David Grubbs), making this short-lived group an unlikely root of post-rock and the Drag City underground.
A1959	Volcano Suns	The Bright Orange Years	1985	V16		Recommended		Formed from the ashes of Mission of Burma by drummer/singer Peter Prescott; the band carried Burma's angular Boston post-punk attack into the Homestead Records underground for the rest of the decade.
A1960	Camper Van Beethoven	Camper Van Beethoven	1986	V16		Recommended		Camper Van Beethoven's last self-released album before signing to Virgin Records, showing the band's genre-hopping instincts maturing toward the more focused songwriting of Our Beloved Revolutionary Sweetheart.
A1961	Camper Van Beethoven	II & III	1986	V16		Deep cut		The second Camper Van Beethoven album, issued on the band's own Pitch-a-Tent imprint before the jump to Virgin Records for Our Beloved Revolutionary Sweetheart.
A1962	Christmas	In Excelsior Dayglo	1986	V16		Deep cut		Part of the '80s Boston college-rock scene; its jokey, deadpan lyricism sounds akin to the funny-sad songwriting of the later Drag City school.
A1963	The Feelies	The Good Earth	1986	V16		Recommended		Produced by Peter Buck, closing the loop between R.E.M. and the band that had influenced them; the Coyote Records deal also connected the Feelies to the Hoboken, NJ scene around Yo La Tengo and Maxwell's club.
A1964	fIREHOSE	Ragin', Full On	1986	V16		Recommended		Formed by Mike Watt and George Hurley immediately after the Minutemen ended with D. Boon's death; fIREHOSE extended the SST/San Pedro sound into the late 1980s before Watt's later solo and Stooges/Iggy Pop work.
A1965	Hüsker Dü	Candy Apple Grey	1986	V16		Essential		Signed to Warner Bros. off the strength of SST-era acclaim; its loud/quiet dynamics and confessional songwriting anticipated both the alt-rock mainstream and the slowcore bands (Codeine, Bedhead) that followed.
A1966	R.E.M.	Lifes Rich Pageant	1986	V16		Essential		Marks the turn from the blurred, mysterious early IRS records toward the clearer, more anthemic sound that would carry the band to Document and mainstream success.
A1967	Sonic Youth	EVOL	1986	V16		Recommended		Sonic Youth's first album for SST, made as the band's prepared-guitar noise vocabulary began fusing with real pop songcraft; it is a key hinge record between the group's no-wave beginnings and its late-80s song-based noise-rock peak.
A1968	Soul Asylum	Made to Be Broken	1986	V16		Recommended		Produced by Bob Mould, tying Soul Asylum directly into the Minneapolis Twin/Tone axis alongside Hüsker Dü and the Replacements; its roots-rock leanings sound like a preview of the heartland-adjacent turn of their early-90s work.
A1969	Soul Asylum	While You Were Out	1986	V16		Recommended		The second of two Soul Asylum albums released in 1986 on Twin/Tone, deepening the band's ties to the same Minneapolis punk-to-melodic-rock continuum that produced the Replacements and Hüsker Dü.
A1970	Trip Shakespeare	Applehead Man	1986	V16		Deep cut		Came out of the same Minneapolis scene as the Replacements and Hüsker Dü but chased a harmony-driven art-pop direction; Dan Wilson and John Munson later formed Semisonic.
A1971	Volcano Suns	All-Night Lotus Party	1986	V16		Recommended		The second Volcano Suns album for Homestead, part of the same Boston post-Mission of Burma underground that produced Big Dipper and Salem 66.
A1972	The Windbreakers	Run	1986	V16		Deep cut		DB Records labelmates of Southern college-rock acts like Pylon and Love Tractor; its clean, Byrds-descended jangle sounds like a forerunner of '90s power-pop and jangle bands.
A1973	Yo La Tengo	Ride the Tiger	1986	V16		Recommended		Recorded for Coyote Records, the same Hoboken-scene label that released the Feelies' Good Earth; Yo La Tengo's early jangle sound is directly rooted in the same Maxwell's club scene.
A1974	Big Dipper	Heavens	1987	V16		Recommended		Assembled from members of the Embarrassment, Volcano Suns and Dumptruck, Big Dipper brought a melodic, hook-driven power-pop sensibility to the same Homestead/Boston scene as its noisier labelmates.
A1975	The Connells	Boylan Heights	1987	V16		Recommended		A North Carolina college-rock band alongside Let's Active and the dB's, sounding indebted to the Southern jangle-pop that R.E.M. popularized out of neighboring Georgia.
A1976	Dinosaur Jr.	You're Living All Over Me	1987	V16		Essential	Y	Fuses Crazy Horse-scale guitar heroics with hardcore volume and pop songcraft; Lou Barlow's songwriting here soon spun off into Sebadoh, and the loud-guitar wing of 1990s alternative rock, from My Bloody Valentine to Nirvana, sounds heavily indebted to it.
A1977	Dumptruck	For the Country	1987	V16		Recommended		A Boston college-rock band of the same mid-80s moment as Big Dipper; its warmer, country-inflected guitar sound seems indebted to the Byrds and Big Star.
A1978	fIREHOSE	If'n	1987	V16		Essential		Made as the trio's post-Minutemen identity solidified; it kept the SST/San Pedro DIY ethos alive into the late 1980s alongside Sonic Youth's and Dinosaur Jr.'s SST releases.
A1979	Hüsker Dü	Warehouse: Songs and Stories	1987	V16		Recommended		Hüsker Dü's final studio album, made as tensions were fracturing the band; its overstuffed scope closes out the trio's arc from Reflex-label hardcore to Warner Bros. rock band.
A1980	The Lemonheads	Hate Your Friends	1987	V16		Recommended		The Lemonheads' Taang! Records debut, made while Evan Dando and Ben Deily were still teenagers in the Boston hardcore-pop scene, years before the band's more melodic 1990s slacker-pop turn.
A1981	Meat Puppets	Huevos	1987	V16		Deep cut		A pivot toward ZZ Top-style boogie rock, released the same year as Mirage; it shows the Meat Puppets testing how far their SST audience would follow them toward straight rock before Monsters and the major-label years.
A1982	Meat Puppets	Mirage	1987	V16		Recommended		The third record in the Meat Puppets' mid-80s cosmic-country run, made as the band's SST tenure was winding toward its more rock-oriented late-80s phase.
A1983	Miracle Legion	Surprise Surprise Surprise	1987	V16		Recommended		A Connecticut jangle-pop band whose sound is clearly indebted to R.E.M., carrying the Southern-inflected jangle into New England's college-radio scene.
A1984	Pixies	Come On Pilgrim	1987	V16		Recommended		The Boston band's 4AD debut, distilled from their earlier Purple Tape demo; its violent whisper-to-scream shifts sound like the template for much of 1990s alternative rock.
A1985	R.E.M.	Document	1987	V16		Essential		The final and best-selling of R.E.M.'s I.R.S. albums; its crossover success looks like a door-opener for other college-rock bands to reach major labels.
A1986	The Replacements	Pleased to Meet Me	1987	V16		Essential		Made at Ardent Studios in Memphis, tying the band directly to the Big Star lineage it idolized; its horn charts and studio polish pushed the Replacements furthest from their Twin/Tone hardcore roots.
A1987	Salem 66	Frequency and Urgency	1987	V16		Deep cut		Homestead labelmates of early Dinosaur Jr., part of the '80s college-radio network; its gentle jangle sounds akin to later lo-fi and DIY indie.
A1988	Sonic Youth	Sister	1987	V16		Essential		Turns Sonic Youth's noise experiments into genuine songwriting and directly sets up Daydream Nation; the coming decade's alternative and noise-rock scenes sound deeply indebted to it.
A1989	Squirrel Bait	Skag Heaven	1987	V16		Recommended		Squirrel Bait's final record before splitting into Slint and Bastro, closing out one of the most consequential short careers in the Homestead Records catalog.
A1990	Volcano Suns	Bumper Crop	1987	V16		Deep cut		The last Volcano Suns album on Homestead before the band moved to SST, part of the dense late-80s traffic of bands shuttling between the two key American underground labels.
A1991	Yo La Tengo	New Wave Hot Dogs	1987	V16		Deep cut		The second of Yo La Tengo's Coyote Records albums, deepening the band's Velvet Underground-derived jangle-and-noise vocabulary that would later flower into Painful and beyond.
A1992	Beat Happening	Jamboree	1988	V16	V11	Essential		Co-produced by Fugazi's Guy Picciotto, tying the K Records/Olympia scene to the DC post-hardcore underground; 'Indian Summer' became one of the most widely covered songs to come out of American lo-fi indie pop.
A1993	Big Dipper	Craps	1988	V16		Deep cut		Big Dipper's second Homestead album, between the debut Heavens and the Epic Records album Slam.
A1994	Camper Van Beethoven	Our Beloved Revolutionary Sweetheart	1988	V16		Recommended		Camper Van Beethoven's Virgin Records debut, made as the band's genre-collage songwriting matured into the more focused style that would carry into Key Lime Pie and, later, Lowery's Cracker.
A1995	Dinosaur Jr.	Bug	1988	V16		Essential		The final SST-era Dinosaur Jr. album before the Mascis-Barlow split; 'Freak Scene' became an indie-rock touchstone, and its loud/quiet swings sound like a preview of early-90s alt-rock dynamics.
A1996	The Feelies	Only Life	1988	V16		Recommended		The Feelies' A&M debut, made as the Hoboken scene around Maxwell's continued to feed college radio; its confident jangle carries the Velvet Underground-derived guitar-interplay tradition into the late 1980s.
A1997	The Lemonheads	Creator	1988	V16		Recommended		The second Lemonheads album for Taang!, showing Evan Dando's songwriting pulling the band from pure hardcore-pop toward the more melodic direction that would define Lick and Lovey.
A1998	Pixies	Surfer Rosa	1988	V16		Essential		Recorded with Steve Albini at his most unadorned; Kurt Cobain later named it a direct influence on Nirvana's loud-quiet-loud songwriting, making it one of the most consequential records to come out of the college-rock underground.
A1999	R.E.M.	Green	1988	V16		Recommended		R.E.M.'s first record for Warner Bros., bridging the jangle-pop IRS years and the mandolin-and-strings pop of Out of Time and Automatic for the People.
A2000	Scrawl	He's Drunk	1988	V16		Deep cut		Columbus, Ohio contemporaries of Great Plains in the '80s college-rock network; their blunt, loose guitar rock sounds like a precursor to '90s slacker and lo-fi indie.
A2001	Sonic Youth	Daydream Nation	1988	V16		Essential		The last Sonic Youth album before signing to Geffen/DGC; much of the 1990s alternative and indie-rock underground sounds shaped by it.
A2002	Soul Asylum	Hang Time	1988	V16		Recommended		Soul Asylum's A&M debut, made as the Minneapolis Twin/Tone scene's second generation tried to follow the Replacements and Hüsker Dü onto major labels.
A2003	Buffalo Tom	Buffalo Tom	1989	V16		Recommended		Produced by Dinosaur Jr.'s J Mascis, a direct link that transplants the Amherst noise-guitar sound onto a Boston band.
A2004	Camper Van Beethoven	Key Lime Pie	1989	V16		Essential		Camper Van Beethoven's last album before splitting up; its more focused songwriting points directly toward David Lowery's next band, Cracker, and sounds akin to the alt-country wave of the following decade.
A2005	fIREHOSE	fROMOHIO	1989	V16		Recommended		fIREHOSE's final SST record before signing to Columbia for Flyin' the Flannel; its explicit nod to R.E.M. suggests how close the SST underground and college-rock worlds had grown by the decade's end.
A2006	The Lemonheads	Lick	1989	V16		Recommended		A transitional, partly cobbled-together record that nonetheless previewed the melodic slacker-pop sound the Lemonheads would refine on their major-label albums.
A2007	Meat Puppets	Monsters	1989	V16		Recommended		The final Meat Puppets album on SST before the band's early-90s major-label period, closing out one of the label's strangest and most musically varied catalogs.
A2008	Pixies	Doolittle	1989	V16		Essential		Alongside Sonic Youth's Daydream Nation, it sounds like one of the late-80s American underground records that set the stage for the early-90s alternative rock explosion.
A2009	The Replacements	Don't Tell a Soul	1989	V16		Recommended		The most radio-oriented Replacements record, made as the band pushed for the mainstream breakthrough that never fully arrived; it shows how far the Twin/Tone-punk band had traveled from Sorry Ma.
A2010	Yo La Tengo	President Yo La Tengo	1989	V16		Recommended		The final Yo La Tengo album on the Hoboken-associated Coyote label, closing the band's formative, Feelies-adjacent period before the covers-heavy Fakebook and the noisier 1990s records.
A2011	Buffalo Tom	Birdbrain	1990	V16		Recommended		J Mascis produced the band's debut; this follow-up still sounds indebted to Dinosaur Jr.'s thick guitar sound while pushing toward more emotionally direct, song-focused writing.
A2012	The Lemonheads	Lovey	1990	V16		Essential		The Lemonheads' major-label debut, moving decisively from Taang! hardcore-pop toward the country-inflected slacker pop of It's a Shame About Ray (1992), which falls just outside this lane's 1979-1991 window.
A2013	Pixies	Bossanova	1990	V16		Recommended		The Pixies' third full-length, made as internal tensions with Kim Deal grew; its space-rock imagery and cleaner surf-noise sound would echo in Black Francis's later Frank Black solo work.
A2014	The Replacements	All Shook Down	1990	V16		Recommended		The Replacements' final album, functioning as a bridge into Westerberg's solo work and closing out the Twin/Tone-to-major-label arc that began with Sorry Ma nine years earlier.
A2015	Sonic Youth	Goo	1990	V16		Recommended		Sonic Youth's first album for Geffen/DGC, translating the band's SST/Homestead-honed noise-guitar vocabulary for a major-label alternative audience just as the underground was about to break into the mainstream.
A2016	Dinosaur Jr.	Green Mind	1991	V16		Recommended		Dinosaur Jr.'s Sire debut, made after Lou Barlow's firing turned the band largely into a vehicle for J Mascis; its cleaner sound looks like one route by which Crazy Horse-style guitar heroics reached early-90s alternative radio.
A2017	The Feelies	Time for a Witness	1991	V16		Recommended		The final Feelies album of their original run; its Velvet Underground-derived guitar interplay sounds like a direct link to 1990s jangle and slacker indie rock.
A2018	Pixies	Trompe le Monde	1991	V16		Recommended		The last Pixies album of the band's original run, released the same year as R.E.M.'s Out of Time and Nirvana's Nevermind; it sounds like the close of the college-rock era it had helped define.
A2019	R.E.M.	Out of Time	1991	V16		Recommended		The commercial and stylistic capstone of the band's 1980s run, trading the jangle-guitar sound of the IRS years for chamber-pop textures that pointed toward Automatic for the People.
A2020	Sonic Youth	Dirty	1992	V16		Recommended		A key later Sonic Youth record, produced by Butch Vig at the height of grunge's crossover; it shows how far the SST/Homestead noise-rock vocabulary the band helped define had traveled into the alternative mainstream by 1992.
A2021	Dinosaur Jr.	Where You Been	1993	V16		Recommended		A later Dinosaur Jr. record made during the post-Nirvana alt-rock boom, showing how far the noisy guitar sound the band helped shape had traveled into the mainstream.
A2022	Sonic Youth	Washing Machine	1995	V16		Recommended		Another key later Sonic Youth record, marking a deliberate return to the extended, noise-guitar song structures of the band's SST years after the more compact hits of Goo and Dirty.
A2023	Dinosaur Jr.	Beyond	2007	V16		Recommended		The reunion record that reunited the original You're Living All Over Me lineup two decades on, proving the Amherst noise-guitar sound the band pioneered on SST still had life in it.
A2024	Badfinger	Straight Up	1971	V17		Deep cut		A direct, label-sanctioned extension of the Beatles' own pop songwriting; its clean, harmony-driven sound sits at the more polished end of the same Byrds/Beatles lineage Big Star pursued from Memphis.
A2025	Big Star	#1 Record	1972	V17		Essential	Y	Grew directly out of the Byrds and Beatles jangle line filtered through Memphis studio pop; it became the founding document for power pop and jangle pop, cited by R.E.M., the Replacements and the dB's.
A2026	Raspberries	Fresh	1972	V17		Deep cut		An early power-pop template, a commercial counterpart to Big Star's more cult-level Memphis take on the same Beatles/Byrds hook worship.
A2027	Raspberries	Raspberries	1972	V17		Recommended		A more commercially minded, Beatles/Byrds-descended contemporary of Big Star's debut; its sound seems to anticipate the power pop later carried forward by Cheap Trick, the Knack and later revivalists.
A2028	Big Star	Radio City	1974	V17		Essential		Chilton's post-Bell reinvention of the Big Star sound; the band's documented admirers include the dB's, R.E.M., Teenage Fanclub and the Replacements, who wrote a song named 'Alex Chilton'.
A2029	Dwight Twilley Band	Sincerely	1976	V17		Deep cut		An early power-pop record fusing rockabilly roots with Beatles-style hooks, sounding like a bridge from the Raspberries and Big Star to the late-1970s power-pop wave.
A2030	Flamin' Groovies	Shake Some Action	1976	V17		Essential		A San Francisco band's full conversion to Byrds/Beatles jangle worship; its sound anticipates the power-pop movement and the later jangle-pop and paisley-underground bands.
A2031	Cheap Trick	In Color	1977	V17		Recommended		A Midwestern, arena-scale entry that sounds rooted in Beatles-descended power pop, more commercially massive than most of this lane but sharing its hook-first songwriting values.
A2032	Shoes	Black Vinyl Shoes	1977	V17		Recommended		An early, self-made extension of the Big Star/Beatles pop sound whose DIY home-recording ethic sounds like a forerunner of the 1980s-90s lo-fi underground.
A2033	Big Star	Third	1978	V17		Essential		The end point of the original Big Star trilogy; its damaged, orchestral sadness anticipated slowcore and the more fragile side of 1990s indie rock as much as it did jangle pop.
A2034	Cheap Trick	Heaven Tonight	1978	V17		Essential		Cheap Trick's Beatles-descended power pop at full strength; its sound seems to anticipate the pop-punk and power-pop revivalists of the 1990s and 2000s.
A2035	20/20	20/20	1979	V17		Deep cut		Part of the late-1970s Los Angeles power-pop scene alongside the Knack and the Plimsouls' predecessor bands, extending the Beatles/Byrds hook lineage into a new-wave-adjacent studio sound.
A2036	Alex Chilton	Like Flies on Sherbert	1979	V17		Recommended		Chilton's post-Big Star turn toward chaos and noise; its scrappy, willfully ragged sound anticipates the lo-fi and indie underground of the 1980s and 1990s.
A2037	The Knack	Get the Knack	1979	V17		Recommended		The commercial apex of power pop's Beatles/Byrds hook worship; after it, the style sounds like it retreated to more underground bands like the dB's and Let's Active.
A2038	The Records	Shades in Bed	1979	V17		Recommended		A UK counterpart to the American Big Star/dB's jangle-pop line, sharing the same Byrds twelve-string vocabulary as part of the late-1970s international power-pop wave.
A2039	Shoes	Present Tense	1979	V17		Recommended		Represents the studio-polished, major-label counterpart to Shoes' own DIY debut, part of the same late-1970s power-pop wave as the Records and 20/20.
A2040	Pylon	Gyrate	1980	V17	X10	Recommended		Emerged from the same Athens, GA art-school scene as R.E.M. and the B-52's; its angular DIY energy runs closer to post-punk than to jangle pop proper, but the two scenes overlapped constantly.
A2041	The dB's	Repercussion	1981	V17		Essential		A direct continuation of Stands for Decibels' jangle-pop template, tightening the songwriting partnership that would influence the Chapel Hill and college-rock scenes of the following decade.
A2042	The dB's	Stands for Decibels	1981	V17		Essential	Y	Direct heirs of Big Star: Chris Stamey's Car label issued Chris Bell's 'I Am the Cosmos' single, and Stamey's old Winston-Salem bandmate Mitch Easter went on to Let's Active and to produce R.E.M.
A2043	The Plimsouls	The Plimsouls	1981	V17		Recommended		Grew out of Peter Case's earlier band the Nerves, carrying LA power pop's Byrds-and-British-Invasion hooks into a louder, more club-rock-driven sound.
A2044	The Bongos	Drums Along the Hudson	1982	V17		Recommended		A Hoboken, NJ counterpart to the dB's New York jangle pop, sounding like part of the same Maxwell's-era scene as later Hoboken bands such as Yo La Tengo.
A2045	Chris Stamey	It's a Wonderful Life	1982	V17		Deep cut		Chris Stamey's first solo statement after the dB's, extending the Winston-Salem-rooted jangle-pop scene he came from into more experimental territory.
A2046	Marshall Crenshaw	Marshall Crenshaw	1982	V17		Essential		Sounds like an extension of the Buddy Holly/Byrds/Beatles hook tradition into the early-1980s American power-pop scene, alongside Big Star's and the dB's strand of the same family.
A2047	The Plimsouls	Everywhere at Once	1983	V17		Recommended		The commercial peak of the LA power-pop scene running through the Nerves and the Plimsouls, extending the Byrds' jangle sound into 1980s new-wave-adjacent rock radio.
A2048	Pylon	Chomp	1983	V17	X10	Recommended		A key document of the Athens scene alongside R.E.M., whose cover of 'Crazy' is a direct link between Pylon and the jangle-pop bands that shared its hometown.
A2049	The dB's	Like This	1984	V17		Recommended		Shows the dB's drifting from jangle pop toward countryish, plainspoken songwriting that Holsapple later carried further into roots-rock territory with the Continental Drifters.
A2050	Guadalcanal Diary	Walking in the Shadow of the Big Man	1984	V17		Essential		Part of the early-1980s Southern jangle-pop wave alongside R.E.M. and Pylon; its ringing guitars sound indebted to the same regional sound while pushing toward bigger, more anthemic songwriting.
A2051	Let's Active	Cypress	1984	V17		Essential		Extends the Drive-In Studio sound Easter built with R.E.M. and other Southern bands into a full pop album of his own, keeping the Winston-Salem/Chapel Hill scene's jangle at its center.
A2052	Alex Chilton	Feudalist Tarts	1985	V17		Deep cut		Part of Chilton's mid-1980s small-label comeback, when the college-rock underground treated him as a forefather (the Replacements wrote a song named after him).
A2053	Game Theory	Real Nighttime	1985	V17		Essential		Connects the Winston-Salem/Chapel Hill jangle sound to California's paisley underground through producer Mitch Easter, feeding directly into Scott Miller's later band the Loud Family.
A2054	Game Theory	The Big Shot Chronicles	1986	V17		Essential		Continues the Easter-produced link between Game Theory and the Winston-Salem jangle sound, while Miller's literate songwriting pushed power pop toward the more cerebral style the Loud Family would carry on.
A2055	Guadalcanal Diary	Jamboree	1986	V17		Recommended		Sounds like an extension of the Southern jangle-pop of R.E.M. and Let's Active, using the same ringing-guitar vocabulary for bigger, more anthemic storytelling songs.
A2056	Let's Active	Big Plans for Everybody	1986	V17		Recommended		The peak of Mitch Easter's own band within the Drive-In Studio orbit, running parallel to the R.E.M. and dB's records he helped shape from the production chair.
A2057	The Smithereens	Especially for You	1986	V17		Recommended		An East Coast power-pop peer of the dB's and Tommy Keene, extending the Beatles/Byrds hook lineage into darker, more adult lyrical territory.
A2058	Tommy Keene	Songs from the Film	1986	V17		Recommended		Sounds like a direct continuation of the Big Star/power-pop line into the mid-1980s DC underground.
A2059	The dB's	The Sound of Music	1987	V17		Recommended		The dB's' closing statement on I.R.S. Records, the same imprint anchoring R.E.M. and Let's Active, tying the Winston-Salem/Chapel Hill jangle-pop scene together on one label roster.
A2060	Game Theory	Lolita Nation	1987	V17		Essential		The most experimental extension of the jangle-pop line running from Big Star through Mitch Easter's productions, with Easter's production as the direct link.
A2061	Game Theory	Two Steps from the Middle Ages	1988	V17		Recommended		Closes out Game Theory's run in the Big Star-to-jangle-pop lineage before Scott Miller carried the same sensibility into the Loud Family.
A2062	The Smithereens	Green Thoughts	1988	V17		Deep cut		Sounds like an East Coast extension of Big Star/Byrds-style jangle pop into bigger, more anthemic 1980s guitar-rock arrangements.
A2063	Jellyfish	Bellybutton	1990	V17		Essential		A maximalist, studio-obsessed record that sounds rooted in Beatles/Big Star hook-craft, part of the same early-1990s power-pop revival as Matthew Sweet's Girlfriend and the Posies' Dear 23.
A2064	The Pooh Sticks	Formula One Generation	1990	V17		Deep cut		Part of the UK's late-1980s C86/indie-pop scene, a more ironic, fanzine-culture-inflected descendant of the same Byrds/Beatles jangle lineage running through this lane.
A2065	The Posies	Dear 23	1990	V17		Essential		A direct 1990s continuation of the Big Star lineage, later made literal when Auer and Stringfellow joined the reunited Big Star themselves for In Space.
A2066	Teenage Fanclub	A Catholic Education	1990	V17		Recommended		The starting point of Teenage Fanclub's arc from Big Star and Byrds worship through American indie-rock fuzz, launching the Glasgow strand of the jangle-pop lineage.
A2067	Material Issue	International Pop Overthrow	1991	V17		Recommended		A Chicago entry in the early-1990s power-pop revival alongside Matthew Sweet and Velvet Crush, sounding like the Beatles/Byrds hook tradition pushed into a harder-edged alt-rock context.
A2068	Matthew Sweet	Girlfriend	1991	V17		Essential		A Nebraska-born songwriter who came up through the Athens and New York scenes; the record sounds like a full synthesis of the Big Star/Byrds line, alongside Teenage Fanclub and the Posies in the early-1990s power-pop revival.
A2069	Teenage Fanclub	Bandwagonesque	1991	V17		Essential		The clearest modern realization of the Big Star lineage this lane traces, directly citing Big Star and the Byrds while also absorbing Dinosaur Jr.-style fuzz from the American underground.
A2070	Velvet Crush	In the Presence of Greatness	1991	V17		Recommended		A direct, almost scholarly-sounding continuation of the Byrds-to-Big Star jangle line, part of the same early-1990s power-pop revival as the Posies and Teenage Fanclub.
A2071	Chris Bell	I Am the Cosmos	1992	V17		Essential		Bell's own extension of the Big Star sound after leaving the band; its quiet devastation sounds like a forerunner of later power pop that treats the genre as a vehicle for heartbreak rather than pure hooks.
A2072	Jellyfish	Spilt Milk	1993	V17		Recommended		The studio-maximalist endpoint of the Beatles/Big Star power-pop line; its density sounds like a model for many 2000s power-pop revivalists.
A2073	The Loud Family	Plants and Birds and Rocks and Things	1993	V17		Recommended		Scott Miller's direct continuation of the Game Theory sound and the wider Big Star-to-jangle-pop lineage, carrying it into the 1990s indie underground.
A2074	The Posies	Frosting on the Beater	1993	V17		Recommended		Sounds like the Big Star/Byrds jangle line absorbing early-1990s alt-rock fuzz, a move parallel to what Teenage Fanclub was doing in Glasgow at the same time.
A2075	Teenage Fanclub	Thirteen	1993	V17		Deep cut		A transitional record between Bandwagonesque's fuzzy jangle and the more polished, Grand Prix-era version of the Big Star/Byrds sound Teenage Fanclub would perfect next.
A2076	The Grays	Ro Sham Bo	1994	V17		Deep cut		An early-1990s power-pop supergroup extending the Beatles/Big Star lineage through musicians (Falkner, Brion) who would go on to shape the sound of later indie and film-score pop.
A2077	Sloan	Twice Removed	1994	V17		Recommended		A mid-1990s Canadian entry that sounds squarely in the Byrds/Beatles jangle-pop line, made as the same hook-first songwriting was resurfacing via Teenage Fanclub and Velvet Crush.
A2078	Velvet Crush	Teenage Symphonies to God	1994	V17		Essential		The fullest 1990s realization of the Byrds/Big Star lineage this lane traces, tying together Matthew Sweet, Teenage Fanclub and the wider power-pop revival scene of the era.
A2079	Matthew Sweet	100% Fun	1995	V17		Recommended		A continuation of Sweet's Big Star/Byrds synthesis into the mid-1990s, part of the broader power-pop revival that also produced Velvet Crush's Teenage Symphonies to God the year before.
A2080	Teenage Fanclub	Grand Prix	1995	V17		Essential		The full flowering of the Big Star/Byrds lineage in a 1990s context, with three songwriters splitting duties much as Chilton and Bell once did in Big Star.
A2081	Teenage Fanclub	Songs from Northern Britain	1997	V17		Recommended		A late-1990s continuation of the Big Star/Byrds jangle lineage, showing how far Teenage Fanclub had carried the sound from their fuzzy 1990 debut.
A2082	Teenage Fanclub	Howdy!	2000	V17		Deep cut		A late continuation of the Big Star/Byrds lineage this whole lane traces, showing the jangle-pop sound persisting well past its 1970s-1990s core period.
A2083	Big Star	In Space	2005	V17		Deep cut		A late-period link between the original Big Star and the jangle-pop bands it inspired, since two of its members (Auer and Stringfellow of the Posies) were themselves shaped by the earlier records.
A2084	The Clean	Boodle Boodle Boodle	1981	V18	V17	Essential	Y	Sounds grown out of the Velvet Underground's drone and the DIY ethic of UK post-punk singles; Robert Scott also led the Bats, and the Clean's sound seems like an ancestor of 1990s American lo-fi jangle bands such as Pavement.
A2085	The Go-Betweens	Send Me a Lullaby	1981	V18		Recommended		Made in Brisbane under the influence of British post-punk singles and the Velvet Underground's deadpan minimalism; it is the raw starting point from which Forster and McLennan built one of Australia's most acclaimed songwriting partnerships.
A2086	The Clean	Great Sounds Great, Good Sounds Good, So-so Sounds So-so, Bad Sounds Bad, Rotten Sounds Rotten	1982	V18		Recommended		A direct continuation of the Boodle Boodle Boodle sound with more keyboard, showing Flying Nun's DIY recording method producing catchier pop.
A2087	Various Artists	Dunedin Double	1982	V18		Essential		The founding document of the Dunedin sound as a named phenomenon, gathering the scene's earliest key bands on one release and setting the template that Flying Nun would build its whole 1980s catalog around.
A2088	The Go-Betweens	Before Hollywood	1983	V18	V17	Essential		The record where the Go-Betweens moved from post-punk austerity toward literate, melodic jangle pop; it sounds like a forerunner of many later jangle and indie-folk songwriters.
A2089	The Triffids	Treeless Plain	1983	V18		Recommended		Made by a Perth band steeped in British post-punk and American literature in equal measure, this is the raw starting point for the widescreen desert-rock sound the Triffids would refine on Born Sandy Devotional.
A2090	The Go-Betweens	Spring Hill Fair	1984	V18		Recommended		Keeps the McLennan/Forster songwriting balance central even as the production reaches for a bigger sound, setting up the more assured Liberty Belle and Tallulah that followed.
A2091	Sneaky Feelings	Send You	1984	V18		Recommended		Grew out of the same Dunedin scene and Flying Nun infrastructure as the Chills and the Clean, representing the label's more overtly pop-facing wing, which sounds indebted to the Byrds.
A2092	Ed Kuepper	Electrical Storm	1985	V18		Deep cut		Kuepper carried the rhythm-driven guitar attack he developed in the Saints into a long, prolific solo career, connecting the first wave of Brisbane/Australian punk directly to the country's later independent guitar-rock scene.
A2093	The Verlaines	Hallelujah All the Way Home	1985	V18		Essential		Brought formal composition into the Flying Nun scene's DIY ethic, pushing the Dunedin sound toward an art-rock complexity that later, knottier New Zealand guitar bands seem to echo.
A2094	The Chills	Kaleidoscope World	1986	V18	V17	Essential		Collects the singles that first spread the Dunedin sound abroad; its melancholy jangle sounds like a model for later American jangle-pop and lo-fi bands.
A2095	Died Pretty	Free Dirt	1986	V18		Recommended		Emerged from the mid-1980s Sydney independent underground around Citadel Records, sharing a psychedelic-leaning, organ-and-guitar language that sounds kin to the Triffids and the Church.
A2096	The Go-Betweens	Liberty Belle and the Black Diamond Express	1986	V18		Essential		Amanda Brown's arrival broadened the Go-Betweens' palette from stark jangle-pop toward something closer to folk-inflected chamber pop, directly preparing the ground for Tallulah and 16 Lovers Lane.
A2097	Sneaky Feelings	Sentimental Education	1986	V18		Deep cut		A continuation of Sneaky Feelings' 1960s-pop-indebted songwriting within the Dunedin scene, sounding like the clearest example of Flying Nun's tuneful, harmony-pop wing alongside the Chills' more anthemic take on the same instincts.
A2098	The Triffids	Born Sandy Devotional	1986	V18		Essential		McComb built on the post-punk restlessness of Treeless Plain and Australian outback storytelling; the result sounds like an ancestor of later Australian and American desert-noir Americana.
A2099	The Triffids	In the Pines	1986	V18		Deep cut		A deliberately lo-fi counterpoint to the same year's Born Sandy Devotional, showing the same songwriter working in a stripped-down, rural Australian folk mode rather than cinematic rock arrangement.
A2100	The Able Tasmans	A Cuppa Tea and a Lie Down	1987	V18		Deep cut		Emerged from Auckland's Flying Nun-adjacent scene as a keyboard-led counterpoint to the label's guitar-heavy Dunedin sound; its whimsical, unpolished arrangements seem to anticipate later New Zealand indie pop.
A2101	The Bats	Daddy's Highway	1987	V18	V17	Essential		Robert Scott carried the Clean's rhythmic sensibility into a gentler, more harmony-driven project; its soft jangle sounds like a template for later melodic bands on Flying Nun and in the American slacker and twee scenes.
A2102	The Cannanes	The African Man's Tomato	1987	V18		Deep cut		Sounds akin to the Flying Nun bands' Antipodean DIY indie; its homemade, cheaply recorded aesthetic resembles the college-radio-to-Bandcamp DIY lineage.
A2103	The Chills	Brave Words	1987	V18		Recommended		The Chills' debut album proper, made as the band's early singles were already being cited overseas; it set up the more polished major-label albums that followed on Slash.
A2104	The Go-Betweens	Tallulah	1987	V18		Recommended		The penultimate album of the Go-Betweens' original run, continuing the string-driven pop direction established on Liberty Belle and pointing directly toward the more fully realized 16 Lovers Lane.
A2105	The Triffids	Calenture	1987	V18		Recommended		The Triffids' major-label bid, made as Island tried to translate Born Sandy Devotional's critical acclaim into commercial success, sitting between the band's outback-scale Americana and straightforward 1980s pop production.
A2106	The Verlaines	Bird-Dog	1987	V18		Essential		Core Dunedin sound / Flying Nun band alongside the Chills and the Clean; its homemade jangle and drone fed the American college-rock and lo-fi scenes that picked up Flying Nun records via Homestead's US distribution.
A2107	Bailter Space	Tanker	1988	V18	X9	Deep cut		Grew directly out of Christchurch post-punk band the Gordons through shared members; its noise-wall guitar sound resembles both Flying Nun's noisier '90s bands and the international shoegaze/noise-rock scene.
A2108	The Go-Betweens	16 Lovers Lane	1988	V18		Essential	Y	The culmination of the Go-Betweens' original 1977-1989 run, and a record often cited by later jangle-pop and indie-folk songwriters.
A2109	Straitjacket Fits	Hail	1988	V18	V10	Essential		Takes the scene's founding jangle-pop songwriting through much louder, more distorted guitar textures, sounding close to the American noise-pop and shoegaze-adjacent underground of the late 1980s.
A2110	Chris Knox	Seizure	1989	V18		Essential		A direct extension of the home-recording method Knox developed in Toy Love and Tall Dwarfs, carried into his most personal songwriting.
A2111	The Dead C	Eusa Kills	1989	V18	X10	Deep cut		Took the same lo-fi, home-recorded methods behind the Clean's jangle pop and pushed them toward drone and noise; the band's later releases on the American label Siltbreeze tie it to the US noise-rock underground.
A2112	The Able Tasmans	Hey Spinner!	1990	V18		Deep cut		A continuation of the piano-driven, off-kilter songwriting the Able Tasmans staked out on their debut, representing Flying Nun's whimsical, chamber-pop-adjacent fringe alongside the label's more dominant guitar bands.
A2113	The Bats	The Law of Things	1990	V18		Recommended		A direct continuation of the sound Robert Scott established on Daddy's Highway, reinforcing the Bats' place as Flying Nun's steadiest, most purely melodic band across the late 1980s and 1990s.
A2114	The Chills	Submarine Bells	1990	V18		Essential		The commercial peak of the Chills' run, made after years of Flying Nun singles had built an overseas cult; it is the closest the Dunedin sound came to genuine international chart success.
A2115	The Clean	Vehicle	1990	V18	V10	Essential		A decade after Boodle Boodle Boodle, the Clean apply their original template to a full album; its easy jangle sounds of a piece with the American slacker-rock bands on labels like Matador and Merge.
A2116	Robert Forster	Danger in the Past	1990	V18		Recommended		Made shortly after the Go-Betweens' 1989 breakup, this album carries Forster's dry, literary songwriting voice into a starker, more European art-rock setting before the eventual reunion with McLennan a decade later.
A2117	Snapper	Shotgun Blossom	1990	V18	X10	Deep cut		Made by a founding figure of the earliest Dunedin scene (Peter Gutteridge was an original 1978 member of the Clean and briefly of the Chills), Shotgun Blossom shows that scene's drone lineage pushed toward heavier, more repetitive noise-rock.
A2118	Straitjacket Fits	Melt	1990	V18	V10	Recommended		Refined the loud, jangle-noise hybrid of Hail into tighter songwriting, and Andrew Brough's parallel work here fed directly into his later band Bike, another Flying Nun jangle act.
A2119	Tall Dwarfs	Weeville	1990	V18		Essential		Grew out of Knox and Bathgate's earlier band Toy Love and a string of Tall Dwarfs EPs through the 1980s; its cheap, tape-loop home recording sounds like a precursor of the American lo-fi movement around Guided by Voices and Sebadoh.
A2120	The Verlaines	Some Disenchanted Evening	1990	V18		Recommended		A later-period Verlaines album made as the Dunedin scene's original bands were scattering onto different labels and countries, carrying the same restless, literary songwriting Downes had established a half-decade earlier.
A2121	The Bats	Fear of God	1991	V18		Recommended		Its US release on Mammoth carried the Bats' gentle jangle template, first set on Daddy's Highway, to American college-radio listeners.
A2122	David Kilgour	Here Come the Cars	1991	V18		Recommended		Extended the guitar language David Kilgour developed with the Clean into a solo context, giving him room for the more meditative, extended arrangements that the band format didn't always allow.
A2123	Grant McLennan	Watershed	1991	V18		Recommended		Released shortly after the Go-Betweens' split, Watershed shows McLennan's half of that band's songwriting partnership standing on its own, carrying the same warm melodicism into a solo career that ran until the band's 2000 reunion.
A2124	Look Blue Go Purple	Compilation	1991	V18		Recommended		Formed within the same University of Otago student circles and Flying Nun infrastructure as the Chills and the Verlaines, Look Blue Go Purple represent the scene's often-overlooked women-led wing.
A2125	Tall Dwarfs	Fork Songs	1991	V18		Recommended		A continuation of Tall Dwarfs' cassette-culture aesthetic whose home-recording methods sound close to the American lo-fi scene around K Records and early Sebadoh.
A2126	The 3Ds	Hellzapoppin'	1992	V18		Recommended		A later, noisier wave of the Dunedin scene that sounds like the Clean and the Verlaines' DIY guitar-band template turned up into a louder, more American-college-rock-inflected sound.
A2127	The Chills	Soft Bomb	1992	V18		Deep cut		The close of the Chills' major-label era, pushing the band's jangle-pop songwriting toward chamber-pop orchestration in a way that sounds like a forerunner of widescreen indie-folk.
A2128	The 3Ds	The Venus Trail	1993	V18		Deep cut		Continued the noisier, second-generation Dunedin sound established on Hellzapoppin', pushing the scene's original jangle template toward the volume and feedback of American noise-rock and early shoegaze.
A2129	The Bats	Silverbeet	1993	V18		Recommended		The Bats' fourth album, made as Flying Nun's original Dunedin-scene bands were well into their second decade, still working the same gentle jangle-pop seam Robert Scott had staked out with Daddy's Highway.
A2130	Jean-Paul Sartre Experience	Bleeding Star	1993	V18	V10	Deep cut		Signed by Matador Records at the same moment the American label was licensing the Clean and the 3Ds, Bleeding Star shows a later-generation Auckland band's hooky, effects-laden guitar pop reaching directly toward the American slacker/noise-pop audience.
A2131	David Kilgour	Sugar Mouth	1994	V18		Deep cut		Extends the Dunedin sound / Flying Nun lineage he helped define with the Clean; its quiet, homemade jangle sounds akin to the '90s and 2000s lo-fi indie pop that followed internationally.
A2132	The Go-Betweens	The Friends of Rachel Worth	2000	V18		Recommended		Made after an eleven-year split with Sleater-Kinney members in the backing band, directly connecting the original Brisbane songwriting partnership to a younger American indie-rock generation.
A2133	The Clean	Getaway	2001	V18	V10	Recommended		Made for Merge after two decades in which American indie bands sounded indebted to the Clean, the album feels like that influence feeding back into the band itself.
A2134	The Clean	Anthology	2002	V18		Essential		Assembled decades after the fact by Merge, a label itself shaped by Flying Nun's example, Anthology is the bridge that made the Clean's early-1980s Dunedin recordings legible to the American indie audience that had absorbed their influence secondhand through Pavement and Guided by Voices.
A2135	The Go-Betweens	Oceans Apart	2005	V18		Recommended		The final chapter of the Forster-McLennan partnership, closing the loop on a catalog that runs from the spiky Send Me a Lullaby through three decades of increasingly assured, string-laced pop songwriting.
A2136	The Clean	Mister Pop	2009	V18		Deep cut		The most recent full Clean album, it closes the loop on a catalog that runs from 1981's Boodle Boodle Boodle through nearly three decades of Flying Nun and Merge releases, still recognizably the same three musicians.
A2137	Rodney Crowell	Ain't Living Long Like This	1978	V19	V14	Recommended		Grew directly out of Crowell's time in Emmylou Harris's Hot Band; its loose, Nashville-outsider sound seems to anticipate both the cowpunk/LA roots scene (V14) and Crowell's own late-'80s hits.
A2138	T Bone Burnett	Truth Decay	1980	V19	V14	Recommended		Grew out of Burnett's time with the Alpha Band and Bob Dylan's Rolling Thunder Revue; its wry, unglamorous roots rock sounds like a meeting point of Texas songwriting and the LA cowpunk scene (V14).
A2139	Guy Clark	The South Coast of Texas	1981	V19		Recommended		Produced by Rodney Crowell, whose own later hit version of 'She's Crazy for Leavin'' makes this a direct, documented link between two of this lane's core songwriters.
A2140	Joe Ely	Musta Notta Gotta Lotta	1981	V19		Recommended		A direct continuation of Ely's Lubbock-scene records now filtered through his real-world punk connections (the Clash tour), making explicit the cowpunk crossover this lane traces alongside T Bone Burnett and the Blasters (V14).
A2141	Rosanne Cash	Seven Year Ache	1981	V19		Essential		Produced by Rodney Crowell out of the same Nashville songwriter circle as Guy Clark and Emmylou Harris (V24, V21), and its rock-informed but plainspoken sound sits at the commercial edge of this lane's country-rebel idea.
A2142	Guy Clark	Better Days	1983	V19		Recommended		The second of two Rodney Crowell-produced 1980s records that kept Clark's exacting Texas songwriting alive inside the Nashville studio system, directly feeding the Americana songwriter circle (V13) that formed around Sugar Hill Records in the following decade.
A2143	T Bone Burnett	Proof Through the Night	1983	V19	V14	Recommended		Extends Truth Decay's wry, politically skeptical roots rock with a heavier band sound, sounding of a piece with the early-'80s LA scene that bridged cowpunk (V14) and Texas/Nashville songwriting.
A2144	Joe Ely	Hi-Res	1984	V19		Deep cut		Part of the Flatlanders/Lubbock songwriter circle with Butch Hancock and Jimmie Dale Gilmore; Ely's restless border-rock songwriting fed the alt-country and Americana movements of the '90s.
A2145	Emmylou Harris	The Ballad of Sally Rose	1985	V19		Recommended		Directly processes Harris's history with Gram Parsons and the Flying Burrito Brothers (V21), turning the cosmic American music lineage this atlas traces back into explicit narrative on record.
A2146	Nanci Griffith	Once in a Very Blue Moon	1985	V19		Recommended		Bridges Griffith's Austin folk beginnings with Nashville acoustic-country playing; its plainspoken Texas storytelling sounds kin to Lyle Lovett's early records.
A2147	Dwight Yoakam	Guitars, Cadillacs, Etc., Etc.	1986	V19		Essential	Y	A direct continuation of Buck Owens and Merle Haggard's Bakersfield sound (V26), filtered through the LA cowpunk and Paisley Underground clubs (V14, V15) Yoakam was playing before he got a deal.
A2148	Lyle Lovett	Lyle Lovett	1986	V19		Essential		Grew out of the same Texas songwriter tradition as Guy Clark and Townes Van Zandt (V24), and its wry, literate songwriting is a direct ancestor of the deadpan school (V2) that runs through Drag City decades later.
A2149	Nanci Griffith	The Last of the True Believers	1986	V19		Recommended		Continues the acoustic-country-folk direction of Once in a Very Blue Moon, and Kathy Mattea's hit cover of 'Love at the Five and Dime' carried Griffith's plainspoken storytelling beyond the folk circuit.
A2150	The O'Kanes	The O'Kanes	1986	V19		Recommended		A direct, self-conscious return to Louvin Brothers/Everly Brothers close-harmony duo singing (R1), proving in 1986 that a record with almost no studio polish could still be a mainstream country hit.
A2151	Steve Earle	Guitar Town	1986	V19		Essential	Y	Grew out of Earle's years in Nashville's Guy Clark and Townes Van Zandt circle; its rough, rock-leaning country sounds like a direct precursor of Uncle Tupelo and the No Depression scene (V9).
A2152	Sweethearts of the Rodeo	Sweethearts of the Rodeo	1986	V19		Recommended		Named directly after the Byrds' Sweetheart of the Rodeo (V21), carrying that record's country-rock harmony style into the mid-1980s neotraditional boom.
A2153	The Desert Rose Band	The Desert Rose Band	1987	V19	V21	Essential		Chris Hillman carries the Byrds/Flying Burrito Brothers country-rock lineage (V21) straight into the 1980s neotraditional movement, making the band a living bridge between the two eras this atlas maps.
A2154	Dolly Parton, Linda Ronstadt and Emmylou Harris	Trio	1987	V19	V26	Essential		Brings Dolly Parton's Appalachian hard-country roots directly into Emmylou Harris's cosmic-country circle (V21), a documented crossing of two of this atlas's core lineages on one record.
A2155	Dwight Yoakam	Hillbilly Deluxe	1987	V19		Recommended		Extends Guitars, Cadillacs' Bakersfield revival, and its blend of classic covers with new songwriting is echoed directly by the neo-traditional and new-outlaw country of this lane's child lane V7.
A2156	Foster & Lloyd	Foster & Lloyd	1987	V19		Recommended		Brings Beatles/Everly Brothers-style jangle-pop harmony singing into mainstream country radio, a crossover move that runs parallel to what Lyle Lovett and k.d. lang were doing from other angles the same year.
A2157	Highway 101	Highway 101	1987	V19		Recommended		A West Coast counterpart to the Desert Rose Band and Dwight Yoakam's Bakersfield revival, sounding like part of the same mid-'80s neotraditional wave pushing back against Nashville's countrypolitan gloss.
A2158	Joe Ely	Lord of the Highway	1987	V19		Recommended		Marks Ely's move from a major label to the independent, roots-focused HighTone Records, part of the same underground/DIY shift that runs through this lane's cowpunk and No Depression lineages (V14, V9).
A2159	k.d. lang and the Reclines	Angel with a Lariat	1987	V19		Recommended		Emerges from lang's Alberta cowpunk beginnings and Patsy Cline fandom, a version of the country-rebel stance this lane is built around that runs parallel to Dwight Yoakam's Bakersfield revival happening the same year.
A2160	Lyle Lovett	Pontiac	1987	V19		Essential		Deepens the plainspoken, story-first songwriting Lovett inherited from the Texas songwriter tradition (V24), and its deadpan delivery of dark material anticipates the barroom storytellers (C2) of the modern Core scene.
A2161	Rosanne Cash	King's Record Shop	1987	V19		Essential		The peak of Cash's Nashville-but-not-gloss run, directly continuing the sound of Seven Year Ache before her turn toward sparse, introspective songwriting on Interiors.
A2162	Steve Earle	Exit 0	1987	V19		Recommended		A direct continuation of Guitar Town's hard-country-meets-rock template, extending Earle's influence on the alt-country and No Depression scene (V9) that followed within a few years.
A2163	Dwight Yoakam	Buenas Noches from a Lonely Room	1988	V19		Essential		The Buck Owens duet makes explicit the Bakersfield-to-neotraditionalist lineage (V26 to V19) that Yoakam's whole catalog had been implying since his debut.
A2164	Joe Ely	Dig All Night	1988	V19		Deep cut		Continues the Flatlanders/Lubbock lineage of West Texas roots-rock; Hightone's roster (also home to Dave Alvin) placed Ely alongside the artists who directly built the No Depression / alt-country audience of the following decade.
A2165	k.d. lang	Shadowland	1988	V19		Essential		A direct, hands-on link to the Nashville Sound and Patsy Cline (via producer Owen Bradley and the Honky Tonk Angels guests), grounding lang's cowpunk energy in the classic country the whole V atlas traces back to.
A2166	Rodney Crowell	Diamonds & Dirt	1988	V19		Essential		The commercial vindication of the sound Crowell had been developing since Ain't Living Long Like This, co-written in part with Guy Clark (V24) and directly parallel to Rosanne Cash's own late-'80s Columbia records.
A2167	Steve Earle	Copperhead Road	1988	V19		Essential		Pushes Guitar Town's hard-country base toward outright rock and Celtic-punk energy via the Pogues guest spot, a hybrid that sounds like a forerunner of the Southern storytelling rock of Drive-By Truckers (V3).
A2168	k.d. lang and the Reclines	Absolute Torch and Twang	1989	V19		Essential		The fullest synthesis of lang's cowpunk roots and classic-country torch persona, closing out her run as an explicitly country artist before her 1990s pop crossover.
A2169	Lyle Lovett	Lyle Lovett and His Large Band	1989	V19		Recommended		Pulls Lovett's Texas songwriting toward Western swing and big-band jazz, a genre-crossing move that keeps this lane's 'fought Nashville's gloss' idea alive by refusing Nashville's format entirely.
A2170	Marty Stuart	Hillbilly Rock	1989	V19		Recommended		Carries Stuart's bluegrass and Johnny Cash sideman background (via Flatt and Cash, both R1-adjacent) into a rockabilly-flavored neotraditional record that helped define the genre's late-'80s 'hillbilly rock' strand.
A2171	Dwight Yoakam	If There Was a Way	1990	V19		Recommended		Keeps Yoakam's Bakersfield-honky-tonk sound intact into the new decade, and its bigger, more varied songwriting anticipates the platinum-selling This Time three years later.
A2172	Kelly Willis	Well Travelled Love	1990	V19		Recommended		An Austin-scene extension of the Bakersfield-and-honky-tonk revival Dwight Yoakam and Rosie Flores were also part of, arriving right at the tail end of this lane's core era.
A2173	Rosanne Cash	Interiors	1990	V19		Recommended		Marks Cash's decisive turn away from country radio toward singer-songwriter introspection, a move that foreshadows the plainspoken confessional songwriting later carried by V13's Americana songwriters.
A2174	Steve Earle	The Hard Way	1990	V19		Recommended		The end point of the Guitar Town-to-Copperhead Road arc; its rock-first sound and bleak character studies seem to anticipate Earle's 1990s Americana albums that this atlas places in V13.
A2175	Lyle Lovett	Joshua Judges Ruth	1992	V19		Recommended		Continues Lovett's genre-blurring, Texas-rooted songwriting into the early '90s, closing out the run of records this lane tracks before his catalog moves toward the broader Americana and Nashville songwriter circle.
A2176	Dwight Yoakam	This Time	1993	V19		Recommended		The commercial payoff of the Bakersfield-revival sound Yoakam had been building since 1986, closing out the run of records this lane tracks before his catalog drifts toward straight mainstream country (X1).
A2177	Buffalo Springfield	Buffalo Springfield	1966	V20		Recommended		Formed in LA in 1966 by Stephen Stills, Richie Furay and Neil Young (with Bruce Palmer and Dewey Martin); the band is the shared origin point for Young's solo career, CSNY, and Poco.
A2178	Buffalo Springfield	Buffalo Springfield Again	1967	V20		Recommended		Buffalo Springfield's most ambitious record, made as the band was already splintering; 'Broken Arrow' sounds like an early sketch of the song-suite instincts Young would later pursue on records like Greendale.
A2179	Buffalo Springfield	Last Time Around	1968	V20		Deep cut		Buffalo Springfield's farewell record, split between Furay's country-rock turn (feeding directly into Poco) and Young's folk songs, which sound like a preview of his solo debut the same year.
A2180	Neil Young	Neil Young	1968	V20		Deep cut		Young's solo launch straight out of Buffalo Springfield, still wearing 1960s orchestral-pop production before Crazy Horse stripped the sound down.
A2181	Neil Young	Everybody Knows This Is Nowhere	1969	V20		Essential	Y	The founding document of the Neil Young/Crazy Horse sound, with Danny Whitten's rhythm guitar setting the template that feeds everything from Zuma through Ragged Glory to Wednesday and MJ Lenderman decades later.
A2182	Crosby, Stills, Nash & Young	Déjà Vu	1970	V20		Essential		David Crosby, Stephen Stills and Graham Nash's trio expanded to include Neil Young, straight out of the same Los Angeles folk-rock world that produced Buffalo Springfield and the Byrds.
A2183	Neil Young	After the Gold Rush	1970	V20		Essential		Young's move from Crazy Horse's electric sprawl to hushed piano-and-guitar songwriting, a direct ancestor of the folk side of this whole lane and of records like Harvest and Comes a Time.
A2184	Crazy Horse	Crazy Horse	1971	V20		Recommended		The band's own debut while Danny Whitten was still alive, giving the Crazy Horse name and sound an identity independent of Neil Young before Whitten's 1972 death.
A2185	Crosby, Stills, Nash & Young	4 Way Street	1971	V20		Recommended		The quartet's live document showing the acoustic-harmony and electric-jam halves of the CSNY sound side by side, a split that resembles the one Young would use again on Rust Never Sleeps.
A2186	Crazy Horse	At Crooked Lake	1972	V20		Deep cut		A minor, independent Crazy Horse record from the band's early-1970s attempt to sustain a career apart from Neil Young.
A2187	Crazy Horse	Loose	1972	V20		Deep cut		Crazy Horse regrouping after Danny Whitten's exit, with Talbot and Molina as the constant thread that would carry the band through decades of Neil Young albums and its own occasional records.
A2188	Neil Young	Harvest	1972	V20		Essential		The commercial high point of Young's country-folk side, cut with the same Nashville pedal-steel band sound as Harvest Moon two decades later; its success is the thing Tonight's the Night and On the Beach deliberately reject.
A2189	Neil Young	Time Fades Away	1973	V20		Recommended		Commonly grouped as the opening record of Young's 'ditch trilogy,' made after Harvest's mainstream success and sharing its ragged, unpolished mood with On the Beach and Tonight's the Night.
A2190	Neil Young	On the Beach	1974	V20		Essential		The middle of the 'ditch trilogy,' recorded in deliberate retreat from Harvest's success and sharing its hungover, unpolished mood with Tonight's the Night, recorded around the same period.
A2191	Neil Young and Crazy Horse	Tonight's the Night	1975	V20		Essential		Young's bleakest record, made in mourning for Danny Whitten with Crazy Horse's rhythm section; its ragged, barely-in-control sound seems an ancestor of the loose, live-in-the-room ethic this atlas keeps returning to.
A2192	Neil Young and Crazy Horse	Zuma	1975	V20		Essential	Y	The record where the classic four-piece Crazy Horse lineup (Young, Talbot, Molina, Sampedro) locks into place, the same lineup behind Ragged Glory and Sleeps with Angels.
A2193	The Stills-Young Band	Long May You Run	1976	V20		Recommended		A Stills/Young reunion assembled from an aborted CSNY comeback, the last time this particular Buffalo Springfield pairing worked together before decades of on-and-off CSNY activity.
A2194	Neil Young	American Stars 'n Bars	1977	V20		Recommended		A grab-bag that sums up the whole V20 lane in one record: honky-tonk numbers with Emmylou Harris singing harmony on one side, a distorted Crazy Horse epic on the other.
A2195	Crazy Horse	Crazy Moon	1978	V20		Deep cut		Another attempt by Talbot and Molina to sustain Crazy Horse as an independent band, arriving the same year as Young's own Comes a Time.
A2196	Neil Young	Comes a Time	1978	V20		Recommended		The clearest bridge between Harvest's Nashville-pop side and Harvest Moon a decade and a half later, with Nicolette Larson's harmonies doing what Emmylou Harris's did on American Stars 'n Bars.
A2197	Neil Young and Crazy Horse	Live Rust	1979	V20		Recommended		The concert-length companion to Rust Never Sleeps, showing the acoustic/electric split of that record played out live at length.
A2198	Neil Young and Crazy Horse	Rust Never Sleeps	1979	V20		Essential		The record that most explicitly states this lane's whole thesis, an acoustic folk side and a distorted Crazy Horse side on one LP, cited for decades by punk and grunge musicians as proof Young never went soft.
A2199	Neil Young	Hawks & Doves	1980	V20		Deep cut		A minor, transitional record that shows Young's country-folk side turning overtly political, a mood that resembles the one he'd revisit decades later on Living with War.
A2200	Neil Young and Crazy Horse	Re-ac-tor	1981	V20		Deep cut		The most repetitive, riff-obsessed Crazy Horse record, sounding like a forerunner of the noise and drone experiments Young would return to on Arc a decade later.
A2201	Neil Young	Trans	1982	V20		Deep cut		The most electronic record in Young's catalog and the first of his Geffen genre detours; it sounds like a strange cousin to the drum-machine and synth experiments on indie music's country-adjacent fringes.
A2202	Neil Young and the Shocking Pinks	Everybody's Rockin'	1983	V20		Deep cut		Part of Young's contrarian early-80s run of genre exercises for Geffen, sandwiched between the synth-pop of Trans and the straight country of Old Ways.
A2203	Neil Young	Old Ways	1985	V20		Deep cut		Young's most straightforward country record, cut with Waylon Jennings and Willie Nelson, connecting this lane directly to outlaw country's Nashville mainstream.
A2204	Neil Young	Landing on Water	1986	V20		Deep cut		A low ebb of Young's 1980s wandering, directly preceding his return to Crazy Horse on Life the following year.
A2205	Neil Young and Crazy Horse	Life	1987	V20		Deep cut		Crazy Horse's return to a Neil Young studio album after Re-ac-tor, still burdened by 80s production but pointing the way back to the raw sound of Ragged Glory.
A2206	Crosby, Stills, Nash & Young	American Dream	1988	V20		Deep cut		The full quartet's belated studio reunion after Déjà Vu, arriving the same late-80s stretch as Young's own wandering Geffen-era records.
A2207	Neil Young	This Note's for You	1988	V20		Deep cut		One of Young's genre-hopping detours back at Reprise, swapping Crazy Horse's guitars for a horn section, with a blunt, contrarian streak that resembles Living with War almost twenty years later.
A2208	Crazy Horse	Left for Dead	1989	V20		Deep cut		A Crazy Horse album made apart from Neil Young, part of the band's parallel independent career just before its work with Young entered its 1990s renaissance.
A2209	Neil Young	Freedom	1989	V20		Recommended		The record where Young reclaims his own template after a decade of genre experiments, its acoustic/electric 'Rockin' in the Free World' bookends echoing Rust Never Sleeps a decade earlier.
A2210	Neil Young and Crazy Horse	Ragged Glory	1990	V20		Essential		Sonic Youth opened the tour behind it, and its roaring guitar sound resembles and seems to have emboldened Dinosaur Jr. and the 1990s noisy-guitar underground.
A2211	Neil Young and Crazy Horse	Arc	1991	V20		Deep cut		Young's pure noise experiment, assembled from Ragged Glory tour feedback while Sonic Youth were opening the shows; it sounds closer to the noise-rock underground than to anything else in his catalog.
A2212	Neil Young and Crazy Horse	Weld	1991	V20		Recommended		The live document of the Ragged Glory tour, on which Sonic Youth opened; its extended, feedback-heavy guitar rock resembles and seems to have encouraged the early-1990s alternative scene.
A2213	Neil Young	Harvest Moon	1992	V20		Recommended		A direct, self-aware sequel to Harvest with the same Nashville-pedal-steel band, showing the country-folk half of this lane at its most comfortable and popular.
A2214	Neil Young	Unplugged	1993	V20		Recommended		A career-spanning acoustic overview that puts the quiet, country-folk half of Young's catalog (Harvest, Comes a Time, After the Gold Rush) side by side in one set.
A2215	Neil Young and Crazy Horse	Sleeps with Angels	1994	V20		Recommended		A grief record shadowed by Kurt Cobain's death and his quotation of Young's own lyric, closing a loop between Young's influence on grunge and grunge's cost.
A2216	Neil Young	Mirror Ball	1995	V20		Recommended		Young backed by Pearl Jam instead of Crazy Horse, making explicit the influence line running from Ragged Glory into 1990s grunge.
A2217	Neil Young and Crazy Horse	Broken Arrow	1996	V20		Recommended		Crazy Horse pushing deliberate looseness even further than Ragged Glory; its lo-fi bar-tape closer sounds like an ancestor of the DIY-recording ethic prized elsewhere in this atlas.
A2218	Neil Young and Crazy Horse	Year of the Horse	1997	V20		Deep cut		A shaggier companion to Weld, capturing Crazy Horse's mid-90s live sound and its ongoing appeal to filmmakers and musicians drawn to its unpolished, in-the-room feel.
A2219	Crosby, Stills, Nash & Young	Looking Forward	1999	V20		Deep cut		The last CSNY studio album, closing a three-decade-long, on-and-off partnership that started with Déjà Vu and traces back to Buffalo Springfield and the Byrds.
A2220	Neil Young	Silver & Gold	2000	V20		Recommended		A late entry in the quiet, pedal-steel-driven country-folk lineage running from Harvest through Comes a Time and Harvest Moon.
A2221	Neil Young and Crazy Horse	Greendale	2003	V20		Recommended		Young's most explicit storytelling concept record, sounding like his earlier multi-part songwriting ('Broken Arrow') stretched into a full small-town saga with Crazy Horse underneath.
A2222	Neil Young	Prairie Wind	2005	V20		Recommended		Often grouped with Harvest and Harvest Moon, with Emmylou Harris on harmony and the same pedal-steel country-folk sound as those records.
A2223	Neil Young	Living with War	2006	V20		Deep cut		A blunt-force protest record in the direct lineage of 'Ohio' and 'Southern Man,' Young's political songwriting turned all the way up against the Iraq War.
A2224	Neil Young	Chrome Dreams II	2007	V20		Recommended		A stylistic grab-bag that borrows its name from the legendary unreleased 1977 Chrome Dreams while extending the long-solo, horn-and-choir experiments of Young's mid-2000s work.
A2225	Neil Young	Live at Massey Hall 1971	2007	V20		Recommended		An archival release (recorded 1971, released 2007) capturing Young solo and acoustic between After the Gold Rush and Harvest, with early versions of songs that would define both records.
A2226	Neil Young	Le Noise	2010	V20		Recommended		A radical solo reduction of the 'Crazy Horse fuzz' sound, one guitar and Daniel Lanois's studio treatments standing in for the whole band.
A2227	Neil Young and Crazy Horse	Americana	2012	V20		Deep cut		Old-time American folk songs run through the Crazy Horse fuzz machine, tying this lane's Crazy Horse sound directly back to the pre-1965 folk roots the whole atlas traces to.
A2228	Neil Young and Crazy Horse	Psychedelic Pill	2012	V20		Recommended		The 2010s peak of the classic four-piece Crazy Horse sound, letting the band's long-solo instincts run further than almost any record since Ragged Glory.
A2229	Neil Young	Live at the Cellar Door	2013	V20		Deep cut		An archival release (recorded 1970, released 2013) from the same solo-acoustic period as Live at Massey Hall 1971, filling out the picture of Young between After the Gold Rush and Harvest.
A2230	Neil Young	Hitchhiker	2017	V20		Recommended		An archival release (recorded 1976, released 2017) showing the solo-acoustic origins of songs later released on Rust Never Sleeps, American Stars 'n Bars and other records.
A2231	Neil Young and Crazy Horse	Colorado	2019	V20		Recommended		The reunion record that brought Nils Lofgren, who first played with Young back on After the Gold Rush, into the Crazy Horse guitar chair.
A2232	Neil Young and the Stray Gators	Tuscaloosa	2019	V20		Deep cut		An archival release (recorded 1973, released 2019) from the same tour as Time Fades Away, with the Stray Gators' earlier lineup, showing the country-rock side of that period before it frayed.
A2233	Neil Young	Homegrown	2020	V20		Recommended		An archival release (recorded 1974-75, released 2020), shelved originally in favor of Tonight's the Night; its gentle country-folk sound sits between Harvest and Comes a Time.
A2234	Neil Young and Crazy Horse	Barn	2021	V20		Recommended		A late-period return to the barn-recorded, live-off-the-floor method Young and Crazy Horse first used on Ragged Glory three decades earlier.
A2235	Neil Young and Crazy Horse	Toast	2022	V20		Deep cut		An archival release (recorded 2000-01, released 2022) documenting a somber Crazy Horse session shelved for two decades, closer in mood to Sleeps with Angels than to the band's louder records.
A2236	Neil Young and Crazy Horse	World Record	2022	V20		Recommended		A Rick Rubin-produced late-period Crazy Horse record, mellower than Barn or Colorado but continuing the same reunited lineup's run of 2020s albums.
A2237	Neil Young	Chrome Dreams	2023	V20		Recommended		An archival release (recorded 1974-77, released 2023) of one of the most legendary unreleased albums in rock history, sitting at the source of songs later spread across American Stars 'n Bars, Comes a Time and Rust Never Sleeps.
A2238	Neil Young and Crazy Horse	Early Daze	2024	V20		Deep cut		An archival release (released 2024) documenting the founding Crazy Horse lineup around the time of Everybody Knows This Is Nowhere.
A2239	Neil Young with Crazy Horse	Fu##in' Up	2024	V20		Deep cut		A full live run-through of Ragged Glory more than three decades later, with Talbot and Molina revisiting the album most identified with the 'Crazy Horse fuzz' sound.
A2240	Neil Young	Oceanside Countryside	2025	V20		Deep cut		An archival release (recorded 1977, released 2025) from the same prolific mid-70s vault as Homegrown and Chrome Dreams, filling in yet another piece of that period's songwriting.
A2241	Neil Young and the Chrome Hearts	Talkin to the Trees	2025	V20		Recommended		A new backing band, the Chrome Hearts, sounding like it has stepped into the role Crazy Horse has long occupied, keeping the ragged-guitar, cracked-voice sound going into a new decade.
A2242	The Byrds	Mr. Tambourine Man	1965	V21		Essential		Formed out of the Los Angeles folk scene around McGuinn, Gene Clark and David Crosby; its jangle led into the country turn of later Byrds records and sounds like the root of the wider jangle-pop line (Big Star, Tom Petty).
A2243	The Byrds	Younger Than Yesterday	1967	V21		Recommended		Bridges the Byrds' folk-rock period and their 1968 country-rock turn; 'Time Between' sounds like a direct precursor to the Sweetheart sessions.
A2244	Gene Clark	Gene Clark with the Gosdin Brothers	1967	V21		Recommended		Gene Clark's solo debut just after leaving the Byrds, planting the country-folk seeds that grow into Dillard & Clark and his later solo albums.
A2245	Hearts & Flowers	Now Is the Time for Hearts and Flowers	1967	V21		Deep cut		An early, little-heard Los Angeles folk-rock record that sounds like it anticipates the country turn the Byrds would make explicit the following year.
A2246	The Byrds	Sweetheart of the Rodeo	1968	V21	V9	Essential	Y	The founding document of country rock: it pulls the Byrds' folk-rock harmonies into hard country instrumentation and sets the template Parsons then carried into the Flying Burrito Brothers and his solo records.
A2247	The Byrds	The Notorious Byrd Brothers	1968	V21		Recommended		The last Byrds album before Gram Parsons joined and pushed the group fully into country rock on Sweetheart of the Rodeo.
A2248	Dillard & Clark	The Fantastic Expedition of Dillard & Clark	1968	V21		Essential		Gene Clark's post-Byrds bluegrass-leaning project with Doug Dillard, feeding directly into Bernie Leadon's later work with the Flying Burrito Brothers and the Eagles.
A2249	The Dillards	Wheatstraw Suite	1968	V21		Recommended		A bluegrass band's own move toward country rock, made in the same Los Angeles scene and same year as Sweetheart of the Rodeo, connecting the genre's electric wing back to real Ozark string-band tradition.
A2250	The Everly Brothers	Roots	1968	V21		Recommended		Released the same year as Sweetheart of the Rodeo, this record shows two 1950s rock and roll pioneers arriving at country rock from the other direction, and its close-harmony singing is a direct ancestor of the vocal blend Gram Parsons and Emmylou Harris later used.
A2251	Hearts & Flowers	Of Horses, Kids and Forgotten Women	1968	V21		Deep cut		Hearts & Flowers' final album, released in the same pivotal year as Sweetheart of the Rodeo and Safe at Home, just before guitarist Bernie Leadon moved on into Dillard & Clark.
A2252	International Submarine Band	Safe at Home	1968	V21		Essential		Predates Sweetheart of the Rodeo and effectively invents the sound Parsons then brought to the Byrds and the Flying Burrito Brothers.
A2253	The Byrds	Ballad of Easy Rider	1969	V21		Recommended		Continues the country-rock sound established on Sweetheart of the Rodeo into a calmer, road-song-focused register.
A2254	The Byrds	Dr. Byrds & Mr. Hyde	1969	V21		Deep cut		Extends the country-rock sound of Sweetheart of the Rodeo with Clarence White's lead guitar now central to the band's identity.
A2255	Dillard & Clark	Through the Morning, Through the Night	1969	V21		Recommended		Closes out the Dillard & Clark project, its Byron Berline connection linking forward to Berline's later Country Gazette.
A2256	The Flying Burrito Brothers	The Gilded Palace of Sin	1969	V21		Essential		The Flying Burrito Brothers' debut is the fullest early statement of Cosmic American Music, carrying Parsons and Hillman's Byrds-honed country turn into its most soulful, psychedelic form and setting the pedal-steel template for the whole lane.
A2257	Mason Proffit	Wanted	1969	V21		Deep cut		A Midwest band whose pedal steel country rock sounds indebted to the Byrds and Burritos, applied to explicitly political songwriting.
A2258	Poco	Pickin' Up the Pieces	1969	V21		Essential		Poco's debut grew directly out of Buffalo Springfield's breakup, and bassist Randy Meisner moved on to the Eagles, whose harmony-driven country rock sounds modeled on this record.
A2259	The Byrds	(Untitled)	1970	V21		Recommended		A peak for the post-Parsons Byrds lineup, extending the country-rock sound into longer live jamming.
A2260	The Flying Burrito Brothers	Burrito Deluxe	1970	V21		Recommended		Second Flying Burrito Brothers album, carrying the Gilded Palace sound forward even as Gram Parsons' involvement waned; Bernie Leadon's presence links this record forward to the Eagles' countrier side.
A2261	Goose Creek Symphony	Goose Creek Symphony (Est. 1970)	1970	V21		Deep cut		Works the same country-rock vocabulary as the Los Angeles scene and sounds indebted to it, showing the sound's spread beyond its founding city.
A2262	Michael Nesmith & the First National Band	Loose Salute	1970	V21		Recommended		Continues the First National Band's country-rock sound from Magnetic South within the same year.
A2263	Michael Nesmith & the First National Band	Magnetic South	1970	V21		Essential		Michael Nesmith's first post-Monkees country-rock album, built around steel guitarist Red Rhodes' playing, which became as identifiable a voice in this lane as Sneaky Pete's.
A2264	Poco	Poco	1970	V21		Recommended		Poco's second album, extending the country-rock harmony sound of the debut with longer instrumental jamming.
A2265	Rick Nelson & the Stone Canyon Band	Rick Sings Nelson	1970	V21		Recommended		Rick Nelson's country-rock reinvention with the Stone Canyon Band, part of the same early-70s Los Angeles scene as Poco and the Flying Burrito Brothers, sharing personnel through bassist Randy Meisner.
A2266	Commander Cody and His Lost Planet Airmen	Lost in the Ozone	1971	V21		Deep cut		A rowdier, western-swing-leaning cousin of the Los Angeles country-rock scene that sounds like the same longhairs-playing-country impulse turned into good-time bar-band music.
A2267	The Flying Burrito Brothers	The Flying Burrito Bros	1971	V21		Deep cut		The Flying Burrito Brothers' third album, carrying the band's sound forward under Rick Roberts after Gram Parsons' departure, with Chris Hillman still aboard before his later work in Souther-Hillman-Furay.
A2268	Gene Clark	White Light	1971	V21		Recommended		Gene Clark's first true solo record after Dillard & Clark, moving him toward a quieter singer-songwriter mode that feeds the country-folk wing of the lane.
A2269	Mason Proffit	Movin' Toward Happiness	1971	V21		Deep cut		Continues the sound of Mason Proffit's debut, a country rock that sounds indebted to the Byrds and Burritos.
A2270	Michael Nesmith & the First National Band	Nevada Fighter	1971	V21		Recommended		The last First National Band record, closing that chapter before Nesmith's more eclectic Second National Band and solo work.
A2271	Poco	From the Inside	1971	V21		Deep cut		Continues Poco's country-rock harmony sound with outside production from Stax veteran Steve Cropper.
A2272	Swampwater	Swampwater	1971	V21		Deep cut		Formed by Nashville West veteran Gib Guilbeau, Swampwater's own records extended that band's country-picking lineage while also backing Linda Ronstadt, tying it into the wider Los Angeles country-rock session scene.
A2273	Bobby Charles	Bobby Charles	1972	V21		Recommended		A Louisiana songwriter's country-inflected roots record, produced with Band members at Bearsville Studios, sharing the same laid-back, unhurried aesthetic as the Cosmic American Music scene despite being made far from Los Angeles.
A2274	Country Gazette	A Traitor in Our Midst	1972	V21		Deep cut		Formed by Flying Burrito Brothers sideman Byron Berline, Country Gazette carries the bluegrass-picking strand of the Los Angeles country-rock scene into its own dedicated band.
A2275	The Flying Burrito Brothers	Last of the Red Hot Burritos	1972	V21		Deep cut		Closes the original Flying Burrito Brothers lineup's story and connects it to the bluegrass-leaning Country Gazette through fiddler Byron Berline.
A2276	Michael Nesmith	And the Hits Just Keep On Comin'	1972	V21		Recommended		A stripped-down, acoustic-leaning Michael Nesmith record built entirely around his long partnership with steel guitarist Red Rhodes.
A2277	Poco	A Good Feelin' to Know	1972	V21		Recommended		The penultimate Poco album with founding member Richie Furay, who left after Crazy Eyes to co-found the Souther-Hillman-Furay Band.
A2278	Pure Prairie League	Bustin' Out	1972	V21		Recommended		Pure Prairie League's second album, whose harmony-pop country rock sounds indebted to the softer wing that Poco established.
A2279	Pure Prairie League	Pure Prairie League	1972	V21		Deep cut		An Ohio band whose harmony country rock sounds indebted to Poco, bringing that style to the Midwest.
A2280	Rick Nelson & the Stone Canyon Band	Garden Party	1972	V21		Essential		Rick Nelson's country-rock comeback album, its title track a direct response to being pigeonholed as a 1950s pop nostalgia act rather than a serious country-rock artist.
A2281	Gene Clark	Roadmaster	1973	V21		Deep cut		A between-albums Gene Clark release drawing on both his ex-Byrds and Flying Burrito Brothers connections, bridging White Light and No Other.
A2282	Gene Parsons	Kindling	1973	V21		Deep cut		A late-Byrds sideman's solo record, carrying the country-picking style he developed in Nashville West and the Byrds into a quieter singer-songwriter format.
A2283	Gram Parsons	GP	1973	V21		Essential		Gram Parsons' solo debut, pairing him with Emmylou Harris for the first time and setting up both his own Grievous Angel and Harris's entire subsequent solo career.
A2284	Poco	Crazy Eyes	1973	V21		Recommended		Richie Furay's farewell to Poco, with a title track written about Gram Parsons, just before Furay left to co-found the Souther-Hillman-Furay Band.
A2285	Gene Clark	No Other	1974	V21		Essential		Gene Clark's most ambitious solo statement, stretching Cosmic American Music toward orchestral funk and gospel far beyond the Byrds/Burritos template; its lush sound seems to echo in later cosmic-country revivalists.
A2286	Gram Parsons	Grievous Angel	1974	V21		Essential	Y	Gram Parsons' final statement and the clearest single distillation of Cosmic American Music, cementing Emmylou Harris as his musical heir and setting the template for everything that followed in this lane.
A2287	Souther-Hillman-Furay Band	The Souther-Hillman-Furay Band	1974	V21	X13	Recommended		Formed by two founding figures of this lane (Hillman and Furay) with J.D. Souther, whose own career sits closer to the Laurel Canyon soft-rock scene (X13), making this band a direct bridge between the two.
A2288	Emmylou Harris	Elite Hotel	1975	V21		Essential		Consolidates the sound of Pieces of the Sky and directly channels Gram Parsons' Burrito Brothers songbook into a mainstream country hit.
A2289	Emmylou Harris	Pieces of the Sky	1975	V21		Essential		Emmylou Harris's solo debut, carrying Gram Parsons' Cosmic American Music forward into a full career and establishing her as the lane's central woman's voice.
A2290	Souther-Hillman-Furay Band	Trouble in Paradise	1975	V21	X13	Deep cut		The Souther-Hillman-Furay Band's second and final album before splitting, after which Hillman returned to more country-rooted solo work and Furay to gospel-inflected music.
A2291	Chris Hillman	Slippin' Away	1976	V21		Recommended		Chris Hillman's first true solo record, returning to a leaner country-rock sound after the more polished Souther-Hillman-Furay Band, and carrying his Byrds/Burritos pedigree forward on his own.
A2292	Chris Hillman	Clear Sailin'	1977	V21		Deep cut		Chris Hillman's second and final Asylum solo album, closing out the direct post-Byrds/Burritos country-rock line before his later work moved toward the more mainstream Nashville country of the Desert Rose Band.
A2293	Emmylou Harris	Luxury Liner	1977	V21		Essential		Continues Harris's project of canonizing Gram Parsons' songbook while widening her sources to Townes Van Zandt and rock and roll covers.
A2294	Gene Clark	Two Sides to Every Story	1977	V21		Deep cut		Closes out Gene Clark's 1970s run with a return to a more commercial country-rock sound after No Other's ambitious detour.
A2295	Emmylou Harris	Quarter Moon in a Ten Cent Town	1978	V21		Recommended		A late entry in Harris's 1970s run that grew out of the Gram Parsons partnership, sounding a shade more polished than her earlier records.
A2296	Nashville West	Nashville West	1978	V21		Deep cut		A recording of the pre-Byrds, pre-Burritos band that trained several of this lane's key players (Clarence White, Gene Parsons, Gib Guilbeau) in hot country picking before they scattered into the Byrds, Flying Burrito Brothers and Swampwater.
A2297	Bob Dylan	Bringing It All Back Home	1965	V22		Essential		Grows directly out of the Greenwich Village folk revival (Guthrie, Van Ronk) and electric Chicago/Chess blues; its fusion of rock band and literary lyric is the founding document the whole V22 lane, and later Neil Young and The Band, build on.
A2298	Bob Dylan	Highway 61 Revisited	1965	V22		Essential		Follows directly from Bringing It All Back Home's electric side; later roots-rock songwriters from The Band to Drive-By Truckers sound indebted to its extended narrative-song form.
A2299	Bob Dylan	Blonde on Blonde	1966	V22		Essential		Extends the electric trilogy begun on Bringing It All Back Home and Highway 61 Revisited; the Nashville sessions directly set up Dylan's later country records and the whole Nashville-adjacent wing of the V zone.
A2300	Bob Dylan	John Wesley Harding	1967	V22	V21	Essential		Follows the Basement Tapes sessions with The Band, and sounds like it anticipates Dylan's own country records and the country-rock turn of the Byrds and Gram Parsons.
A2301	The Band	Music from Big Pink	1968	V22		Essential		Grew directly out of The Band's years backing Dylan and the informal Basement Tapes sessions; Eric Clapton has said the record's plainness helped break up Cream, and it is a founding document for Southern rock, country rock and Americana alike.
A2302	The Band	The Band	1969	V22		Essential	Y	The high-water mark of The Band's own catalog; the Southern storytelling rock of the Allman Brothers and, decades later, Drive-By Truckers' novelistic songwriting sound indebted to it.
A2303	Bob Dylan	Nashville Skyline	1969	V22	V21	Essential		Pushes the country move hinted at on John Wesley Harding all the way into Nashville proper, lending weight to the country-rock movement of V21 that the Byrds' Sweetheart of the Rodeo had kicked off the year before.
A2304	The Band	Stage Fright	1970	V22		Recommended		Follows the character-study songwriting of The Band with more autobiographical unease, reflecting the pressure of following two acclaimed records.
A2305	Bob Dylan	New Morning	1970	V22		Recommended		Sounds like a continuation of the plainspoken, domestic mode of John Wesley Harding and the Basement Tapes, and its warmth resembles the singer-songwriter records of V13 and V25.
A2306	Bob Dylan	Self Portrait	1970	V22		Deep cut		An extension of the covers-and-traditionals instinct from the Basement Tapes sessions, and an early model for later artists' 'anti-image' covers records.
A2307	The Band	Cahoots	1971	V22		Deep cut		Shows the same Woodstock-honed roots-rock voice as the first three Band albums beginning to strain, foreshadowing the covers-driven Moondog Matinee.
A2308	The Band	Rock of Ages	1972	V22		Recommended		Captures The Band's core studio catalog (Big Pink through Cahoots) in performance, and its horn-driven arrangements anticipate the larger ensemble sound of The Last Waltz.
A2309	The Band	Moondog Matinee	1973	V22		Deep cut		Shows the R&B and rockabilly roots underneath the group's own original songwriting, the same well the band drew on for its own sound on Music from Big Pink.
A2310	Bob Dylan	Planet Waves	1974	V22		Recommended		Reunites Dylan with the Basement Tapes-era Band and directly sets up the tour that produced Before the Flood; its loose, road-worn feel points toward Blood on the Tracks the following year.
A2311	Bob Dylan and The Band	Before the Flood	1974	V22		Recommended		Grew out of the same 1974 reunion that produced the studio album Planet Waves, and stands as the definitive document of Dylan and The Band performing together on a large stage.
A2312	The Band	Northern Lights–Southern Cross	1975	V22		Essential		A late creative peak that shows the group's original songwriting voice intact after the covers-heavy Moondog Matinee, though it would be their last full album of new material before Islands.
A2313	Bob Dylan	Blood on the Tracks	1975	V22		Essential	Y	A return to acoustic, lyric-first songwriting after the full-band Planet Waves, and a record later confessional and narrative songwriters across the V zone often sound indebted to.
A2314	Bob Dylan and The Band	The Basement Tapes	1975	V22		Essential		Grew out of Dylan and The Band's convalescence-era sessions before John Wesley Harding; its ramshackle, communal recording ethic feeds The Band's own catalog and resembles later lo-fi/DIY roots recording.
A2315	Bob Dylan	Desire	1976	V22		Essential		Follows Blood on the Tracks' narrative songwriting into wider, almost theatrical storytelling, and its Rolling Thunder-era sound feeds directly into the live document Hard Rain and the tour film/album that followed.
A2316	Bob Dylan	Hard Rain	1976	V22		Deep cut		Documents the second, harder-edged leg of the Rolling Thunder Revue that followed Desire, and its rough rearrangements set a precedent for Dylan's later habit of remaking his catalog live.
A2317	The Band	Islands	1977	V22		Deep cut		The last studio album released under The Band's original lineup, issued after their 1976 farewell concert and closing out the catalog covered by this lane.
A2318	Rick Danko	Rick Danko	1977	V22		Deep cut		An offshoot of The Band's mid-'70s dispersal into solo projects, sounding close to the Woodstock-scene singer-songwriter records made around it.
A2319	The Band	The Last Waltz	1978	V22	X7	Essential		Closes The Band's story as a working group and, by assembling so many of their collaborators and influences on one stage, functions as a family tree for the whole roots-rock lineage this lane covers.
A2320	Bob Dylan	Street-Legal	1978	V22		Deep cut		Bridges the Rolling Thunder era to the born-again gospel trilogy that begins with Slow Train Coming the following year.
A2321	Bob Dylan	Slow Train Coming	1979	V22		Recommended		A hard turn from the loose road-rock of Street-Legal into gospel testimony, directly setting up Saved and Shot of Love as a trilogy.
A2322	Bob Dylan	Infidels	1983	V22		Recommended		Closes out Dylan's religious period and re-establishes the dense, image-driven songwriting of his '60s and '70s work in a modern production context.
A2323	Bob Dylan	Oh Mercy	1989	V22		Essential		The first of two Lanois-produced comeback records (with Time Out of Mind) that reestablished Dylan as a vital songwriter for a new generation of roots-rock artists.
A2324	Bob Dylan	Time Out of Mind	1997	V22		Essential		Continues the Lanois atmosphere of Oh Mercy but with a heavier, more haunted band sound, opening the door to the more traditional, self-produced records ('Love and Theft' onward) that follow.
A2325	Bob Dylan	"Love and Theft"	2001	V22		Essential		Moves out of the Lanois-produced fog into the leaner, self-produced sound Dylan keeps for the rest of his career, and its blues/swing pastiche is a direct model for Modern Times.
A2326	Bob Dylan	The Bootleg Series Vol. 5: Bob Dylan Live 1975, The Rolling Thunder Revue	2002	V22		Recommended		Part of Dylan's ongoing Bootleg Series of archival releases; it fills in the Rolling Thunder era alongside Desire and Hard Rain and is treated as canonical by Dylan scholars and podcasts like Jokermen.
A2327	Bob Dylan	Modern Times	2006	V22		Recommended		The middle record of Dylan's 2000s self-produced trilogy alongside 'Love and Theft' and Together Through Life, deepening his late-career habit of channeling pre-rock American song forms.
A2328	Levon Helm	Dirt Farmer	2007	V22	V24	Essential		Draws on the same Southern folk and old-time repertoire The Band mined, filtered through Helm's own Arkansas roots, and it directly set up his Electric Dirt and Ramble at the Ryman period.
A2329	Levon Helm	Electric Dirt	2009	V22		Recommended		Widens the acoustic Dirt Farmer sound into the full electric, horn-driven Band-style roots rock Helm helped invent, his last studio album before his 2012 death.
A2330	Bob Dylan	Tempest	2012	V22		Deep cut		Continues the antique-blues persona of 'Love and Theft' and Modern Times toward longer, more explicitly mortality-obsessed narrative songs, setting up Rough and Rowdy Ways.
A2331	Bob Dylan	Rough and Rowdy Ways	2020	V22		Essential		The culmination of the self-produced late style begun on 'Love and Theft', and a record much of the 2020s Americana and indie-folk scene sounds like it treats as a living reference point.
A2332	Steve Young	Rock Salt & Nails	1969	V23		Recommended		Its 'Seven Bridges Road' later became an Eagles hit, and Young's songwriting fed the outlaw scene directly when Waylon Jennings built an album around his 'Lonesome, On'ry and Mean'; its sound resembles the outlaw records that followed.
A2333	David Allan Coe	Penitentiary Blues	1970	V23		Deep cut		Establishes the ex-convict persona and blues-rooted grit that Coe carried into The Mysterious Rhinestone Cowboy and his later Columbia albums.
A2334	Kris Kristofferson	Kristofferson	1970	V23		Essential		Predates Waylon Jennings's and Willie Nelson's outlaw breakthroughs by several years; Jennings recorded its songs, and the literary-songwriter model both men followed sounds indebted to it.
A2335	Sammi Smith	Help Me Make It Through the Night	1970	V23		Essential		Built around a Kris Kristofferson song recorded before his own version reached wide audiences, tying Smith's career directly to the outlaw movement's key songwriter.
A2336	Kris Kristofferson	The Silver Tongued Devil and I	1971	V23		Essential		Cements the confessional-songwriter model Kristofferson introduced on his debut, one that Waylon Jennings's and Billy Joe Shaver's songwriting sounds indebted to.
A2337	Willie Nelson	Yesterday's Wine	1971	V23		Recommended		The first sign of the stripped-down, self-directed concept-album approach Nelson perfected on Red Headed Stranger, made while he was still pushing RCA for creative control.
A2338	Kris Kristofferson	Jesus Was a Capricorn	1972	V23		Recommended		Extends the socially conscious songwriting strand Kristofferson opened on his first two Monument albums, a thread that fellow Nashville outsiders like Bobby Bare and Tompall Glaser sound close to.
A2339	Steve Young	Seven Bridges Road	1972	V23		Recommended		Its songs 'Seven Bridges Road' and 'Lonesome, On'ry and Mean' became touchstones for the outlaw movement, the latter as the title track of a Waylon Jennings album.
A2340	Waylon Jennings	Ladies Love Outlaws	1972	V23		Recommended		Grows out of Jennings's early-1970s push against RCA's countrypolitan production, and points directly at the fuller outlaw sound he found the next year on Honky Tonk Heroes.
A2341	Billy Joe Shaver	Old Five and Dimers Like Me	1973	V23		Essential		The songwriter's-own-voice companion to Honky Tonk Heroes; the plainspoken storytelling of Steve Earle and Todd Snider sounds indebted to it.
A2342	Bobby Bare	Bobby Bare Sings Lullabys, Legends and Lies	1973	V23		Essential		The fullest statement of Bare's partnership with Shel Silverstein, the same writer Tompall Glaser devoted a whole album to the following year.
A2343	Lee Clayton	Lee Clayton	1973	V23		Recommended		Its best-known song gave Waylon Jennings the title of his 1972 album Ladies Love Outlaws and helped name the movement.
A2344	Waylon Jennings	Honky Tonk Heroes	1973	V23	V19	Essential	Y	Draws directly on Billy Joe Shaver's songwriting; the hinge point between Nashville countrypolitan and outlaw country, with later Jennings, David Allan Coe and Johnny Paycheck records sounding indebted to it.
A2345	Waylon Jennings	Lonesome, On'ry and Mean	1973	V23		Essential		Follows directly from Jennings's contract renegotiation with RCA and feeds straight into Honky Tonk Heroes; its title track comes from fellow outlaw precursor Steve Young.
A2346	Willie Nelson	Shotgun Willie	1973	V23		Essential		Marks Nelson's break from Nashville production and the start of the Austin-based, genre-blending style that runs through Phases and Stages and Red Headed Stranger.
A2347	David Allan Coe	The Mysterious Rhinestone Cowboy	1974	V23		Essential		Coe's first Columbia record after Penitentiary Blues, and the start of a run of albums (Once Upon a Rhyme, Longhaired Redneck) that made him one of outlaw country's most theatrical figures.
A2348	Kris Kristofferson	Spooky Lady's Sideshow	1974	V23		Deep cut		A bleaker sequel to Jesus Was a Capricorn, the same Nashville-outsider songwriting turned inward.
A2349	Tompall Glaser	Tompall (Sings the Songs of Shel Silverstein)	1974	V23		Recommended		Tompall Glaser's Hillbilly Central studio was the hub where Waylon Jennings and other outlaw artists worked outside the Nashville label system, and this record ties that circle to Shel Silverstein's songwriting.
A2350	Waylon Jennings	This Time	1974	V23		Recommended		Extends the artist-controlled model Jennings won after Lonesome, On'ry and Mean and Honky Tonk Heroes, cementing his independence within RCA's Nashville system.
A2351	Willie Nelson	Phases and Stages	1974	V23		Essential		Builds on Shotgun Willie's Atlantic-era freedom and rehearses the story-album format Nelson used on Red Headed Stranger the following year.
A2352	Bobby Bare	Cowboys and Daddys	1975	V23		Recommended		Follows Lullabys, Legends and Lies in Bare's mid-1970s run of song-interpreter albums, this time drawing on the Texas progressive-country scene around Ray Wylie Hubbard and Jerry Jeff Walker.
A2353	Bobby Bare	Hard Time Hungrys	1975	V23		Deep cut		Another mid-1970s Bare concept record following Lullabys, Legends and Lies, built around outside songwriters and sounding close to the funny-sad John Prine school.
A2354	David Allan Coe	Once Upon a Rhyme	1975	V23		Recommended		A direct sequel to The Mysterious Rhinestone Cowboy, and its closing track ties Coe to the Prine and Goodman school of funny-sad songwriting that runs through the wider atlas.
A2355	Hank Williams Jr.	Hank Williams Jr. and Friends	1975	V23	V28	Essential		Bridges outlaw country and Southern rock directly, pulling Allman Brothers and Marshall Tucker Band musicians into a Nashville country session.
A2356	Jessi Colter	I'm Jessi Colter	1975	V23		Essential		Recorded at the height of the Nashville outlaw scene her husband Waylon Jennings and Tompall Glaser were building, but in a quieter, more introspective register than either man's records.
A2357	Waylon Jennings	Dreaming My Dreams	1975	V23		Essential		Follows Honky Tonk Heroes and This Time and precedes the outlaw movement's commercial peak on Wanted! The Outlaws and Ol' Waylon, showing the quieter side of the same songwriter-first approach.
A2358	Willie Nelson	Red Headed Stranger	1975	V23		Essential	Y	The culmination of the narrative concept-album approach Nelson tried on Yesterday's Wine and Phases and Stages, proving outlaw country's stripped-down aesthetic could top the charts.
A2359	Billy Joe Shaver	When I Get My Wings	1976	V23		Recommended		Follows Old Five and Dimers Like Me and, through the Capricorn Records connection, links Shaver's outlaw songwriting to the Southern-rock scene around the Allman Brothers.
A2360	David Allan Coe	Longhaired Redneck	1976	V23		Essential		Coe's declaration of independence within the outlaw scene, building directly on the persona introduced on The Mysterious Rhinestone Cowboy.
A2361	Jessi Colter	Diamond in the Rough	1976	V23		Deep cut		A quick Capitol follow-up to I'm Jessi Colter, released the same year as Wanted! The Outlaws, on which Colter also appeared.
A2362	Johnny Paycheck	11 Months and 29 Days	1976	V23	V26	Recommended		Part of the Billy Sherrill-produced Epic run, with a hard-country delivery that sounds indebted to George Jones, and a direct lead-in to Take This Job and Shove It the following year.
A2363	Tompall Glaser	The Great Tompall and His Outlaw Band	1976	V23		Recommended		Made in the same Hillbilly Central studio and the same year as Wanted! The Outlaws, by one of that compilation's four featured artists.
A2364	Waylon Jennings	Are You Ready for the Country	1976	V23		Recommended		Its title-track cover of Neil Young links the outlaw scene directly to the Crazy Horse lineage the wider atlas traces, arriving right at the commercial peak Wanted! The Outlaws would soon confirm.
A2365	Waylon Jennings, Willie Nelson, Jessi Colter and Tompall Glaser	Wanted! The Outlaws	1976	V23	V26	Essential		The compilation that named and commercially confirmed the outlaw country movement, gathering the four artists whose Hillbilly Central-adjacent records define this lane.
A2366	Willie Nelson	The Sound in Your Mind	1976	V23		Recommended		Sits between Red Headed Stranger's austerity and Stardust's full embrace of pop standards, both records grown out of the creative control Nelson won at Columbia.
A2367	Willie Nelson	The Troublemaker	1976	V23		Recommended		A sibling record to Shotgun Willie and Phases and Stages from the same Atlantic sessions period, delayed until Nelson's Columbia-era commercial power got it released.
A2368	Billy Joe Shaver	Gypsy Boy	1977	V23		Deep cut		Closes out Shaver's Capricorn run alongside When I Get My Wings, continuing the plainspoken songwriting that shaped Waylon Jennings's outlaw sound.
A2369	David Allan Coe	Rides Again	1977	V23		Recommended		Continues the outlaw self-mythology Coe built across his Columbia albums, explicitly naming Jennings and Nelson as his peers in 'Willie, Waylon and Me'.
A2370	David Allan Coe	Tattoo	1977	V23		Deep cut		Released the same year as Rides Again, continuing Coe's prolific mid-decade run on Columbia.
A2371	Jessi Colter	Mirriam	1977	V23		Deep cut		Continues Colter's Capitol run after I'm Jessi Colter and Diamond in the Rough, turning the outlaw circle's plainspoken style toward devotional songwriting.
A2372	Johnny Paycheck	Take This Job and Shove It	1977	V23	V26	Essential		Its title song, written by David Allan Coe, is direct evidence of the outlaw scene's songwriter-sharing culture, and the album's success made Paycheck a mainstream outlaw figure alongside Jennings and Nelson.
A2373	Waylon Jennings	Ol' Waylon	1977	V23		Essential		Represents outlaw country's full absorption into the mainstream that Wanted! The Outlaws had opened up the year before.
A2374	Willie Nelson	To Lefty from Willie	1977	V23	V26	Deep cut		Connects the outlaw movement directly back to honky-tonk forebear Lefty Frizzell, the hard-country tradition this lane's style vocabulary is drawn from.
A2375	Lee Clayton	Border Affair	1978	V23		Recommended		Its song 'Silver Stallion' was later covered by the Highwaymen, tying Clayton directly back to the movement's biggest names.
A2376	Steve Young	No Place to Fall	1978	V23	V24	Recommended		Draws directly on Townes Van Zandt's songwriting, linking the outlaw scene's Nashville wing to the Texas singer-songwriter tradition centered on Van Zandt and Guy Clark.
A2377	Waylon Jennings	I've Always Been Crazy	1978	V23		Recommended		A self-aware sequel to Ol' Waylon and Wanted! The Outlaws, turning the movement's own marketing into songwriting material.
A2378	Waylon Jennings and Willie Nelson	Waylon & Willie	1978	V23		Essential		Follows Wanted! The Outlaws in pairing Jennings and Nelson as a duo act, and its hit single made the outlaw brand a household name beyond country radio.
A2379	Willie Nelson	Stardust	1978	V23		Essential		Extends the pop-standards move hinted at on The Sound in Your Mind's medley into a full album, using the creative freedom Nelson's outlaw-era Columbia deal secured him.
A2380	Hank Williams Jr.	Whiskey Bent and Hell Bound	1979	V23	V28	Recommended		The clearest outlaw-country-to-Southern-rock crossover record of the decade, and a direct precursor to the harder-edged mainstream country Williams built through the 1980s.
A2381	Lee Clayton	Naked Child	1979	V23		Recommended		Clayton's commercial peak, extending the outlaw persona he introduced on his 1973 debut into more explicit, harder-edged territory.
A2382	Johnny Paycheck	Mr. Hag Told My Story	1981	V23	V26	Recommended		A direct homage to Bakersfield hard-country figure Merle Haggard, tying Paycheck's outlaw-era catalog back to the honky-tonk tradition the whole movement drew from.
A2383	Jerry Jeff Walker	Mr. Bojangles	1968	V24		Essential		Predates Walker's move to Austin; 'Mr. Bojangles' itself became one of the most widely covered songs to come out of the Texas songwriter world, recorded by everyone from Nina Simone to the Nitty Gritty Dirt Band.
A2384	Townes Van Zandt	For the Sake of the Song	1968	V24		Essential		Grew out of the Houston folk clubs around Guy Clark and Mickey Newbury; Guy Clark and Steve Earle drew on Townes directly, and later writers like Jason Molina and Big Thief sound indebted to the same well.
A2385	Sir Douglas Quintet	Mendocino	1969	V24		Recommended		Doug Sahm became a connective figure for the whole Texas scene, later recording with Bob Dylan and with Flaco Jiménez in the Texas Tornados, and the genre-blending, Tex-Mex-inflected side of Texas progressive country sounds indebted to him.
A2386	Townes Van Zandt	Our Mother the Mountain	1969	V24		Essential		A direct continuation of the Houston/Nashville songwriter circuit around Guy Clark and Mickey Newbury; its bleak, riverine imagery echoes forward into Steve Earle and Jason Molina's own flood-and-mountain songs.
A2387	Townes Van Zandt	Townes Van Zandt	1969	V24		Essential	Y	A foundational record of the Texas songwriter tradition; Guy Clark and Steve Earle drew on Townes directly, and Jason Molina's and Big Thief's hushed, plainspoken folk sound indebted to it generations later.
A2388	Townes Van Zandt	Delta Momma Blues	1970	V24		Recommended		Bridges the early Poppy Records run with the harder-touring, harder-drinking persona that Blaze Foley and the outlaw wing of the Texas scene would later pick up wholesale.
A2389	Townes Van Zandt	High, Low and In Between	1971	V24		Recommended		'To Live Is to Fly' became a widely covered standard, carrying the Poppy Records-era songwriting into the alt-country and indie-folk generations, whose hushed songwriting often sounds indebted to it.
A2390	Jerry Jeff Walker	Jerry Jeff Walker	1972	V24		Recommended		Marks Walker's turn from Greenwich Village folk toward the Austin cosmic-cowboy scene that would produce ¡Viva Terlingua! a year later, and helped introduce Guy Clark's songwriting to a wider audience.
A2391	Michael Martin Murphey	Geronimo's Cadillac	1972	V24		Essential		Feeds the same Austin circle that produced Jerry Jeff Walker's Viva Terlingua, which covered its 'Backslider's Wine'; Murphey would name the 'cosmic cowboy' scene on his next album.
A2392	Townes Van Zandt	The Late Great Townes Van Zandt	1972	V24		Essential		Contains the two songs ('Pancho and Lefty,' 'If I Needed You') most responsible for carrying Townes's name past the Texas songwriter circle into outlaw and mainstream country.
A2393	Willis Alan Ramsey	Willis Alan Ramsey	1972	V24		Essential		A key Austin-scene contemporary of Jerry Jeff Walker and Guy Clark; 'Ballad of Spider John' and 'Muskrat Candlelight' were widely covered and helped establish the Austin songwriter circle's reputation in Nashville and beyond.
A2394	B.W. Stevenson	My Maria	1973	V24		Recommended		Part of the Austin cosmic-cowboy circle around Murphey and Steve Fromholz; its crossover success showed Nashville and the pop charts that Austin's songwriters could compete commercially, briefly.
A2395	Doug Sahm	Doug Sahm and Band	1973	V24		Essential		A hub record for the whole scene, pulling in Bob Dylan as a collaborator and folding conjunto, Western swing and honky-tonk into a single album the way the Austin and San Antonio scenes were doing on stage.
A2396	Doug Sahm	Texas Tornado	1973	V24		Recommended		Companion record to Doug Sahm and Band, further cementing the Tex-Mex/country/soul fusion that made Sahm a bridge figure between the Austin scene and San Antonio's conjunto tradition.
A2397	Jerry Jeff Walker	¡Viva Terlingua!	1973	V24		Essential		The clearest document of the cosmic-cowboy/progressive-country scene that Michael Martin Murphey and Willie Nelson's move to Austin also fed; the outlaw movement's live, unpolished aesthetic sounds close to it.
A2398	Kinky Friedman	Sold American	1973	V24		Essential		A satirical, provocation-first extension of the outlaw-country scene around Willie Nelson and Waylon Jennings; its funny-sad, taboo-baiting songwriting anticipates the deadpan school that runs from John Prine through Drag City decades later.
A2399	Michael Martin Murphey	Cosmic Cowboy Souvenir	1973	V24		Recommended		Gave the 'cosmic cowboy' scene its name, directly describing the same Austin crowd (Jerry Jeff Walker, Willie Nelson, Rusty Wier) that the rest of this lane's Austin artists belonged to.
A2400	Kinky Friedman	Kinky Friedman	1974	V24		Deep cut		A continuation of the Sold American persona within the outlaw-country mainstream.
A2401	Guy Clark	Old No. 1	1975	V24		Essential	Y	Grew out of the same Houston folk scene as Townes Van Zandt and Mickey Newbury; Clark mentored Rodney Crowell and Steve Earle, and the Nashville songwriter tradition that follows sounds indebted to its detail-driven craft.
A2402	Ray Wylie Hubbard	Ray Wylie Hubbard and the Cowboy Twinkies	1975	V24		Recommended		Hubbard's songwriting was already central to the outlaw-country scene via Jerry Jeff Walker's recording of 'Redneck Mother', tying this record directly to the ¡Viva Terlingua! circle.
A2403	Rusty Wier	Don't It Make You Wanna Dance?	1975	V24		Recommended		Represents the dancehall, bar-band end of the Austin cosmic-cowboy scene alongside Jerry Jeff Walker's Lost Gonzo Band and Michael Martin Murphey's early records.
A2404	Terry Allen	Juarez	1975	V24		Essential		Allen came out of Lubbock alongside the Flatlanders' circle; Juarez's conceptual, gothic storytelling sounds like a forerunner of the Southern-gothic strain later heard in Drive-By Truckers and Jason Molina.
A2405	Guy Clark	Texas Cookin'	1976	V24		Recommended		A direct continuation of the Old No. 1 songwriting style, later covered and cited by Rodney Crowell and the wider Nashville songwriter circle Clark helped seed.
A2406	Steve Fromholz	A Rumor in My Own Time	1976	V24		Recommended		A central Austin-scene songwriter alongside Guy Clark and Jerry Jeff Walker; 'Texas Trilogy' was later covered by Lyle Lovett and remains one of the enduring pieces of writing from the progressive-country movement.
A2407	Joe Ely	Joe Ely	1977	V24		Essential		Grew directly out of the Flatlanders and Butch Hancock's songwriting; the alt-country bands of a decade later sound indebted to its full-band, rock-forward take on West Texas songwriting.
A2408	Townes Van Zandt	Live at the Old Quarter, Houston, Texas	1977	V24		Essential		The touchstone live solo singer-songwriter record for the Texas lane; later stripped-down live documents by Guy Clark and Robert Earl Keen sound like they follow its model.
A2409	Butch Hancock	West Texas Waltzes & Dust-Blown Tractor Tunes	1978	V24		Essential		Established Hancock as the songwriter engine of the Lubbock triangle, supplying material that Joe Ely turned into full-band rock and Jimmie Dale Gilmore turned into honky-tonk covers throughout the 1980s.
A2410	Guy Clark	Guy Clark	1978	V24		Recommended		Closes the 1970s run of Guy Clark records that established the songwriting standard Texas and Nashville songwriters kept measuring themselves against for decades after.
A2411	Joe Ely	Honky Tonk Masquerade	1978	V24		Essential		Showcases Butch Hancock's songwriting through Ely's rocking band arrangements, a combination the Uncle Tupelo/alt-country generation's hard-driving country songwriting sounds indebted to.
A2412	Nanci Griffith	There's a Light Beyond These Woods	1978	V24	V13	Recommended		The starting point of Griffith's career in the Texas folk scene that also produced Lyle Lovett and Robert Earl Keen; her plainspoken, small-town storytelling sounds indebted to Guy Clark's example.
A2413	Ray Wylie Hubbard	Off the Wall	1978	V24		Recommended		Reclaims 'Redneck Mother' for its own writer after Jerry Jeff Walker's Viva Terlingua made it an outlaw-country standard, closing the loop on one of the scene's most-covered songs.
A2414	Townes Van Zandt	Flyin' Shoes	1978	V24		Recommended		Closes out the classic-era Townes catalog before the long gap to At My Window, and 'No Place to Fall' became another widely covered standard for the Texas songwriter tradition.
A2415	Joe Ely	Down on the Drag	1979	V24		Recommended		Its harder edge sounds like it anticipates the punk-adjacent audience Ely found when the Clash took his band on tour the following year.
A2416	Terry Allen	Lubbock (on everything)	1979	V24		Essential		Shares players such as Lloyd Maines with Joe Ely's late-'70s records, and Drive-By Truckers' and Todd Snider's funny-bleak Southern narratives sound indebted to its satirical small-town storytelling.
A2417	Butch Hancock	Diamond Hill	1980	V24		Deep cut		Continues the self-released, DIY model Hancock kept using throughout his career, a direct precedent for the independent-label ethos later Texas and alt-country songwriters relied on.
A2418	Joe Ely	Live Shots	1980	V24		Recommended		A direct product of the Clash/Joe Ely Band connection, one of the clearest real-world links between Texas progressive country and the UK punk scene of the same moment.
A2419	Robert Earl Keen	No Kinda Dancer	1984	V24		Essential		Documents the mid-1980s Texas A&M/Austin songwriter circle that produced both Keen and Lyle Lovett, a direct continuation of the Guy Clark/Townes Van Zandt storytelling tradition into the next generation.
A2420	Townes Van Zandt	At My Window	1987	V24	V13	Essential		An essential later record that carried Townes's songwriting into the emerging Americana world, where songwriters like Nanci Griffith, Lyle Lovett and Robert Earl Keen sound close to his example.
A2421	Jimmie Dale Gilmore	Fair & Square	1988	V24	V13	Essential		An essential later record from the Lubbock triangle, turning Butch Hancock's songwriting into classic honky-tonk vocal performance.
A2422	Blaze Foley	Live at the Austin Outhouse	1989	V24		Essential		Documents the Austin outlaw-folk fringe around Townes Van Zandt that Foley belonged to; 'If I Could Only Fly' was recorded by Merle Haggard and 'Clay Pigeons' by John Prine, carrying his songwriting far past the small club it was taped in.
A2423	Jimmie Dale Gilmore	Jimmie Dale Gilmore	1989	V24		Recommended		Deepens the honky-tonk-by-way-of-Lubbock sound Gilmore established on Fair & Square, bridging the Flatlanders' 1972 sessions and his eventual mainstream Nashville-adjacent career.
A2424	Robert Earl Keen	West Textures	1989	V24	V13	Essential		Keen's storytelling sounds grown directly out of Guy Clark and Townes Van Zandt's example, and 'The Road Goes On Forever' became a widely covered anthem for the Texas/Red Dirt country scene of the 1990s and 2000s.
A2425	The Flatlanders	More a Legend Than a Band	1990	V24		Essential		The founding document of the Lubbock songwriter triangle, sending Gilmore, Ely and Hancock off on separate solo careers that fed back into the same scene; later alt-country writers' fascination with lost, authentic records sounds shaped by its legend.
A2426	Guy Clark	Dublin Blues	1995	V24	V13	Essential		Shows the Old No. 1 songwriting style fully matured, and sits comfortably beside the 1990s Americana records of Rodney Crowell and Steve Earle, which share its plainspoken approach.
A2427	Guy Clark	Cold Dog Soup	1999	V24	V13	Recommended		Its cover of Steve Earle's Townes Van Zandt tribute ties Clark's 1970s Texas songwriting circle directly to the Americana format that formed around it.
A2428	Blaze Foley	The Dawg Years	2010	V24		Deep cut		An archival release of pre-fame recordings by the same Austin outlaw-folk songwriter documented on Live at the Austin Outhouse, filling out the picture of Foley's writing before Townes Van Zandt and the Outhouse crowd took notice of him.
A2429	Lee Hazlewood	Trouble Is a Lonesome Town	1963	V25		Recommended		Within Hazlewood's own catalog it sets up the narrated, character-driven persona of his later albums, and its narrated-town format sounds like an early model for the storytelling song cycles this lane is built around.
A2430	Fred Neil	Fred Neil	1966	V25		Essential		A cornerstone Greenwich Village folk record; Karen Dalton, who worked the same Village circuit as Neil, and later country-folk storytellers sound indebted to its plain, image-based songwriting and warm baritone delivery.
A2431	Tim Hardin	Tim Hardin 1	1966	V25		Essential		Part of the same Greenwich Village folk circuit as Fred Neil and Karen Dalton; his songs were widely covered by other singers, and later confessional singer-songwriters sound indebted to its plain, direct writing.
A2432	Bobbie Gentry	Ode to Billie Joe	1967	V25		Essential		Set a template for Southern gothic narrative songwriting that later Delta-set storytellers, including Prine's Kentucky material and the modern Southern storytelling rock lane, draw on.
A2433	Tim Hardin	Tim Hardin 2	1967	V25		Essential		Consolidates the confessional folk style of Hardin's debut, and through 'If I Were a Carpenter' became one of the most widely covered songs to come out of the Greenwich Village scene, feeding directly into mainstream pop and country repertoires.
A2434	Bobbie Gentry	The Delta Sweete	1968	V25		Essential		Deepens the Southern gothic storytelling Gentry began on Ode to Billie Joe, and its song-cycle structure sounds like a forerunner of later Delta-set narrative records in the Southern storytelling rock lane.
A2435	Fred Neil	Sessions	1968	V25		Deep cut		Extends the plainspoken, unhurried songwriting of Neil's self-titled album into looser studio-jam territory, closing out his brief major-label recording career before he withdrew from the music industry.
A2436	Jim Ford	Harlan County	1969	V25		Recommended		Ford's country-soul songwriting fed directly into other artists' hits, including Aretha Franklin's 'Niki Hoeky' and Bobby Womack's catalog, even as his own recording career stalled, and Harlan County has since been reclaimed by reissue labels as a missing link between Southern storytelling and Muscle Shoals-style country soul.
A2437	Karen Dalton	It's So Hard to Tell Who's Going to Love You the Best	1969	V25		Essential		Emerged from the same early-1960s Greenwich Village folk scene as Dylan, Fred Neil, and Tim Hardin, several of whose songs she interprets here, and her phrasing has been cited as a direct influence on singers from Nick Cave to later indie-folk vocalists.
A2438	Mickey Newbury	Looks Like Rain	1969	V25		Recommended		Newbury's Nashville circle overlapped directly with Kris Kristofferson and Waylon Jennings, and the outlaw songwriters who followed sound indebted to his hushed, mood-driven song construction.
A2439	Shel Silverstein	Boy Named Sue (And His Other Country Songs)	1969	V25		Recommended		Silverstein's Nashville songwriting connections to Johnny Cash and Bobby Bare tie him directly into the outlaw and mainstream country worlds this lane borders, and his comic, plainspoken storytelling is a direct precursor to the funny-sad tradition Prine and Goodman built up at the same time.
A2440	Tom T. Hall	Ballad of Forty Dollars and His Other Great Songs	1969	V25		Recommended		Set the template of narrative country singles that Hall expanded into full concept albums over the next several years, running parallel to (and sounding close to) Prine's own early songwriting.
A2441	Tom T. Hall	Homecoming	1969	V25		Recommended		Establishes the small-town, first-person narrative style Hall carried through In Search of a Song and The Storyteller, and resembles the plainspoken songwriting Prine was developing in Chicago around the same time.
A2442	Bobbie Gentry	Fancy	1970	V25		Essential		Extends the hard-luck Southern narrative songwriting of Gentry's earlier records, and Reba McEntire's 1990 cover of the title song carried it into mainstream country; later Southern storytelling songwriters sound indebted to its unsentimental voice.
A2443	Jesse Winchester	Jesse Winchester	1970	V25		Essential		Produced by Robbie Robertson and steeped in the same rootsy, plainspoken songwriting the Band was developing at the same time, directly linking Winchester's exile narratives to the Dylan and the Band lineage (V22) this whole zone traces back to.
A2444	Lee Hazlewood	Cowboy in Sweden	1970	V25		Essential		Extends the narrated concept-album approach of Trouble Is a Lonesome Town into lush orchestration; its later Light in the Attic reissue brought it to a new indie audience, and cosmic-country revivalists sound indebted to its blend of cowboy persona and orchestral pop.
A2445	Loudon Wainwright III	Loudon Wainwright III	1970	V25		Recommended		Came out of the late-1960s New York and Boston folk-club circuit; its funny-sad, talk-sung confessionals run parallel to John Prine's early records and sound like a template for later deadpan, self-mocking songwriters.
A2446	Bobbie Gentry	Patchwork	1971	V25		Recommended		Caps Gentry's run of Capitol records; its self-produced, orchestrated storytelling sounds like an early model for later singer-songwriters who shape their own records.
A2447	John Prine	John Prine	1971	V25		Essential	Y	Emerged from the early-1970s Chicago folk-club scene alongside Steve Goodman, who helped bring Prine to Kris Kristofferson's attention; the deadpan funny-sad line through Bill Callahan and David Berman to MJ Lenderman sounds indebted to it.
A2448	Karen Dalton	In My Own Time	1971	V25		Essential		Recorded in the Woodstock orbit; its reissue-era rediscovery made Dalton a reference point, and later indie folk singers sound indebted to her unguarded, behind-the-beat phrasing.
A2449	Lee Hazlewood	Requiem for an Almost Lady	1971	V25		Recommended		Continues the song-cycle storytelling of Hazlewood's earlier concept records, tightened into a single breakup arc; later breakup-concept records in country and indie songwriting sound indebted to its spoken, confessional framing.
A2450	Loudon Wainwright III	Album II	1971	V25		Recommended		Continues directly from Wainwright's debut; its diaristic, self-mocking storytelling sits alongside Prine's outward-looking character studies as a parallel strand of early-1970s funny-sad songwriting that later deadpan writers sound indebted to.
A2451	Mickey Newbury	'Frisco Mabel Joy	1971	V25		Essential		Written within the early-1970s Nashville songwriter circle around Kris Kristofferson and Townes Van Zandt, both of whom Newbury knew and encouraged; its slow, orchestrated mood pieces sound like an ancestor of later hushed, atmospheric country songwriting.
A2452	Steve Goodman	Steve Goodman	1971	V25		Essential		Goodman championed John Prine on the Chicago folk-club circuit and helped bring him to Kris Kristofferson's attention, making the two songwriters' debuts the twin foundation of this lane's Chicago wing.
A2453	Tom T. Hall	In Search of a Song	1971	V25		Essential	Y	Draws directly on Kentucky small-town material and shares a plainspoken narrative style with Prine, Goodman and later Southern storytelling songwriters.
A2454	Eric Andersen	Blue River	1972	V25		Essential		Moves Andersen's songwriting away from the topical Greenwich Village folk of his Vanguard years toward plainer, more personal storytelling that sounds close to Mickey Newbury and Jesse Winchester in the same period.
A2455	Jesse Winchester	Third Down, 110 to Go	1972	V25		Recommended		Follows directly from Winchester's debut, keeping the exile-songwriter perspective that ties him to the same Band-adjacent roots-rock lineage running through this lane.
A2456	John Prine	Diamonds in the Rough	1972	V25		Recommended		Follows directly from John Prine (1971) and pulls its stripped-down string-band sound from the Carter Family and pre-bluegrass roots music that the Roots lane (R1) supplies to the whole atlas.
A2457	Lee Hazlewood	13	1972	V25		Deep cut		Stretches the storytelling persona of Cowboy in Sweden and his earlier concept albums into funk- and soul-derived production, keeping the voice while dropping most country instrumentation.
A2458	Loudon Wainwright III	Album III	1972	V25		Recommended		Its full-band arrangements pulled Wainwright's plainspoken storytelling toward a more commercial folk-rock sound, setting it apart from the sparer Chicago-scene records of Prine and Goodman.
A2459	Shel Silverstein	Freakin' at the Freakers Ball	1972	V25		Recommended		Silverstein's work as a Nashville songwriter, including 'A Boy Named Sue' for Johnny Cash and many songs for Dr. Hook & the Medicine Show, made him a direct bridge between comic verse and country songcraft; later deadpan songwriters in the Prine line sound indebted to that mix.
A2460	Steve Goodman	Somebody Else's Troubles	1972	V25		Recommended		Grew from the same Chicago folk scene as Goodman's debut, where he and John Prine shared stages and traded songs through the early 1970s.
A2461	Tom T. Hall	The Storyteller	1972	V25		Essential		Named for the nickname Hall already carried, it sums up the plain, first-person narrative approach that makes him a direct peer of Prine within this lane.
A2462	Tom T. Hall	We All Got Together and...	1972	V25		Recommended		Extends the narrative-song format of Ballad of Forty Dollars and In Search of a Song into topical and political territory, a move later storytelling songwriters in the Southern storytelling rock lane (V3) resemble.
A2463	John Prine	Sweet Revenge	1973	V25		Essential		Continues the storytelling style of the first two Atlantic albums while pulling Prine's sound closer to the honky-tonk and outlaw country of the neighboring V23 and V26 lanes.
A2464	Loudon Wainwright III	Attempted Mustache	1973	V25		Essential		Johnny Cash's 1994 cover of 'The Man Who Couldn't Cry' carried one of its songs into mainstream country storytelling, much as Prine's songs travelled through other singers.
A2465	Mickey Newbury	Heaven Help the Child	1973	V25		Recommended		Completes Newbury's early-1970s run of mood-piece albums that made him a songwriters' songwriter in Nashville; its slow, bleak arrangements sound like a forerunner of later hushed country and slowcore-leaning songwriting.
A2466	Tom T. Hall	Songs of Fox Hollow (For Children of All Ages)	1974	V25		Deep cut		An outgrowth of the same plain, story-first songwriting Hall used on his adult albums, showing the storyteller approach carrying over into any subject matter.
A2467	John Prine	Common Sense	1975	V25		Recommended		Marks Prine's furthest reach toward rock production before he moved to Asylum and pulled back toward the sparer sound of Bruised Orange.
A2468	Steve Goodman	Jessie's Jig & Other Favorites	1975	V25		Recommended		Continues the collaborative songwriting of Goodman's earlier records, here extended to a co-write with Jimmy Buffett.
A2469	Jesse Winchester	Nothing but a Breeze	1977	V25		Recommended		Marks Winchester's return to U.S. stages after his years in Montreal, closing the arc that began with his Robbie Robertson-produced debut.
A2470	John Prine	Bruised Orange	1978	V25	C2	Essential		Produced by fellow Chicago songwriter Steve Goodman, tying the two together as this lane's central Chicago-scene pairing; the deadpan funny-sad line that runs to David Berman and MJ Lenderman sounds indebted to its balance of humor and grief.
A2471	John Prine	Storm Windows	1980	V25		Recommended		Closes the run of 1970s Atlantic and Asylum albums that established Prine's plainspoken template before his 1980s hiatus and 1984 return on his own Oh Boy label.
A2472	John Prine	Aimless Love	1984	V25		Recommended		Begins the Oh Boy era of Prine's career, a self-released model that later songwriters in the Drag City deadpan school (V2) and the modern barroom-storyteller lane (C2) resemble.
A2473	John Prine	The Missing Years	1991	V25		Essential		Reconnects 1990s roots-rock production with Prine's founding storytelling style, and sounds like the album that brought him back into view for younger roots songwriters.
A2474	John Prine	In Spite of Ourselves	1999	V25		Recommended		Pulls the lane's storytelling style back toward its honky-tonk roots in V26, and 2010s husband-and-wife Americana duet acts sound indebted to its DeMent duets.
A2475	John Prine	Fair & Square	2005	V25		Essential		Represents the mature, unhurried version of the plainspoken storytelling Prine established in 1971, which later deadpan writers like MJ Lenderman sound indebted to.
A2476	John Prine	The Tree of Forgiveness	2018	V25	C2	Essential		Closes Prine's catalog on the same plainspoken storytelling that opened it, and its Dave Cobb production connects it to the 2010s Americana revival that includes many artists in the C2 and C5 lanes.
A2477	Johnny Cash	Ride This Train	1960	V26		Deep cut		An early example of the storytelling concept-album instinct Cash returned to on Bitter Tears; later folk-leaning country songwriters sound indebted to its narrated history.
A2478	Buck Owens	Buck Owens Sings Harlan Howard	1961	V26		Deep cut		An early-career record that shows Owens still working through Nashville songwriters' material just before he and Don Rich developed the treble-forward Bakersfield guitar sound that Merle Haggard and others then built on.
A2479	Faron Young	Hello Walls	1961	V26		Recommended		A commercial baseline of early-1960s Nashville honky-tonk, notable for launching Willie Nelson's songwriting career years before Nelson's own outlaw-country records redefined the genre.
A2480	Kitty Wells	Heartbreak U.S.A.	1961	V26		Essential		Wells's answer song 'It Wasn't God Who Made Honky Tonk Angels' opened the door for women answering back in honky-tonk; Loretta Lynn started out modeling herself on Wells, and Jean Shepard and Tammy Wynette sound indebted to her plain delivery.
A2481	Ernest Tubb	Just Call Me Lonesome	1963	V26		Deep cut		Tubb's Texas Troubadours sound predates Bakersfield, and the guitar-forward honky-tonk of Buck Owens and the plainspoken vocals of Merle Haggard and George Jones sound indebted to it.
A2482	George Jones and Melba Montgomery	What's in Our Hearts	1963	V26		Deep cut		An early example of the George Jones duet format that later defined his Epic-era partnership with Tammy Wynette, made while Jones was still on United Artists before his Musicor and Epic periods.
A2483	Ray Price	Night Life	1963	V26		Essential		A transitional record between 1950s honky-tonk shuffle and the countrypolitan sound Price would help popularize later in the decade, and a documented early showcase for Willie Nelson's songwriting before his outlaw years.
A2484	Buck Owens and His Buckaroos	Together Again	1964	V26		Essential		The high point of Owens and Don Rich's mid-1960s Buckaroos sound; Dwight Yoakam later brought Owens back for a 1988 duet, and Gram Parsons-era country rock, cowpunk and alt-country bands sound indebted to its twangy, uptempo drive.
A2485	Johnny Cash	Bitter Tears: Ballads of the American Indian	1964	V26		Essential		Extends the storytelling-concept-album approach of Ride This Train into explicit protest songwriting, a strand later picked up by outlaw-era and Americana songwriters addressing similar material.
A2486	Buck Owens and His Buckaroos	I've Got a Tiger by the Tail	1965	V26		Essential		Extends the Together Again-era Buckaroos sound at faster tempos; cowpunk bands like X and the Blasters sound indebted to its guitar-forward energy two decades later.
A2487	Connie Smith	Connie Smith	1965	V26		Recommended		Established Smith as one of the defining honky-tonk voices of the mid-1960s; Dolly Parton has named her among the very few true singers, and later traditionalist women sound indebted to her phrasing.
A2488	Johnny Cash	Orange Blossom Special	1965	V26		Essential		Documents Cash's mid-1960s absorption of Bob Dylan's songwriting just before their own creative relationship deepened, tying this lane directly to V22 (Dylan and The Band).
A2489	Merle Haggard and the Strangers	Strangers	1965	V26		Essential		Haggard played bass in Wynn Stewart's band before going solo, and this record extends the Bakersfield honky-tonk sound Stewart and Buck Owens had popularized, opening the run of Haggard albums that became the hard-country reference point.
A2490	Buck Owens and His Buckaroos	Carnegie Hall Concert	1966	V26		Essential		A victory-lap document of the Buckaroos' mid-1960s prime; later roots-rock and alt-country live records sound indebted to its bright, fast stage sound.
A2491	Buck Owens and His Buckaroos	Open Up Your Heart	1966	V26		Deep cut		One of several mid-1960s Buckaroos albums that kept the Bakersfield sound in heavy rotation on country radio while Merle Haggard's parallel Capitol catalog pushed it in a harder, more narrative direction.
A2492	Hank Thompson and His Brazos Valley Boys	A Six Pack to Go	1966	V26		Recommended		Thompson's Texas Western-swing-inflected honky-tonk runs alongside the Bakersfield and Nashville strands of this lane, connecting hard country back to the pre-1965 Western swing tradition covered in Roots.
A2493	Jean Shepard	Many Happy Hangovers to You	1966	V26		Deep cut		An early model for women singing hard, unsoftened honky-tonk; Loretta Lynn's blunt drinking-and-heartbreak songwriting sounds indebted to it.
A2494	Merle Haggard and the Strangers	Swinging Doors and the Bottle Let Me Down	1966	V26		Essential		Follows directly from Strangers and cements the Haggard/Strangers honky-tonk sound; later alt-country bands' lean barroom arrangements sound indebted to it.
A2495	Red Simpson	Roll, Truck, Roll	1966	V26		Deep cut		A Bakersfield-scene songwriter who carved out the trucker-song niche within hard country; the 1970s trucking novelties and outlaw road songs sound indebted to it.
A2496	Dolly Parton	Hello, I'm Dolly	1967	V26		Recommended		Parton's Monument-era debut, made before Porter Wagoner brought her to RCA and before the self-written, more fully country records like Coat of Many Colors.
A2497	Loretta Lynn	Don't Come Home A-Drinkin' (With Lovin' on Your Mind)	1967	V26		Essential		Establishes Lynn's blunt, first-person honky-tonk songwriting voice that runs through Fist City and Coal Miner's Daughter; the alt-country women of the 1990s and after sound indebted to it.
A2498	Merle Haggard and the Strangers	Branded Man	1967	V26		Essential		Continues the ex-convict narrative voice from I'm a Lonesome Fugitive; later outlaw-country writers like Waylon Jennings and David Allan Coe sound indebted to the template it hardens.
A2499	Merle Haggard and the Strangers	I'm a Lonesome Fugitive	1967	V26		Recommended		Deepens the ex-con storytelling voice introduced on Strangers and points toward the more explicitly autobiographical Sing Me Back Home and Mama Tried the following year.
A2500	Porter Wagoner	The Cold Hard Facts of Life	1967	V26		Essential		Part of Wagoner's long-running story-song tradition; later Southern-gothic narrative songwriting across country and Americana sounds indebted to it.
A2501	Tammy Wynette	Your Good Girl's Gonna Go Bad	1967	V26		Recommended		The start of the Wynette/Sherrill partnership that produced D-I-V-O-R-C-E and Stand by Your Man, and a founding document of the string-laden countrypolitan sound alongside George Jones's contemporaneous Epic records.
A2502	Wynn Stewart	It's Such a Pretty World Today	1967	V26		Essential		Haggard played bass in Stewart's band early in his career; Buck Owens's bright Bakersfield shuffles sound close kin to Stewart's late-1950s and 1960s sides.
A2503	George Jones	George Jones Sings the Songs of Dallas Frazier	1968	V26		Deep cut		Represents Jones's late-1960s Musicor period, the rawer honky-tonk sound that preceded his more polished Epic-era records with producer Billy Sherrill.
A2504	Jerry Lee Lewis	Another Place, Another Time	1968	V26		Recommended		Lewis's Sun-era rock and roll roots (shared with Johnny Cash and Carl Perkins) get redirected into honky-tonk country here, connecting this lane back to the pre-1965 Sun rockabilly scene covered in Roots.
A2505	Johnny Cash	At Folsom Prison	1968	V26		Essential		The record that reestablished Cash as a major artist and set the template for the prison and outsider empathy that ran through the rest of his catalog, directly followed by At San Quentin the next year.
A2506	Loretta Lynn	Fist City	1968	V26		Essential		Continues the frank, combative persona introduced on Don't Come Home A-Drinkin' and points toward the more explicitly autobiographical Coal Miner's Daughter a few years later.
A2507	Merle Haggard and the Strangers	Mama Tried	1968	V26		Essential	Y	The culmination of Haggard's 1967-68 run of ex-convict songs; the Grateful Dead covered the title track, and 1990s alt-country bands sound indebted to its lean shuffle.
A2508	Merle Haggard and the Strangers	Sing Me Back Home	1968	V26		Recommended		Sits between Branded Man and Mama Tried in Haggard's run of ex-convict narratives; later story-songwriters from the outlaw scene through Steve Earle sound indebted to its restraint.
A2509	Tammy Wynette	D-I-V-O-R-C-E	1968	V26		Essential		A commercial and artistic peak of the Wynette/Sherrill countrypolitan sound, released the same year as George Jones's Musicor work and a direct precursor to Stand by Your Man the following year.
A2510	Johnny Cash	At San Quentin	1969	V26		Essential		The direct sequel to At Folsom Prison, cementing Cash's outsider-empathy persona and giving him his biggest crossover pop hit via Shel Silverstein's songwriting.
A2511	Merle Haggard and the Strangers	Okie from Muskogee	1969	V26		Essential		Grows out of Pride in What I Am's working-class themes and turns Haggard into the era's most visible country voice on the other side of the culture wars from Woodstock-adjacent rock.
A2512	Merle Haggard and the Strangers	Pride in What I Am	1969	V26		Deep cut		Bridges the ex-convict narratives of Branded Man and Sing Me Back Home with the working-class populism of Okie from Muskogee and the records that followed it.
A2513	Merle Haggard and the Strangers	Same Train, a Different Time	1969	V26		Recommended		Explicitly connects Haggard's Bakersfield sound back to Jimmie Rodgers and the pre-1965 country roots this lane's parent lane (Roots) covers.
A2514	Tammy Wynette	Stand by Your Man	1969	V26		Essential		The commercial peak of the Wynette/Sherrill partnership and one of the most-covered and most-discussed songs to come out of the countrypolitan wing of this lane.
A2515	Conway Twitty	Hello Darlin'	1970	V26		Essential		Marks Twitty's move from Elvis-indebted rock and roll into mainstream Nashville country, sounding close to the Jones and Wynette countrypolitan records of the same years.
A2516	Johnny Cash	Hello, I'm Johnny Cash	1970	V26		Recommended		Made at the height of Cash's late-1960s comeback, when his ABC television show was also giving a platform to younger Nashville songwriters like Kris Kristofferson.
A2517	Porter Wagoner	Skid Row Joe	1970	V26		Deep cut		Continues the bleak, narrative-driven story-song tradition of The Cold Hard Facts of Life, part of Wagoner's pre-Dolly-Parton solo catalog of hard-luck character studies.
A2518	Tammy Wynette	Tammy's Touch	1970	V26		Deep cut		One of several Wynette/Sherrill Epic albums released in rapid succession around 1969-70 that kept the countrypolitan ballad formula in constant rotation on country radio.
A2519	Dolly Parton	Coat of Many Colors	1971	V26		Essential		The record where Parton's own songwriting, rather than assigned Nashville material, became the center of her albums, directly setting up My Tennessee Mountain Home and Jolene.
A2520	Loretta Lynn	Coal Miner's Daughter	1971	V26		Essential		The definitive Loretta Lynn autobiographical statement; Jack White, a longtime admirer, later produced her 2004 comeback Van Lear Rose, and Southern storytelling songwriters sound indebted to its plain autobiography.
A2521	Merle Haggard and the Strangers	Hag	1971	V26		Deep cut		Part of Haggard's early-1970s turn toward more varied, album-oriented work between the topical hits of Okie from Muskogee and the song-based records that followed.
A2522	Merle Haggard and the Strangers	Someday We'll Look Back	1971	V26		Deep cut		Represents the more reflective, adult-leaning side of Haggard's early-1970s catalog; the songwriterly wing of outlaw country sounds indebted to this strand.
A2523	Merle Haggard and the Strangers	Let Me Tell You About a Song	1972	V26		Deep cut		An unusually explicit statement of the storytelling ethic that runs through the whole Bakersfield and hard-country lane; later spoken-intro and songwriter-focused records in country and Americana sound indebted to it.
A2524	Charlie Rich	Behind Closed Doors	1973	V26		Essential		A piano- and soul-inflected variant of the Sherrill countrypolitan sound that dominates the Epic side of this lane, made by a Sun Records alumnus.
A2525	Dolly Parton	My Tennessee Mountain Home	1973	V26		Recommended		Extends the autobiographical, self-written songwriting Parton established on Coat of Many Colors, part of her early-1970s run of albums about her Tennessee upbringing.
A2526	George Jones and Tammy Wynette	We're Gonna Hold On	1973	V26		Recommended		Part of the long-running Jones/Wynette duet catalog produced by Billy Sherrill, a commercial and emotional high point of 1970s countrypolitan dueting.
A2527	Johnny Bush	Whiskey River / There Stands the Glass	1973	V26		Recommended		Bush's Texas dancehall honky-tonk, developed alongside his former bandleader Willie Nelson, directly supplied the outlaw-country movement's signature entrance music via the title song.
A2528	Dolly Parton	Jolene	1974	V26		Essential		Parton's songwriting peak of the mid-1970s, directly following Coat of Many Colors and My Tennessee Mountain Home, and among the most covered country songwriting of the era.
A2529	Freddy Fender	Before the Next Teardrop Falls	1974	V26		Recommended		Brings the Texas Tejano and swamp-pop scenes directly into the Nashville country mainstream, a border-crossing strand of hard country distinct from both Bakersfield and Nashville proper.
A2530	George Jones	The Grand Tour	1974	V26		Essential		A high point of the Jones/Sherrill Epic partnership that also produced Tammy Wynette's biggest records, and a clear influence on the vocal-forward ballad tradition later country singers kept returning to.
A2531	Merle Haggard and the Strangers	If We Make It Through December	1974	V26		Essential		Continues the working-class storytelling of Pride in What I Am and Okie from Muskogee; later Southern storytellers like the Drive-By Truckers sound indebted to its unsentimental view of hard times.
A2532	Moe Bandy	I Just Started Hatin' Cheatin' Songs Today	1974	V26		Recommended		Part of a mid-1970s traditionalist honky-tonk strain alongside Gene Watson and Vern Gosdin; the neo-traditionalist and new-outlaw scenes covered in V7 and V19 sound indebted to it.
A2533	Dolly Parton	The Bargain Store	1975	V26		Recommended		Part of Parton's mid-1970s run of self-written RCA albums between Jolene and her later pop crossover, still working in the classic-country mode this lane covers.
A2534	Gary Stewart	Out of Hand	1975	V26		Essential	Y	Draws on the Bakersfield and honky-tonk tradition of Haggard and Owens but pushes the vocal delivery toward something rawer and more rock-inflected; later alt-country and loud-twang bands sound indebted to it.
A2535	Gary Stewart	You're Not the Woman You Used to Be	1975	V26		Deep cut		Stewart's pre-RCA debut, showing his signature vocal style already intact before Out of Hand made it famous.
A2536	Gene Watson	Love in the Hot Afternoon	1975	V26		Recommended		A Texas honky-tonk-club breakthrough that reached national distribution on Capitol; it sounds of a piece with the mid-1970s traditionalist current of Moe Bandy and Vern Gosdin pushing back against countrypolitan production.
A2537	Moe Bandy	Bandy the Rodeo Clown	1975	V26		Deep cut		Continues Bandy's traditionalist honky-tonk stance from his debut, drawing directly on his pre-music career as a professional rodeo rider for its central metaphor.
A2538	Gary Stewart	Steppin' Out	1976	V26		Recommended		A direct continuation of the Out of Hand sound, part of Stewart's mid-1970s RCA run that made him a cult favorite among honky-tonk purists even as his chart fortunes cooled.
A2539	George Jones	Alone Again	1976	V26		Deep cut		Continues the Jones/Sherrill countrypolitan ballad style established on The Grand Tour, recorded during the same personal turmoil that shaped his and Wynette's duet records.
A2540	George Jones and Tammy Wynette	Golden Ring	1976	V26		Essential		The bleakest and most narratively pointed entry in the Jones/Wynette duet catalog, made after their real marriage ended, and a touchstone for later divorce-themed country records.
A2541	Gary Stewart	Your Place or Mine	1977	V26		Deep cut		Part of Stewart's mid-1970s RCA streak, maintaining the honky-tonk-rock intensity of Out of Hand as his commercial momentum began to slow.
A2542	Vern Gosdin	Till the End	1977	V26		Recommended		Gosdin's path runs from 1960s California country-rock circles, singing with Chris Hillman in the Hillmen and recording with Gene Clark, into 1970s traditionalist honky-tonk, connecting this lane to the Byrds and Burrito Brothers scene in V21.
A2543	Gary Stewart	Little Junior	1978	V26		Deep cut		The tail end of Stewart's classic RCA period; 2010s and 2020s alt-country and loud-twang bands sound indebted to this catalog's raw, yelping honky-tonk.
A2544	Merle Haggard	Serving 190 Proof	1979	V26		Recommended		A late, harder-bitten entry in Haggard's honky-tonk run; the more confessional, worn-in country songwriting of the 1980s sounds indebted to it.
A2545	George Jones	I Am What I Am	1980	V26		Essential		The peak of the Jones/Sherrill Epic partnership; the neo-traditionalist wave that followed sounds indebted to its proof that classic vocal country could still reach the top in 1980.
A2546	Merle Haggard	Big City	1981	V26		Recommended		A late-career return to the plain, Telecaster-driven Bakersfield sound of Haggard's Capitol years, made just as neo-traditionalists like George Strait were bringing that plainness back into fashion.
A2547	John Anderson	Wild & Blue	1982	V26	V19	Recommended		A bridge from classic Haggard and Jones-style hard country into the 1980s neo-traditionalist and new-outlaw movements this lane feeds (V19, V7); those later records sound indebted to its plain, drawled approach.
A2548	Loretta Lynn	Van Lear Rose	2004	V26	V6	Recommended		A 2004 return to Lynn's plainspoken honky-tonk songwriting, filtered through Jack White's garage-rock production; included here as the culmination of her hard-country storytelling even though its era and sound sit outside this lane's classic 1965-1977 core.
A2549	Grateful Dead	Aoxomoxoa	1969	V27		Recommended		Sits at the hinge between the Dead's early acid-rock period and the Hunter-Garcia songwriting partnership that defined Workingman's Dead and American Beauty; several of its songs stayed in rotation alongside the country-folk catalog for the rest of the band's career.
A2550	Grateful Dead	Live/Dead	1969	V27		Essential		Documents the raga- and blues-based jamming the Dead developed out of the Bay Area psychedelic ballroom scene before Robert Hunter's songwriting and pedal steel pulled the band toward country; the extended-jam template here fed every later version of the band's live sound.
A2551	Grateful Dead	American Beauty	1970	V27		Essential	Y	A direct sequel to Workingman's Dead in sound and method, drawing on the same country-rock vocabulary the Byrds and Gram Parsons had opened up; its songs became lifelong staples for Jerry Garcia's own solo bands and for jam-band and Americana acts that followed.
A2552	Grateful Dead	Workingman's Dead	1970	V27		Essential	Y	Grew out of the Byrds' and Gram Parsons' country-rock turn and the vocal-group discipline of Crosby, Stills & Nash; it set the template for Bob Weir's Ace and for New Riders of the Purple Sage, born from the same Marin scene with Garcia on pedal steel.
A2553	Grateful Dead	Grateful Dead	1971	V27		Essential		Bridges the songwriting of Workingman's Dead and American Beauty with the road-tested jam band the Dead became on Europe '72, and its Merle Haggard cover ties the record directly to the Bakersfield honky-tonk tradition underneath the whole lane.
A2554	New Riders of the Purple Sage	New Riders of the Purple Sage	1971	V27		Essential		Born directly out of the Grateful Dead's Bay Area circle, with Garcia on pedal steel; the New Riders extended the Dead's own country turn into a dedicated band that opened for the Dead on the road.
A2555	Bob Weir	Ace	1972	V27		Essential		A direct extension of the same Hunter/Garcia-adjacent Marin scene, co-written largely with lyricist John Perry Barlow; its songs entered the Grateful Dead's own live repertoire almost immediately, blurring the line between solo album and band album.
A2556	Grateful Dead	Europe '72	1972	V27		Essential		Extends the country-song repertoire of Workingman's Dead and American Beauty into a full electric live show; later jam-band and cosmic-country road bands sound indebted to its loose, song-first touring sound.
A2557	Jerry Garcia	Garcia	1972	V27		Essential		Grew out of the same Hunter-Garcia songwriting partnership behind Workingman's Dead and American Beauty, performed almost as a one-man home-recording experiment; several songs became permanent fixtures of both the Dead's and the Jerry Garcia Band's live shows.
A2558	New Riders of the Purple Sage	Powerglide	1972	V27		Recommended		Follows directly from the band's self-titled debut, with new pedal steel player Buddy Cage taking the group further into straight honky-tonk territory than Garcia's playing had allowed.
A2559	Grateful Dead	Wake of the Flood	1973	V27		Recommended		Moves the Dead's country-folk songwriting toward jazz-leaning textures that sound close to Garcia's parallel work with Merl Saunders, setting up From the Mars Hotel and Blues for Allah.
A2560	New Riders of the Purple Sage	The Adventures of Panama Red	1973	V27		Essential		Represents the New Riders at their commercial height, drawing on Peter Rowan, whose songs also anchored Old & In the Way, from the same Bay Area circle.
A2561	Grateful Dead	From the Mars Hotel	1974	V27		Recommended		Continues the Grateful Dead Records-era blend of concise songwriting and country-rock instrumentation; later jam-band and Americana sets sound indebted to it, with 'Scarlet Begonias' becoming a widely covered staple.
A2562	Robert Hunter	Tales of the Great Rum Runners	1974	V27		Deep cut		Written by the same lyricist behind Workingman's Dead and American Beauty, it is the clearest standalone statement of the plainspoken, rustic-American songwriting Hunter supplied to Garcia, Weir and the New Riders throughout the era.
A2563	Grateful Dead	Blues for Allah	1975	V27		Recommended		Represents the outer edge of the country-psych lane, where the Dead's playing drifts furthest from the folk songwriting of Workingman's Dead toward the jazz and modal improvisation Garcia pursued in parallel with Merl Saunders.
A2564	Old & In the Way	Old & In the Way	1975	V27		Essential		Draws directly on the pre-rock bluegrass tradition of Bill Monroe and the Stanley Brothers, filtered through Garcia's own 1960s jug-band and bluegrass background; it is the direct ancestor of Garcia's later acoustic work with Grisman and the Jerry Garcia Acoustic Band.
A2565	Jerry Garcia	Reflections	1976	V27		Recommended		Continues the Hunter-Garcia solo songwriting line begun on Garcia, feeding directly into the permanent Grateful Dead and Jerry Garcia Band setlists, since Comes a Time became a live standard for both groups.
A2566	Kingfish	Kingfish	1976	V27		Recommended		Formed out of the same Marin County scene as the New Riders, with Torbert moving over on bass and Bob Weir joining as an active member, making it one more branch of the Grateful Dead family tree operating alongside the main band.
A2567	Grateful Dead	Terrapin Station	1977	V27		Recommended		Represents the country-psych lane stretching toward mainstream studio pop, produced by the same Keith Olsen who worked with Fleetwood Mac; it marks the point where the Dead's studio sound gets furthest from the acoustic folk of American Beauty.
A2568	Jerry Garcia Band	Cats Under the Stars	1978	V27		Recommended		The fullest studio statement of the Jerry Garcia Band that grew out of Garcia's 1970s side projects with Merl Saunders and his own earlier solo albums, extending the Hunter-Garcia partnership a step further from the Dead's country-folk core.
A2569	Grateful Dead	Reckoning	1981	V27		Recommended		A direct, self-conscious return to the acoustic country-folk mode of Workingman's Dead and American Beauty, and clear evidence that those two 1970 records remained the band's core songwriting language even after a decade of electric jamming.
A2570	Jerry Garcia Acoustic Band	Almost Acoustic	1988	V27		Recommended		Picks up the acoustic bluegrass thread Garcia opened with Old & In the Way in the mid-1970s, carrying it into the late 1980s with a new lineup and confirming how central that pre-electric repertoire stayed to his identity.
A2571	Jerry Garcia / David Grisman	Jerry Garcia / David Grisman	1991	V27		Recommended		Revives the Garcia-Grisman partnership first heard in Old & In the Way, this time as a studio duo rather than a bluegrass band, and anchored the Dead-adjacent acoustic releases on Grisman's Acoustic Disc label through the 1990s.
A2572	The Allman Brothers Band	The Allman Brothers Band	1969	V28		Essential		Formed in Jacksonville, Florida and relocated to Macon, Georgia under Capricorn Records founder Phil Walden; Lynyrd Skynyrd, the Marshall Tucker Band and the rest of the Capricorn-era Southern rock bands sound indebted to its blues-and-jazz guitar interplay.
A2573	Delaney & Bonnie	Accept No Substitute	1969	V28		Recommended		The album's Muscle Shoals-style songwriting and gospel-soul harmonies drew Eric Clapton, George Harrison, and Duane Allman into Delaney & Bonnie's orbit, making the duo a connective node between British rock and Southern country soul.
A2574	Delaney & Bonnie	Home	1969	V28		Recommended		Cut at Stax in Memphis, Home ties Delaney & Bonnie's duet-and-horns sound directly to the Memphis soul studio scene.
A2575	Tony Joe White	...Continued	1969	V28		Deep cut		A quick follow-up to Black and White that consolidates rather than expands White's swamp-rock sound; his original 'Rainy Night in Georgia' became a country-soul standard covered by Brook Benton and many others.
A2576	Tony Joe White	Black and White	1969	V28		Essential		White's swamp-rock sound, mixing blues, country and Cajun rhythm, sounds like a reference point for the Southern rock and country-soul records cut in Muscle Shoals and Macon later in the decade; Elvis Presley's cover of 'Polk Salad Annie' carried it into the mainstream.
A2577	The Allman Brothers Band	Idlewild South	1970	V28		Recommended		Bridges the loose blues-jam approach of the 1969 debut and the extended live improvisation of At Fillmore East, with 'In Memory of Elizabeth Reed' becoming a signature instrumental the band revisited for the rest of its career.
A2578	Cowboy	Reach for the Sky	1970	V28		Deep cut		Scott Boyer and Tommy Talton later played in Gregg Allman's solo band, tying this gentler country-rock corner of the Capricorn roster directly to the Allman circle.
A2579	The Allman Brothers Band	At Fillmore East	1971	V28		Essential		Lynyrd Skynyrd, the Marshall Tucker Band and the Capricorn Records acts that followed sound indebted to its extended-jam, dual-lead-guitar approach.
A2580	Little Feat	Little Feat	1971	V28		Recommended		Lowell George left Frank Zappa's band to form Little Feat, and 'Willin'' was soon covered by Linda Ronstadt and others, carrying its truck-stop country songwriting into the Los Angeles singer-songwriter scene.
A2581	The Allman Brothers Band	Eat a Peach	1972	V28		Essential		Completed the band's shift from Duane Allman's blues-slide leadership to Dickey Betts' more country-flavored songwriting, a change that deepened on the following year's Brothers and Sisters.
A2582	Arthur Alexander	Arthur Alexander	1972	V28		Recommended		His 1961 'You Better Move On' was the first hit cut at Rick Hall's FAME studio, making him a foundational figure for the Muscle Shoals country-soul scene that produced Dan Penn and Eddie Hinton.
A2583	Little Feat	Sailin' Shoes	1972	V28		Recommended		Bridges the straightforward roots-rock of the debut and the funkier, more expansive sound the band reached on Dixie Chicken with a new rhythm section.
A2584	The Allman Brothers Band	Brothers and Sisters	1973	V28	V26	Essential		Betts' country-leaning songwriting on this album pulled the Allmans closer to the honky-tonk and hard-country lineage of the Bakersfield/outlaw world (V26) while keeping the twin-guitar Southern rock core intact.
A2585	Dan Penn	Nobody's Fool	1973	V28		Recommended		Penn co-wrote Muscle Shoals and American Sound Studio soul standards including 'Dark End of the Street' and 'Do Right Woman, Do Right Man' before making this rare album under his own name, tying the Southern rock lane directly to Muscle Shoals country-soul songwriting.
A2586	Gregg Allman	Laid Back	1973	V28		Recommended		Made alongside the Allman Brothers Band's Brothers and Sisters sessions; its turn toward the gospel and R&B side of Southern music sounds close to Wet Willie and Eddie Hinton's records.
A2587	Little Feat	Dixie Chicken	1973	V28		Essential	Y	The expanded lineup and New Orleans-funk turn on this record became the sound most identified with Little Feat, directly shaping the horn-and-groove arrangements of the later live album Waiting for Columbus.
A2588	Lynyrd Skynyrd	(Pronounced 'Lĕh-'nérd 'Skin-'nérd)	1973	V28	V3	Essential	Y	Establishes the Jacksonville three-guitar Southern rock sound that Blackfoot and Molly Hatchet extended, and that Drive-By Truckers took as explicit subject matter on Southern Rock Opera; newer bands like Wednesday sound indebted to that storytelling trunk line.
A2589	The Marshall Tucker Band	The Marshall Tucker Band	1973	V28		Essential		Formed in Spartanburg, South Carolina and signed to Capricorn Records alongside the Allman Brothers Band, the Marshall Tucker Band added jazz and country color to the label's guitar-rock sound.
A2590	ZZ Top	Tres Hombres	1973	V28		Recommended		A Texas variant on the same blues-rock foundation the Allman Brothers and Skynyrd drew on, ZZ Top's tighter, riff-based songwriting is a regional counterpart to the more improvisational Georgia and Florida Southern rock scenes.
A2591	Charlie Daniels Band	Fire on the Mountain	1974	V28		Essential		Daniels's Nashville session career fed directly into a Southern rock band that name-checked the Allman Brothers and Marshall Tucker Band on 'The South's Gonna Do It,' an explicit statement of the genre's shared identity.
A2592	Grinderswitch	Honest to Goodness	1974	V28		Deep cut		Formed by an Allman Brothers Band roadie and signed to Capricorn Records, Grinderswitch shows the twin-guitar Southern rock format being adopted by second-tier bands across the label's roster.
A2593	Little Feat	Feats Don't Fail Me Now	1974	V28		Recommended		Continues the New Orleans-funk direction of Dixie Chicken with a fuller, more democratic songwriting approach across the band's three principal singers.
A2594	Lynyrd Skynyrd	Second Helping	1974	V28		Essential		Follows directly from the debut and directly answers the Neil Young & Crazy Horse lineage (V20) that runs through the rest of this atlas, folding the Southern-versus-Young dialogue into the trunk line's own history.
A2595	The Marshall Tucker Band	Where We All Belong	1974	V28		Recommended		Pairs new studio songs with the band's first official live recordings, documenting how far the Marshall Tucker Band's arrangements had opened up onstage by 1974.
A2596	Wet Willie	Keep On Smilin'	1974	V28		Recommended		Signed to Capricorn Records alongside the Allman Brothers Band and the Marshall Tucker Band, Wet Willie represented the label's horn-and-soul wing of Southern rock rather than its guitar-jam wing.
A2597	Larry Jon Wilson	New Beginnings	1975	V28	V25	Deep cut		Appeared alongside Guy Clark and Townes Van Zandt in Heartworn Highways; his plainspoken storytelling sounds close to the country-folk songwriting of John Prine and Mickey Newbury.
A2598	Lynyrd Skynyrd	Nuthin' Fancy	1975	V28		Recommended		Extends the Jacksonville three-guitar formula the debut established, trading some of Second Helping's polish for rawer, touring-band energy.
A2599	The Marshall Tucker Band	Searchin' for a Rainbow	1975	V28		Essential		The high point of the band's mid-1970s Capricorn run, made with the same lineup that recorded the first three albums and setting up the more polished Carolina Dreams two years later.
A2600	The Outlaws	Outlaws	1975	V28		Recommended		Formed in Tampa and signed to Arista, the Outlaws brought a country-rock vocal-harmony sensibility, closer to Buffalo Springfield and the Byrds, into the same Southern rock circuit as the Capricorn bands.
A2601	Charlie Daniels Band	Saddle Tramp	1976	V28		Deep cut		Follows Fire on the Mountain and Nightrider as Daniels' band consolidated its audience, moving from the Southern rock underground toward the country-chart crossover it achieved fully with 1979's Million Mile Reflections.
A2602	Lynyrd Skynyrd	Gimme Back My Bullets	1976	V28		Deep cut		Marks the brief two-guitar period between Ed King's exit and Steve Gaines's arrival later in 1976.
A2603	Lynyrd Skynyrd	One More from the Road	1976	V28		Recommended		Documents the fully realized three-guitar Skynyrd lineup with Steve Gaines just before Street Survivors, and stands alongside live records by the Allman Brothers and Marshall Tucker Band as the genre's touring-document format.
A2604	Dickey Betts & Great Southern	Dickey Betts & Great Southern	1977	V28		Deep cut		Formed by Dickey Betts during the Allman Brothers Band's mid-1970s breakup, Great Southern kept the twin-guitar Southern rock sound alive under Betts' own name until the Allmans reunited in 1978.
A2605	Lynyrd Skynyrd	Street Survivors	1977	V28	V3	Essential		Closes out the original Lynyrd Skynyrd lineup's catalog; the plane crash that followed its release is the climax of Drive-By Truckers' Southern Rock Opera.
A2606	The Marshall Tucker Band	Carolina Dreams	1977	V28		Essential		Follows Searchin' for a Rainbow and tightens the band's jazz-and-country Southern rock into its most radio-ready form.
A2607	Sea Level	Sea Level	1977	V28		Deep cut		Formed by Allman Brothers Band members Chuck Leavell, Lamar Williams, and Jai Johanny Johanson during the Allmans' 1976 breakup, Sea Level is a direct Capricorn Records offshoot of the flagship band's sound.
A2608	Eddie Hinton	Very Extremely Dangerous	1978	V28		Recommended		Hinton's work as a Muscle Shoals session guitarist fed directly into this rare turn as a featured artist, connecting the Muscle Shoals soul catalog to the rest of this lane.
A2609	Little Feat	Waiting for Columbus	1978	V28		Essential		Captures the fullest live version of the New Orleans-funk-meets-Southern-rock sound the band built from Dixie Chicken onward, and stands as the closing statement of Lowell George's Little Feat.
A2610	Molly Hatchet	Molly Hatchet	1978	V28		Recommended		Formed in Jacksonville in the wake of Skynyrd's success, Molly Hatchet represents the harder, more metal-adjacent direction Southern rock guitar bands took as the genre moved into the arena-rock era of the late 1970s and early 1980s.
A2611	Blackfoot	Strikes	1979	V28		Recommended		Formed by Jacksonville musicians connected to the same scene that produced Lynyrd Skynyrd, Blackfoot pushed the Southern rock template toward a harder, more radio-friendly hard-rock sound by the end of the 1970s.
A2612	Nico	Chelsea Girl	1967	V29		Essential		Written largely by her Velvet Underground and Greenwich Village circle, the album is the folk-pop bridge between the Velvets' orbit and Nico's own turn toward stark, avant-garde songwriting on The Marble Index.
A2613	The Velvet Underground	The Velvet Underground & Nico	1967	V29		Essential		Grew out of Lou Reed's pop-song craft and John Cale's minimalist drone background, packaged by Andy Warhol; it is the direct root of glam, punk, No Wave, and the deadpan indie songwriting later carried by Jonathan Richman, Pavement, and Yo La Tengo.
A2614	Nico	The Marble Index	1968	V29		Essential		John Cale's arrangements carry the Velvet Underground's drone directly into stark solo songwriting; the record sounds like a root of gothic rock and of the slow, glacial end of slowcore.
A2615	The Velvet Underground	White Light/White Heat	1968	V29		Essential		Pushed the drone experiments of the first album to their extreme, setting a template that Sonic Youth, Swans, and other noise-rock and No Wave bands later followed.
A2616	The Stooges	The Stooges	1969	V29		Recommended		John Cale's production is a direct, documented line from the Velvet Underground's drone experiments to Detroit proto-punk, and the album's raw, three-chord amateurism became a foundational text for punk rock itself.
A2617	The Velvet Underground	The Velvet Underground	1969	V29		Essential	Y	Reacted directly against the noise of White Light/White Heat; Jonathan Richman was an avowed Velvets devotee, and slowcore acts like Low and Galaxie 500 and deadpan songwriters like Bill Callahan sound indebted to its quiet, guitar-based intimacy.
A2618	John Cale	Vintage Violence	1970	V29		Essential		Shows the Velvet Underground's classically trained member turning immediately toward pop songcraft, a strand of his work that later jangle and chamber-pop indie bands, drawing equally on drone and melody, sound indebted to.
A2619	Nico	Desertshore	1970	V29		Recommended		Continues the Cale-Nico partnership that turned Velvet Underground drone into stark solo song-form; hushed, harmonium- or organ-based indie and slowcore artists sound indebted to that approach.
A2620	The Velvet Underground	Loaded	1970	V29		Essential		Strips the band's earlier drone and noise down to concise, guitar-driven pop songs; Yo La Tengo and the Feelies, both open Velvets admirers, and power pop from Big Star onward sound indebted to it.
A2621	Lou Reed	Lou Reed	1972	V29		Deep cut		Marks Reed's first attempt to carry Velvet Underground songwriting into a solo career, a template of plainspoken narrative over conventional rock backing he refined across the rest of the decade.
A2622	Lou Reed	Transformer	1972	V29		Essential		Takes the Velvet Underground's deadpan character sketches and dresses them in glam-pop production by Bowie and Ronson; later art-pop and indie songwriters who mine outsider characters for empathy sound indebted to it.
A2623	The Velvet Underground	Live at Max's Kansas City	1972	V29		Recommended		A bootleg-quality document of live-in-the-room recording; later cassette-culture and lo-fi indie acts like Guided by Voices and Daniel Johnston sound indebted to its unpolished aesthetic.
A2624	John Cale	Paris 1919	1973	V29		Essential		Applies a Velvet Underground alumnus's classically trained arrangement skill to accessible pop songwriting, a combination that later chamber-pop and orchestral indie acts sound indebted to.
A2625	Lou Reed	Berlin	1973	V29		Essential		Extends the Velvet Underground's interest in unglamorous, novelistic character studies into full-album form, a model later followed by concept-minded songwriters from the Mountain Goats to Sun Kil Moon.
A2626	Nico	The End...	1974	V29		Recommended		Extends the Cale/Nico drone sound into early electronic textures, a mix of synth and harmonium drone that later post-punk and dream-pop acts sound indebted to.
A2627	The Velvet Underground	1969: The Velvet Underground Live	1974	V29		Recommended		Its long, exploratory live arrangements sound like a forerunner of the extended guitar jamming that Yo La Tengo and Sonic Youth would later build whole albums around.
A2628	Lou Reed	Coney Island Baby	1975	V29		Recommended		Shows the deadpan Velvet Underground storyteller turning inward toward quiet sincerity, a mode that hushed, plainspoken songwriters like Smog and Bill Callahan sound indebted to.
A2629	Lou Reed	Metal Machine Music	1975	V29		Recommended		Carries the Velvet Underground's feedback drone to its logical, songless extreme, and noise and drone musicians have long claimed it as an early precedent for pure guitar noise as music.
A2630	Jonathan Richman and the Modern Lovers	Jonathan Richman and the Modern Lovers	1976	V29		Recommended		Shows Richman consciously stripping the Velvet Underground's noise out of his own sound, a move toward radical simplicity and lo-fi songwriting later mirrored by acts like Daniel Johnston and the Moldy Peaches.
A2631	The Modern Lovers	The Modern Lovers	1976	V29		Essential	Y	Richman was an avowed Velvet Underground devotee and John Cale produced some of these sessions; the Sex Pistols later played 'Roadrunner', making the record a documented bridge from the Velvets to punk.
A2632	Jonathan Richman and the Modern Lovers	Rock 'n' Roll with the Modern Lovers	1977	V29		Recommended		Continues Richman's post-Velvets turn toward radical simplicity, an approach that fed directly into the amateurish, unpolished aesthetic later prized by lo-fi and slacker indie bands.
A2633	Television	Marquee Moon	1977	V29		Recommended		Grew out of the same downtown New York scene the Velvet Underground had helped seed, and its interlocking guitar lines sound like a template for R.E.M., Sonic Youth, and the broader American college-rock guitar vocabulary.
A2634	Lou Reed	Street Hassle	1978	V29		Recommended		Reed's most punk-adjacent solo record, made as the CBGB scene the Velvets had helped inspire was breaking; its blunt, live-sounding production and long-form storytelling sound like a forerunner of art-punk and slowcore alike.
A2635	Jonathan Richman and the Modern Lovers	Back in Your Life	1979	V29		Deep cut		Pushes Richman's post-Velvets embrace of simplicity and amateurism to its furthest point, prefiguring the deliberately childlike, lo-fi sensibility of artists like Daniel Johnston.
A2636	Lou Reed	The Blue Mask	1982	V29		Recommended		Robert Quine, formerly of Richard Hell and the Voidoids, brought the downtown New York punk guitar vocabulary the Velvet Underground had helped seed back into Reed's solo sound.
A2637	The Velvet Underground	VU	1985	V29		Deep cut		A vault release that filled in the melodic, song-oriented side of the Velvets' catalog; several of its songs were later reworked on Lou Reed's solo records.
A2638	The Velvet Underground	Another View	1986	V29		Deep cut		Documents the noisier, unfinished corners of the Velvets' late catalog and shows how directly Lou Reed mined the band's shelved material for his own solo records.
A2639	Lou Reed	New York	1989	V29		Essential		Returns to the plain-spoken, street-level songwriting of the first Velvet Underground album, and its bare productions sound like a template for later songwriters who let lyrics, not arrangement, carry a record.
A2640	Jonathan Richman	I, Jonathan	1992	V29		Recommended		The song 'Velvet Underground' is an explicit tribute to the band Richman idolized, and the record's loose, unpretentious sound sits close to the 1990s lo-fi and slacker acts that treated him as a touchstone.
A2641	Shirley Collins and Davy Graham	Folk Roots, New Routes	1964	V30		Deep cut		A direct root of the British folk-rock and fingerstyle-guitar lineage: Davy Graham's playing here shaped Bert Jansch, John Renbourn and John Martyn, and Collins's song choices fed the repertoire Fairport Convention later electrified.
A2642	Bert Jansch	Bert Jansch	1965	V30	V8	Essential		Grew out of the Soho folk-club scene alongside Davy Graham and led directly to Pentangle; players from Jimmy Page to Neil Young have credited his influence.
A2643	Bert Jansch	Jack Orion	1966	V30		Recommended		Follows Bert Jansch's 1965 debut deeper into traditional ballad material and his partnership with John Renbourn, which led to their duo album and then Pentangle.
A2644	Fairport Convention	What We Did on Our Holidays	1968	V30		Essential		Grew out of the London club and Witchseason-production circuit around Joe Boyd, and set up Unhalfbricking and Liege & Lief, the records that made British trad song a rock instrument.
A2645	Bridget St John	Ask Me No Questions	1969	V30		Deep cut		Part of the same late-1960s London singer-songwriter scene as Nick Drake and John Martyn, distinguished by John Peel's direct patronage through his own Dandelion label.
A2646	Fairport Convention	Liege & Lief	1969	V30		Essential	Y	Directly followed What We Did on Our Holidays and Unhalfbricking, set the template for Steeleye Span and the whole British folk-rock movement, and is cited by later folk-indebted songwriters up through the Big Thief circle.
A2647	Fairport Convention	Unhalfbricking	1969	V30		Essential		Bridges Fairport's early American folk-rock covers and the fully traditional Liege & Lief, and 'Who Knows Where the Time Goes?' became one of Sandy Denny's most covered songs across folk and indie circles.
A2648	Michael Chapman	Rainmaker	1969	V30	V8	Essential		Sounds of a piece with the late-'60s UK folk-guitar wave of Bert Jansch and Nick Drake; later in life Chapman worked with American guitarist Steve Gunn, who produced his 2017 album 50, linking him to the modern American Primitive circle.
A2649	Nick Drake	Five Leaves Left	1969	V30	V5	Essential		Emerged from the same Witchseason/Joe Boyd stable as Fairport Convention and John Martyn; the modern indie-folk lineage running through Iron & Wine to Big Thief sounds deeply indebted to it.
A2650	Pentangle	Basket of Light	1969	V30		Essential		Built from the individual folk-club careers of Bert Jansch and John Renbourn, fusing British folk song with jazz musicianship in a way few contemporaries attempted.
A2651	Fairport Convention	Full House	1970	V30		Recommended		Continues the electric-trad sound Liege & Lief established and shows the jam side of British folk-rock, which later jammier folk-adjacent indie acts sound indebted to.
A2652	Fotheringay	Fotheringay	1970	V30		Recommended		A direct continuation of Denny's Fairport Convention sound with her own band, sitting between Unhalfbricking-era Fairport and her solo albums.
A2653	Michael Chapman	Fully Qualified Survivor	1970	V30		Recommended		Shares bassist Rick Kemp with Steeleye Span and sits in the Harvest-era British folk scene; the modern American fingerstyle circle, which Chapman later recorded with via Steve Gunn, sounds indebted to his open-tuned playing.
A2654	Vashti Bunyan	Just Another Diamond Day	1970	V30	C5	Essential		Produced by the same Joe Boyd/Witchseason circle as Nick Drake and Fairport Convention, and its rediscovery shaped 2000s freak-folk: Devendra Banhart championed and worked with Bunyan, and later pastoral indie folk sounds indebted to it.
A2655	Anne Briggs	The Time Has Come	1971	V30		Deep cut		Briggs's traditional singing directly shaped Bert Jansch, who learned songs like 'Blackwaterside' from her; this, her most song-based album, sits at the acoustic, least electric edge of the British folk-rock lane.
A2656	John Martyn	Bless the Weather	1971	V30		Recommended		Follows Martyn's earlier folk-club albums and points toward Solid Air, carrying the same Danny Thompson/Pentangle-adjacent musicians who linked the London folk and jazz scenes.
A2657	Nick Drake	Bryter Layter	1971	V30	V5	Essential		The most arranged and outward-looking of Drake's three albums, sitting between the string-laden Five Leaves Left and the stripped-down Pink Moon, and drawing on the same Island/Witchseason session players as Fairport Convention and John Martyn.
A2658	Sandy Denny	The North Star Grassman and the Ravens	1971	V30		Essential		Follows directly from Fotheringay's breakup and keeps Denny's songwriting in the same Fairport-adjacent folk-rock lineage that later solo albums Sandy and Like an Old Fashioned Waltz continued.
A2659	Steeleye Span	Please to See the King	1971	V30		Recommended		Formed by ex-Fairport Convention bassist Ashley Hutchings as a harder-line continuation of the Liege & Lief experiment, pushing British trad song even further from rock band conventions.
A2660	Nick Drake	Pink Moon	1972	V30	V5	Essential	Y	The final, most minimal Nick Drake album; hushed acoustic indie folk from Elliott Smith through Adrianne Lenker and Big Thief sounds deeply indebted to it.
A2661	Richard Thompson	Henry the Human Fly	1972	V30		Recommended		Thompson's first post-Fairport statement, setting up the guitar style and dry, story-driven songwriting he carried into the Richard and Linda Thompson albums.
A2662	Sandy Denny	Sandy	1972	V30		Essential		Continues the Fairport-and-Fotheringay folk-rock sound in a more orchestrated, singer-songwriter direction that influenced later British female singer-songwriters.
A2663	John Martyn	Solid Air	1973	V30		Essential		Martyn's peak Island-era record, tied directly to Nick Drake through its title track and continuing the jazz-folk direction begun on Bless the Weather.
A2664	Bert Jansch	L.A. Turnaround	1974	V30		Deep cut		Follows Bert Jansch's solo run and Pentangle years, crossing British fingerstyle folk with the Los Angeles country-rock world via producer Michael Nesmith.
A2665	Richard and Linda Thompson	I Want to See the Bright Lights Tonight	1974	V30		Essential		Follows Richard Thompson's exit from Fairport Convention and his solo debut, and starts the Richard and Linda Thompson partnership that runs through Shoot Out the Lights.
A2666	Sandy Denny	Like an Old Fashioned Waltz	1974	V30		Deep cut		The least folk-rock of Denny's solo run, pulled toward orchestral pop, though it still follows directly from Sandy and The North Star Grassman and the Ravens.
A2667	Richard and Linda Thompson	Hokey Pokey	1975	V30		Recommended		Continues the Richard and Linda Thompson partnership begun on I Want to See the Bright Lights Tonight, folding music-hall humor into the same folk-rock band.
A2668	Richard and Linda Thompson	Pour Down Like Silver	1975	V30		Recommended		The most explicitly devotional record in the Richard and Linda Thompson catalog, following Hokey Pokey and preceding a break before their late-1970s and early-1980s albums.
A2669	Richard and Linda Thompson	Shoot Out the Lights	1982	V30		Essential		The later landmark of the Richard and Linda Thompson catalog, closing the folk-rock partnership that began with I Want to See the Bright Lights Tonight and pointing toward Richard Thompson's long solo career.
A2670	Woody Guthrie	Dust Bowl Ballads	1940	R1		Essential		The template for the topical, talking-blues singer-songwriter tradition that runs through Pete Seeger and Bob Dylan, who modeled his early persona on Guthrie. The folk-songwriting trunk line reaching Townes Van Zandt and, eventually, Big Thief sounds indebted to it.
A2671	Jean Ritchie	Singing the Traditional Songs of Her Kentucky Mountain Family	1952	R1		Recommended		Her repertoire and dulcimer playing fed directly into the 1960s folk revival - Bob Dylan and Fairport Convention both drew on 'Nottamun Town' - and helped establish the dulcimer as a folk-revival instrument that indie folk artists still reach for.
A2672	Various Artists	Anthology of American Folk Music	1952	R1		Essential	Y	The single most important source text for the folk revival: it directly shaped Bob Dylan and the New Lost City Ramblers, and its rediscovered artists fed the American Primitive guitar line. Gillian Welch and the 2010s indie-folk revival sound indebted to its songbook further downstream.
A2673	Kitty Wells	Kitty Wells' Country Hit Parade	1956	R1		Essential		Cleared the commercial path for Patsy Cline, Loretta Lynn, Tammy Wynette and Dolly Parton to sing frankly about women's experience in country music; alt-country and Americana women songwriters sound indebted to that plainspoken woman's-eye view.
A2674	The Louvin Brothers	Tragic Songs of Life	1956	R1		Essential		The close-harmony duo singing here was a model for the Everly Brothers, and Gram Parsons and Emmylou Harris covered Louvin songs. Its stock of tragic-ballad narratives sounds like an ancestor of the Southern gothic storytelling that runs down through Southern rock into Drive-By Truckers.
A2675	Odetta	Odetta Sings Ballads and Blues	1956	R1		Essential		A direct and often-cited influence on Bob Dylan, Joan Baez and Janis Joplin, and a key figure in bringing spirituals and blues into the folk-revival concert repertoire that the whole folk-songwriting trunk line draws on.
A2676	Flatt & Scruggs	Foggy Mountain Jamboree	1957	R1		Essential		Scruggs' banjo style became the default vocabulary for bluegrass banjo playing and fed into newgrass; indie and alt-country bands that add banjo to their sound still echo his clean, fast picking.
A2677	Johnny Cash	Johnny Cash with His Hot and Blue Guitar!	1957	R1		Essential		Set the minimal, rhythm-forward Sun sound and the plainspoken outlaw-adjacent persona that Cash carried into the Outlaw country movement; Southern storytelling songwriters from Steve Earle to Jason Isbell sound indebted to it.
A2678	Elizabeth Cotten	Folksongs and Instrumentals with Guitar	1958	R1		Essential		'Freight Train' became a folk standard that generations of fingerstyle guitarists learned, and the American Primitive guitar line (John Fahey, Jack Rose) sounds indebted to her fingerpicking.
A2679	The Everly Brothers	Songs Our Daddy Taught Us	1958	R1		Essential		A direct bridge between old-time Appalachian duet singing and the brother-harmony sound that Simon & Garfunkel, the Byrds and Gram Parsons and Emmylou Harris's duets all drew on.
A2680	Johnny Cash	Johnny Cash Sings the Songs That Made Him Famous	1958	R1		Recommended		Closes out the Sun era that established Cash's train-rhythm sound before his Columbia years broadened him into the Outlaw and Americana movements' patron saint.
A2681	Johnny Cash	The Fabulous Johnny Cash	1958	R1		Recommended		Bridges Cash's Sun-era minimalism and his Columbia-era ballad writing, carrying his plainspoken storytelling forward into the Outlaw country and Americana songwriters who followed.
A2682	The New Lost City Ramblers	The New Lost City Ramblers	1958	R1		Essential		Drew directly on prewar string-band 78s and Harry Smith's Anthology of American Folk Music; the group's scholarly revivalism helped shape the 1960s folk revival and later roots-conscious players who dug into pre-war sources.
A2683	The Stanley Brothers	Country Pickin' and Singin'	1958	R1		Recommended		The Stanleys' raw mountain harmony style carried into Ralph Stanley's later solo career (including O Brother, Where Art Thou?), and the old-time-leaning wing of the 2010s bluegrass and indie-folk revival sounds indebted to it.
A2684	Ernest Tubb	The Ernest Tubb Story	1959	R1		Recommended		As one of honky-tonk's founding artists, Tubb helped make the electric guitar a country lead instrument; hard country and later alt-country bands built on that electric-guitar-led template sound indebted to him.
A2685	The Everly Brothers	The Everly Brothers' Best	1959	R1		Recommended		Their harmony-singing template runs forward into the Beatles, the Byrds' vocal blend, and the duet tradition Gram Parsons and Emmylou Harris carried into country rock.
A2686	The Louvin Brothers	Satan Is Real	1959	R1		Essential		Its gospel fervor and Southern-gothic imagery directly influenced the Byrds (who covered 'The Christian Life' on Sweetheart of the Rodeo) and Emmylou Harris, and it stands as a touchstone for later alt-country and indie artists drawn to sacred-and-profane country songwriting.
A2687	Marty Robbins	Gunfighter Ballads and Trail Songs	1959	R1		Essential		Its story-song format and Western imagery sound like a source for the outlaw-country movement's cowboy mythology and for narrative country songwriting generally, including the storytelling-heavy Southern rock and alt-country writers who followed.
A2688	Buck Owens	Buck Owens	1961	R1		Essential		The Bakersfield sound this record establishes was a direct model for Dwight Yoakam's 1980s revival of the style, and the Telecaster-driven honky-tonk that runs through the whole hard-country wing of the V sounds indebted to it.
A2689	Patsy Cline	Showcase	1961	R1		Essential		Owen Bradley's Nashville Sound production model here shaped the country mainstream for the next decade; k.d. lang built an early persona around Cline, and later alt-country singers like Neko Case sound indebted to her vocal-forward torch style.
A2690	Bob Dylan	Bob Dylan	1962	R1	V22	Essential		The starting point of Dylan's catalog, which this lane logs here by release year before his songwriting and 1965 electric turn move him into the Dylan and The Band lane (V22); 'Song to Woody' is an explicit tribute naming Woody Guthrie as his direct source.
A2691	Ray Charles	Modern Sounds in Country and Western Music	1962	R1		Essential		Its genre-blurring template sounds like an ancestor of later crossovers between soul, pop and country songwriting, and its success kept country standards like Hank Williams's catalog in wide circulation outside Nashville.
A2692	Bob Dylan	The Freewheelin' Bob Dylan	1963	R1	V22	Essential		Established Dylan as a songwriter rather than an interpreter; the plainspoken folk-songwriting line of Townes Van Zandt and John Prine, running on through Gillian Welch to Big Thief, sounds deeply indebted to it. Logged here by year before his 1965 electric turn carries him into V22.
A2693	Doc Watson	Doc Watson	1964	R1		Essential		Watson's flatpicking vocabulary is foundational to the acoustic-guitar wing of American folk and bluegrass playing, and the 2010s indie-folk pickers sound indebted to it.
A2694	Hank Williams	40 Greatest Hits	1978	R1		Essential	Y	The core honky-tonk songbook that country music keeps rewriting; a model for George Jones, the outlaw country of Waylon Jennings and Willie Nelson, and the plainspoken heartbreak songwriters downstream through John Prine to today's alt-country.
A2695	Bill Monroe	The Essential Bill Monroe And His Blue Grass Boys (1945-1949)	1992	R1		Essential		The direct source of the entire bluegrass genre; its high-lonesome vocal style and hard-driven picking fed Flatt & Scruggs and the Stanley Brothers, and the 2010s bluegrass-inflected wing of indie folk sounds indebted to it.
A2696	Bob Wills & His Texas Playboys	The Essential Bob Wills (1935-1947)	1992	R1		Essential		Western swing's blend of jazz-informed horns and string-band instruments fed directly into Merle Haggard (who recorded a full Wills tribute album) and the Bakersfield sound, and its steel-guitar lead lines are an ancestor of the steel vocabulary the whole V draws on.
A2697	Lead Belly	Where Did You Sleep Last Night: Lead Belly Legacy, Vol. 1	1996	R1		Essential		Directly covered by the folk revival (the Weavers took 'Goodnight, Irene' to number one) and by Lonnie Donegan's skiffle version of 'Rock Island Line,' which helped spark the UK skiffle boom that fed into the Beatles and, further downstream, the whole folk-into-rock trunk line.
A2698	Mississippi John Hurt	Avalon Blues: The Complete 1928 Okeh Recordings	1996	R1		Essential		His gentle fingerstyle approach was a model for 1960s folk-revival guitarists like Dave Van Ronk, and the American Primitive guitarists sound indebted to his syncopated picking.
A2699	Jimmie Rodgers	The Essential Jimmie Rodgers	1997	R1		Essential		Established the singing-brakeman persona and blue-yodel sound that shaped Bob Wills, Hank Snow, Merle Haggard and Lefty Frizzell, and fed the train-and-drifter songwriting strain that runs through Woody Guthrie into the outlaw and Americana lines.
A2700	Lefty Frizzell	Look What Thoughts Will Do	1997	R1		Essential		His vocal phrasing is a direct, oft-cited influence on Merle Haggard and Randy Travis, keeping the honky-tonk singing style alive as a technique that later alt-country and Americana singers study.
A2701	Woody Guthrie	This Land Is Your Land: The Asch Recordings, Vol. 1	1997	R1		Recommended		Preserves the bulk of Guthrie's Asch-era songwriting, the direct source for Pete Seeger, the Almanac Singers' topical-song lineage, and the folk-revival singer-songwriters who followed him into the 1960s.
A2702	The Carter Family	The Essential Carter Family	2013	R1		Essential		The founding act of recorded country and folk music; Woody Guthrie borrowed Carter Family melodies, Johnny Cash married into the family via June Carter, and Bob Dylan and the folk revival covered their songs. Gillian Welch and the modern indie-folk line sound deeply indebted to that plain harmony-and-guitar style.
A2703	Glen Campbell	Wichita Lineman	1968	X1		Essential	Y	A pop-crossover cousin to the Nashville Sound records of V26 (Patsy Cline, Jim Reeves), taking countrypolitan toward Hollywood session sheen; its polish seems to point forward to Kenny Rogers and 1990s pop-country.
A2704	George Strait	Does Fort Worth Ever Cross Your Mind	1984	X1		Essential		Pulls the mainstream back toward honky-tonk instrumentation after the countrypolitan pop-country of the 1970s; later traditionalists like Randy Travis, Alan Jackson and Luke Combs sound like they follow his template.
A2705	Randy Travis	Storms of Life	1986	X1		Essential		Part of the same mid-1980s neotraditionalist wave as George Strait; its commercial template seems to run forward through Alan Jackson and Garth Brooks into 1990s mainstream country.
A2706	Garth Brooks	No Fences	1990	X1		Essential		Grows out of the neotraditionalist instrumentation Strait and Travis reestablished, but redirects it toward arena-scale showmanship and crossover production; it seems to open the path toward 1990s superstar country and bro-country's stadium ambitions.
A2707	Alan Jackson	Don't Rock the Jukebox	1991	X1		Recommended		A continuation of the Strait/Travis neotraditionalist lane, its title track openly defending traditional country against pop-country encroachment even as the format moved toward the Garth Brooks arena model.
A2708	Shania Twain	Come On Over	1997	X1		Essential		Takes the pop-crossover ambitions of countrypolitan (Glen Campbell, and later Garth Brooks's arena scale) to a commercial extreme, largely abandoning traditional instrumentation; its pop-first approach seems to anticipate the hook-driven side of 2010s mainstream country.
A2709	Jason Aldean	My Kinda Party	2010	X1		Essential		A hinge point between 2000s arena country and full bro-country, grafting rap cadence onto Southern-rock guitar muscle; it seems to set up Florida Georgia Line's 2012 breakthrough and the wave that followed.
A2710	Florida Georgia Line	Here's to the Good Times	2012	X1		Essential		Sounds descended from the arena-scale, pop-crossover ambitions of Garth Brooks and Shania Twain, replacing steel and fiddle with programmed beats and rap cadence; alongside Jason Aldean's 'Dirt Road Anthem,' it is a defining bro-country record whose style Luke Bryan and Morgan Wallen carried on.
A2711	Luke Combs	This One's for You	2017	X1		Essential		Sounds like a traditionalist correction inside the bro-country era, pulling the mainstream back toward guitar-driven arrangements while keeping its party-and-heartbreak subject matter; runs parallel to Morgan Wallen.
A2712	Morgan Wallen	Dangerous: The Double Album	2021	X1		Essential		Sounds like the commercial endpoint of the bro-country line running from Jason Aldean and Florida Georgia Line, scaled to streaming-era volume and blended with hip-hop and pop; Luke Combs runs parallel as the more traditionalist pole of the same moment.
A2713	Lainey Wilson	Bell Bottom Country	2022	X1		Recommended		A 2020s continuation of the mainstream-country lineage running through Combs and Wallen, with rock-leaning production that sounds closer to the Southern-rock edge of the format.
A2714	Willow Avalon	Stranger	2024	X1		Recommended		A newer, more atmospheric strand of the mainstream-Nashville lineage, closer in mood to Kacey Musgraves's pop-leaning country turn than to bro-country's party anthems, suggesting a possible future branch away from the Wallen/Combs commercial center.
A2715	Jason Boland & the Stragglers	Pearl Snaps	1999	X2		Essential		Descends directly from the outlaw-country tradition (Waylon Jennings/Willie Nelson) filtered through the same Stillwater, Oklahoma scene that produced Cross Canadian Ragweed, establishing Red Dirt as a self-sustaining regional alternative to Nashville.
A2716	Cross Canadian Ragweed	Cross Canadian Ragweed	2002	X2		Essential	Y	Grows out of outlaw-country and Southern-rock lineages (V24 Texas songwriter tradition, V23/V7 rock) but stays a self-contained regional scene; its live-circuit model seems to lead into Turnpike Troubadours and the wider Red Dirt scene of the 2000s-2010s.
A2717	Pat Green	Wave on Wave	2003	X2		Recommended		Bridges the independent Texas-country college-circuit tradition (V13/V24) with the Nashville mainstream, sounding like a forerunner of later regional acts crossing into arena Americana.
A2718	Turnpike Troubadours	Diamonds & Gasoline	2010	X2		Essential		Carries the Cross Canadian Ragweed/Jason Boland generation's Red Dirt scene into the 2010s, with storytelling that sounds indebted to Guy Clark and Robert Earl Keen.
A2719	Chris Stapleton	Traveller	2015	X2		Essential		Draws on Southern-rock and outlaw-country lineages (V7, V23) through Dave Cobb's rootsy production; it seems to open the commercial lane that Zach Bryan and later arena Americana scaled further.
A2720	Cody Johnson	Human: The Double Album	2021	X2		Recommended		Follows a Texas-country-to-mainstream trajectory like Pat Green's two decades earlier, but sounds closer to the neotraditionalist wing of mainstream country than to bro-country's programmed beats.
A2721	Zach Bryan	American Heartbreak	2022	X2		Essential	Y	Sounds akin to the Oklahoma singer-songwriter and Red Dirt tradition of Turnpike Troubadours, scaled to streaming-era volume with a rougher delivery; younger Oklahoma songwriters like Wyatt Flores sound like they follow in its wake.
A2722	Zach Bryan	Zach Bryan	2023	X2		Essential		A direct continuation of American Heartbreak's plainspoken, streaming-first songwriting, further cementing Bryan as the commercial center of the arena-Americana wave alongside Stapleton.
A2723	49 Winchester	Leavin' This Holler	2024	X2		Recommended		A geographically distinct (Appalachian rather than Texas/Oklahoma) branch of the same arena-Americana wave that Stapleton and Zach Bryan lead commercially, sharing festival bills and touring circuits with them.
A2724	Wyatt Flores	Half Life	2024	X2		Recommended		Sounds like a stylistic descendant of Zach Bryan, working a Red Dirt-adjacent singer-songwriter lane at a smaller scale.
A2725	Old Crow Medicine Show	O.C.M.S.	2004	X3	X4	Essential	Y	Bridges old-time and bluegrass tradition (X4) with a punk-energy, festival-scaled string-band sound that seems to foreshadow the stomp-clap-folk wave of the Avett Brothers and Mumford & Sons.
A2726	Avett Brothers	I and Love and You	2009	X3		Essential		Grows out of the Avetts' earlier punk-folk scrappiness and string-band roots, redirected toward a festival-scale Americana sound akin to what Mumford & Sons and the Lumineers would soon ride commercially.
A2727	Mumford & Sons	Sigh No More	2009	X3		Essential		Sounds like the festival-Americana energy of Old Crow Medicine Show and the Avett Brothers turned into a UK indie-folk formula, a template for the stomp-clap-folk wave of the early 2010s.
A2728	The Head and the Heart	The Head and the Heart	2011	X3		Recommended		A Pacific Northwest, Sub Pop variant of the festival-folk wave the Lumineers and Mumford & Sons rode, sounding closer to indie-pop harmony singing than to old-time string-band roots.
A2729	The Lumineers	The Lumineers	2012	X3		Essential		Sounds like a stripped-down American counterpart to Mumford & Sons' folk-revival formula; alongside the Avett Brothers, it helped define the festival-Americana mainstream of the 2010s.
A2730	Nathaniel Rateliff & the Night Sweats	Nathaniel Rateliff & the Night Sweats	2015	X3		Recommended		Shares the festival-crowd, singalong-anthem instinct of Mumford & Sons and the Lumineers but channels it through horn-driven soul that sounds indebted to Stax, an adjacent branch of big-tent Americana.
A2731	Brandi Carlile	By the Way, I Forgive You	2018	X3		Essential		A singer-songwriter-driven, less banjo-dependent branch of the festival-Americana mainstream, sounding closer in vocal scale to 1970s folk-rock than to stomp-clap folk proper.
A2732	JD Clayton	Long Way From Home	2023	X3	X2	Recommended		Sits at the overlap of the big-tent Americana festival scene and the Southern/Texas songwriter tradition, closer to swampy roots-rock songcraft than to stomp-clap folk's banjo-strum anthems.
A2733	The War and Treaty	Lover's Game	2023	X3		Recommended		A gospel-and-soul-rooted branch of the festival-Americana mainstream that sounds akin to Brandi Carlile's emotional bigness; the duo later collaborated with Zach Bryan.
A2734	New Grass Revival	New Grass Revival	1972	X4		Essential	Y	Descends from first-generation bluegrass (Bill Monroe, the Stanley Brothers; R1) but breaks from its strict traditionalism; its improvisational, genre-blending path seems to lead to Nickel Creek, Punch Brothers and Billy Strings.
A2735	Nickel Creek	Nickel Creek	2000	X4		Essential		Sounds like a newgrass descendant of New Grass Revival's genre-blending example, filtered through pop songcraft; Chris Thile went on to form Punch Brothers.
A2736	Alison Krauss & Union Station	New Favorite	2001	X4		Essential		A polished, vocal-forward continuation of first-generation bluegrass (R1), sitting opposite the jam-leaning newgrass of New Grass Revival and Billy Strings.
A2737	Punch Brothers	Punch	2008	X4		Recommended		Extends Nickel Creek's newgrass genre-blending toward classical composition and long-form suites, the most art-music-oriented branch of the bluegrass lineage that eventually feeds Billy Strings' and Molly Tuttle's more jam- and roots-rock-facing 2010s-2020s bluegrass.
A2738	Billy Strings	Home	2019	X4		Essential		Sounds like the clearest recent inheritor of New Grass Revival's improvisational newgrass, scaled to jam-band festival culture, alongside peers Molly Tuttle and Sierra Ferrell.
A2739	Leyla McCalla	Breaking the Thermometer	2022	X4		Recommended		A former member of the Carolina Chocolate Drops, McCalla uses old-time banjo technique (R1) for Haitian-American and Creole storytelling, a culturally distinct branch of the tradition.
A2740	Molly Tuttle	Crooked Tree	2022	X4		Essential		A 2020s culmination of the newgrass lineage running from New Grass Revival through Nickel Creek, sounding like a peer of Billy Strings in the current bluegrass revival.
A2741	Sierra Ferrell	Trail of Flowers	2024	X4	X2	Essential		A genre-blurring newgrass and old-time descendant that shares Molly Tuttle's and Billy Strings's bluegrass-revival moment while pulling in vintage pop and gypsy-jazz textures.
A2742	Devendra Banhart	Rejoicing in the Hands	2004	X5		Essential		Sounds rooted in the same lo-fi DIY folk instincts as V11 and the American Primitive line near V8; Banhart's documented ties to the 2000s freak-folk scene (Vetiver, CocoRosie) lead it outward rather than back into Core twang.
A2743	Joanna Newsom	The Milk-Eyed Mender	2004	X5		Recommended		A Drag City labelmate record that shares DNA with V11's home-recording aesthetic before Newsom's own arc pushes toward the chamber-folk maximalism of Ys.
A2744	The Decemberists	Picaresque	2005	X5		Essential		Shares the wordy, storytelling instinct of V25/V13 songwriting but channels it into ornate chamber-folk theater, leading the band toward the prog-folk suites of The Hazards of Love rather than toward Core twang.
A2745	Devendra Banhart	Cripple Crow	2005	X5		Recommended		Extends the freak-folk branch further from V8/V11's DIY roots into a fuller, more collaborative psych-folk sound that fed the wider 2000s indie-folk scene rather than the Core.
A2746	Sufjan Stevens	Illinois	2005	X5		Essential	Y	Shares the rootsy indie-folk instincts of V5 (Iron & Wine) but pushes past songwriter-plus-guitar into full chamber arrangement, sitting alongside Beirut, the Decemberists and later 2010s art-folk rather than feeding the Core twang sound.
A2747	Beirut	Gulag Orkestar	2006	X5		Essential		Shares the ornate-folk impulse of V5's rootsy indie folk and V30's UK folk-rock chamber pop, but its Balkan-brass focus sits with orchestral indie pop (Arcade Fire, Beirut's own later catalog) rather than Core twang.
A2748	The Decemberists	The Crane Wife	2006	X5		Essential		Pushes the chamber-folk storytelling of Picaresque toward full prog suites, a path that leads outward into folk-rock and prog rather than back toward Core twang.
A2749	Joanna Newsom	Ys	2006	X5		Essential		Sounds rooted in the DIY and American Primitive folk instincts near V8 and V11, but detours into art-song orchestration that points toward chamber folk rather than back toward Core twang.
A2750	Beirut	The Flying Club Cup	2007	X5		Recommended		A continuation of the Balkan/chamber-pop branch that Gulag Orkestar opened, feeding forward into Beirut's later, more electronic-tinged records rather than into the Core.
A2751	Sufjan Stevens	Carrie & Lowell	2015	X5		Essential		Sounds like a retreat from X5's ornateness back toward the rootsy, hushed indie folk of V5, showing how the chamber-folk branch can circle back near the Core's acoustic sound without joining it.
A2752	Tapir!	The Pilgrim, Their God and the King of My Decrepit Mountain	2024	X5		Recommended		Descends from the same UK folk-rock chamber-pop lineage as V30 and the concept-album ambitions Sufjan Stevens and the Decemberists set for X5, carrying it into the current UK indie scene.
A2753	Racing Mount Pleasant	Racing Mount Pleasant	2025	X5		Recommended		Sounds indebted to the Beirut/Decemberists chamber-folk template, a sign the X5 branch still produces new records rather than folding back into the Core.
A2754	Sunny Day Real Estate	Diary	1994	X6		Essential		Emerges from the Sub Pop/Seattle underground-rock world of V16's college-rock lineage and launches the emo line (X6) that seems, by way of American Football and the emo revival, to feed the twangy crossover of Core's C9.
A2755	Cap'n Jazz	Shmap'n Shmazz	1995	X6		Essential	Y	Sounds like an offshoot of the American underground/college-rock noise of V16 and the punk foundation of X14; through shared members it directly opens the line to American Football and Joan of Arc and, later, the 2010s emo revival rather than Core twang.
A2756	Mineral	The Power of Failing	1997	X6		Essential		Sounds of a piece with Sunny Day Real Estate in the second-wave emo line growing out of V16's underground rock scene, pointing toward the 2000s emo mainstream rather than the Core.
A2757	The Promise Ring	Nothing Feels Good	1997	X6		Recommended		Sounds grown from the Midwest hardcore scene near X14 into the jangly, pop-facing wing of X6, pointing toward 2000s pop-emo and Modern Baseball-style revival bands rather than the Core.
A2758	American Football	American Football	1999	X6		Essential		A direct offshoot of Cap'n Jazz within X6 through Mike Kinsella, trading noise for math-rock jangle; the sound it codified seems to feed both later Midwest emo bands and the twangy emo crossover of Core lane C9.
A2759	Into It. Over It.	Proper	2011	X6		Recommended		Carries the American Football math-rock jangle forward into the 2010s emo revival within X6, part of the same scene that overlaps with Core's C9.
A2760	The Hotelier	Home, Like Noplace Is There	2014	X6		Recommended		Another 2010s branch of the emo-revival wave within X6 that sounds indebted to Sunny Day Real Estate's dynamics, part of the same scene that overlaps with Core's twangy-emo crossover lane C9.
A2761	Modern Baseball	You're Gonna Miss It All	2014	X6		Recommended		Sounds like a 2010s emo-revival descendant of the American Football/Promise Ring lineage within X6, part of the same wave that seems to feed the twangy emo crossover of Core lane C9.
A2762	Bruce Springsteen	Born to Run	1975	X7		Essential	Y	Grows from the Dylan/Band roots-rock songwriting of V22 into full arena scale, defining the heartland rock lane (X7) that mostly stays outside the Core except for its stripped-down cousin Nebraska.
A2763	Bob Seger	Night Moves	1976	X7		Essential		Represents the Midwest bar-band wing of X7's arena-rock lineage, staying within classic-rock radio rather than crossing into the Core's DIY scene.
A2764	Bruce Springsteen	Darkness on the Edge of Town	1978	X7		Recommended		Continues the arena-scale storytelling of X7, tightening the sound in a way that anticipates Nebraska's stark turn back toward the Core's folk-songwriting roots.
A2765	Tom Petty and the Heartbreakers	Damn the Torpedoes	1979	X7		Essential		A parallel Southern branch of X7's arena-rock lineage feeding out of the Byrds/Dylan-adjacent jangle of V22, staying in FM-radio rock rather than crossing into Core twang.
A2766	Bob Seger	Against the Wind	1980	X7		Recommended		Continues the Midwest bar-rock strand of X7, staying firmly on classic-rock radio rather than feeding back into the Core.
A2767	Bruce Springsteen	Nebraska	1982	X7	V22	Essential		The one heartland-rock record that reaches back into the V: its home-recorded, Woody Guthrie-indebted starkness directly influenced alt-country and indie-folk songwriters in V22's Dylan/Band lineage, making it the exception that feeds the Core rather than leading away from it.
A2768	Bruce Springsteen	Born in the U.S.A.	1984	X7		Recommended		Represents heartland rock's full pop-mainstream turn within X7, moving further from the Core's DIY roots than any other Springsteen record here.
A2769	John Mellencamp	Scarecrow	1985	X7		Essential		Sounds like a Midwest counterpart to Springsteen's Nebraska within X7; its small-town storytelling brushes against the Core's songwriting without fully crossing into it.
A2770	Tom Petty and the Heartbreakers	Southern Accents	1985	X7		Recommended		Extends the Southern branch of X7 further from its jangle-rock roots into 1980s studio polish, staying outside the Core's rawer sound.
A2771	Mudhoney	Superfuzz Bigmuff	1988	X8		Essential		The true ground-zero record of the Seattle line (X8), growing directly from the noise-rock/underground scene of V16 without ever crossing into the Core's twang.
A2772	Nirvana	Bleach	1989	X8		Recommended		Grows out of the noise-rock and underground scene near V16 and the SST/college-radio DIY network, opening the Seattle grunge line (X8) that would explode into mainstream alt-radio rather than feed the Core.
A2773	Nirvana	Nevermind	1991	X8		Essential	Y	The commercial explosion point of the Seattle line (X8), turning underground-rock roots shared with V16 into '90s mainstream alt-radio, a path that runs parallel to rather than through the Core.
A2774	Pearl Jam	Ten	1991	X8		Essential		A Seattle-scene record within X8 that leans on the same classic-rock instincts as V20's Crazy Horse universe, feeding '90s alt radio rather than the Core.
A2775	Soundgarden	Badmotorfinger	1991	X8		Essential		A metal-leaning branch of the Seattle scene within X8, drawing on the same noise-rock underground as V16 but pushing toward hard rock rather than the Core.
A2776	Screaming Trees	Sweet Oblivion	1992	X8		Recommended		A Crazy Horse-tinged outlier within X8's Seattle scene, closer in guitar tone to V20 than to punk-rooted grunge, though its commercial path still runs through '90s alt radio rather than the Core.
A2777	Nirvana	In Utero	1993	X8		Recommended		Loops the Seattle line back toward the noise-rock aesthetic of V16 via Albini's production, without leaving the X8 lane's mainstream alt-radio orbit.
A2778	Pearl Jam	Vs.	1993	X8		Recommended		Continues Pearl Jam's classic-rock-leaning wing of X8's Seattle scene, staying in '90s alt radio rather than crossing toward the Core.
A2779	Soundgarden	Superunknown	1994	X8		Recommended		The mainstream apex of X8's metal-leaning Seattle branch, fully embedded in '90s alt radio rather than the Core.
A2780	Cocteau Twins	Treasure	1984	X9		Recommended		An earlier, vocal-forward ancestor of the shoegaze branch off V29's drone lineage; its atmosphere prefigures My Bloody Valentine and Slowdive, and Slowdive in particular have acknowledged the band as an influence.
A2781	My Bloody Valentine	Isn't Anything	1988	X9		Recommended		Grows out of Velvet Underground/Jesus and Mary Chain noise-drone (the V29 line) crossed with C86 jangle; leads directly to Loveless and the entire shoegaze/dream-pop vocabulary that countrygaze borrows textures from, not toward V29's deadpan songwriting side.
A2782	Cocteau Twins	Heaven or Las Vegas	1990	X9		Recommended		Sits alongside Slowdive and Lush in the dream-pop wing of the shoegaze branch off V29; its melodic clarity influenced later dream-pop and indie-pop rather than feeding the noisier Core-adjacent lanes.
A2783	Pale Saints	The Comforts of Madness	1990	X9		Recommended		A 4AD-scene branch off V29's shoegaze lineage that keeps more jangle-pop clarity than My Bloody Valentine; its melodic guitar interplay anticipates later British indie guitar bands rather than the Core's country side.
A2784	Ride	Nowhere	1990	X9		Essential		Part of the same Creation-label shoegaze scene as My Bloody Valentine; its more melodic, jangle-inflected guitar wall seems to point toward Britpop's guitar bands rather than back toward the Core's twang.
A2785	Chapterhouse	Whirlpool	1991	X9		Recommended		A Thames Valley contemporary of Ride within the shoegaze branch off V29; its electronic leanings seem to point toward 90s indie-dance crossover rather than back into the Core's acoustic-and-twang lineage.
A2786	My Bloody Valentine	Loveless	1991	X9		Essential	Y	The aesthetic peak of the shoegaze branch off V29's drone lineage; its guitar-wall production sounds like a source for the noise/slowcore Context lane and, at a distance, the pedal-steel-and-fuzz textures of Core countrygaze bands like Wednesday.
A2787	Lush	Spooky	1992	X9		Recommended		Another 4AD-rooted branch off V29's shoegaze/dream-pop lineage, produced by a Cocteau Twins member; its close-harmony vocal approach echoes forward into later dream-pop and twee-adjacent indie pop.
A2788	Pale Saints	In Ribbons	1992	X9		Recommended		Continues Pale Saints' branch off V29's dream-pop/shoegaze lineage with a lineup change that ties it to Lush; the record's melodic focus feeds forward into 90s British indie pop rather than back toward the Core.
A2789	Ride	Going Blank Again	1992	X9		Recommended		Continues Ride's place in the Creation-label shoegaze scene; its arena-ready hooks show the guitar-wall aesthetic drifting toward mainstream British guitar rock rather than the DIY/Core lineage.
A2790	Chapterhouse	Blood Music	1993	X9		Recommended		The tail end of Chapterhouse's branch off V29's shoegaze lineage, released as the UK press turned toward Britpop; its dance-pop instincts fed forward into 90s electronic-indie crossover rather than back toward twang.
A2791	Slowdive	Souvlaki	1993	X9		Essential		Descends from the same C86/shoegaze branch of V29 as My Bloody Valentine but pushes toward ambient dream pop; that softer, glacial guitar tone echoes forward into slowcore and the hushed textures some countrygaze bands borrow.
A2792	Swirlies	Blonder Tongue Audio Baton	1993	X9		Essential		Transplants the UK shoegaze branch of V29 into the Boston DIY/college-radio network; its noisy, tape-collaged version of the guitar wall sounds closer to American noise-pop and lo-fi than to the UK dream-pop line.
A2793	Slowdive	Pygmalion	1995	X9		Recommended		The most minimal extension of Slowdive's branch off V29's drone lineage, trading guitar-wall density for ambient space; anticipates the glacial, slow-build side of slowcore more than it feeds directly back toward twang.
A2794	Wire	Pink Flag	1977	X10		Essential	Y	Splits off V29's art-punk deadpan and the punk foundation of X14 into a more clipped, structurally radical post-punk; its influence runs forward through Minor Threat and Fugazi's DIY rigor rather than toward twang or country.
A2795	Wire	Chairs Missing	1978	X10		Recommended		Continues Wire's branch off X14/V29 into more textured, synth-inflected post-punk; its atmosphere influenced the goth and art-rock wings of the genre rather than the twangier Core lineage.
A2796	Wire	154	1979	X10		Recommended		The final entry in Wire's initial branch off X14/V29's post-punk lineage before a long hiatus; its polish anticipated 80s art-rock production more than the DIY roughness that fed the American noise-rock wing.
A2797	Mission of Burma	Vs.	1982	X10		Essential		An American, Boston-scene branch off X14's punk foundation and V29's art-noise lineage; its tape-loop noise and structural aggression sound like groundwork for the noise-rock wing of X10 rather than any twang-adjacent lane.
A2798	Big Black	Atomizer	1986	X10		Essential		Splits from X14's hardcore roots into a colder, drum-machine-driven noise rock distinct from Wire or Mission of Burma's more melodic post-punk; Albini's engineering work afterward directly shaped the Pixies, Nirvana and much of 90s indie production.
A2799	Big Black	Songs About Fucking	1987	X10		Recommended		The endpoint of Big Black's branch off X14's punk lineage before Albini's influence shifted from performing to producing; its scorched-earth sound directly informed Shellac and the broader 90s noise-rock underground.
A2800	Fugazi	Repeater	1990	X10		Essential		Grows out of X14's hardcore-punk roots (MacKaye's earlier Minor Threat) with an art-rock structural sense that recalls V29; Fugazi's DIY model became a touchstone for the independent touring network that runs into lo-fi indie and the Core.
A2801	Fugazi	In on the Kill Taker	1993	X10		Recommended		Continues Fugazi's post-hardcore branch, with abandoned Albini sessions brushing it against the noise-rock wing of the same lane; its aggression seems to have shaped 90s post-hardcore more than any twang-adjacent lineage.
A2802	Fugazi	Red Medicine	1995	X10		Recommended		A later, more experimental branch off Fugazi's X14/V29 post-hardcore lineage; its loosened structure anticipated post-rock's use of dynamics more than it fed back toward the lane's noisier origins.
A2803	Mission of Burma	ONoffON	2004	X10		Recommended		A late-career continuation of Mission of Burma's original branch off X14/V29's noise-punk lineage, with a Shellac/Big Black connection tying it to the Chicago noise-rock wing of the same lane.
A2804	Protomartyr	Under Color of Official Right	2014	X10		Recommended		A modern American continuation of the post-punk branch off X14/V29, closer to the Fall's deadpan delivery than to noise rock's abrasiveness; feeds today's post-punk revival (Idles, Shame) rather than the Core's twang.
A2805	Protomartyr	Relatives in Descent	2017	X10		Recommended		Continues Protomartyr's modern post-punk branch off X14/V29; its political storytelling parallels Southern-gothic songwriting elsewhere in the atlas without ever crossing into twang.
A2806	Indigo De Souza	Any Shape You Take	2021	X10		Recommended		Not a sonic descendant of the post-punk canon above; included in X10 because her music runs angular and punk-adjacent rather than twangy, and because she shares the Asheville scene (not the sound) with Core artists like Wednesday and MJ Lenderman.
A2807	Robber Robber	Two Wheels Move the Soul	2026	X10		Recommended		Not a direct sonic descendant of classic post-punk; included in X10 because their noisy, angular guitar rock fits the lane's sound while their real connection to the wider atlas is scene (Burlington, VT DIY) rather than genre lineage into twang.
A2808	Whiskey Myers	Firewater	2011	X11		Essential		Extends V28's Skynyrd/Allman Southern-rock guitar lineage through a Texas outlaw-country filter, heading toward mainstream Red Dirt/Southern-rock touring circuits rather than the indie-twang Core.
A2809	Blackberry Smoke	The Whippoorwill	2012	X11		Essential	Y	Carries V28's Skynyrd/Allman/Marshall Tucker Southern-rock guitar lineage into 2010s mainstream rock and country-adjacent radio, heading toward jam-band and classic-rock revivalism rather than the punk-inflected storytelling that produced Drive-By Truckers and the Core.
A2810	Whiskey Myers	Early Morning Shakes	2014	X11		Recommended		Continues Whiskey Myers' branch off V28's Southern-rock lineage into a wider national touring audience, still oriented toward mainstream rock radio rather than the Core.
A2811	Blackberry Smoke	Holding All the Roses	2015	X11		Recommended		Continues Blackberry Smoke's branch off V28's Southern-rock lineage into commercial country-rock crossover, far from the Core's indie/DIY route.
A2812	Whiskey Myers	Mud	2016	X11		Recommended		A polished entry in Whiskey Myers' branch off V28's Southern-rock lineage, aimed at mainstream rock-radio and streaming audiences rather than the DIY/indie route.
A2813	The Steel Woods	Straw in the Wind	2017	X11		Essential		Extends V28's Southern-rock lineage through a heavier outlaw-country filter that sounds indebted to Waylon Jennings and Skynyrd, backed by its David Allan Coe cover; closer to the Core's storytelling instincts than most of this lane but still landing in mainstream rock/Americana touring rather than indie twang.
A2814	Larkin Poe	Venom & Faith	2018	X11		Recommended		Sounds like a blues-rock-leaning branch of V28's Southern guitar-rock lineage, indebted in particular to Allman Brothers-style slide guitar, heading toward the contemporary blues-rock circuit rather than the punk-adjacent Core.
A2815	The Allman Betts Band	Down to the River	2019	X11		Essential		A direct, literal continuation of V28's Allman Brothers lineage carried by the founders' own children; heads toward legacy-act jam-band touring rather than the twangier, punk-inflected Southern storytelling of the Core.
A2816	The Steel Woods	Old News	2019	X11		Recommended		Sounds indebted to V28's Southern-rock lineage, with deepening Americana songwriting; oriented toward mainstream rock/Americana audiences rather than the Core.
A2817	Whiskey Myers	Whiskey Myers	2019	X11		Recommended		A more expansive, horn-and-gospel-inflected entry in Whiskey Myers' branch off V28's Southern-rock/soul lineage, still aimed at mainstream rock audiences rather than the Core.
A2818	The Allman Betts Band	Bless Your Heart	2020	X11		Recommended		Continues the Allman Betts Band's direct-inheritance branch off V28, leaning further into the jam-band side of Southern rock rather than toward the Core's more compact songwriting.
A2819	Blackberry Smoke	You Hear Georgia	2021	X11		Recommended		A recent entry in Blackberry Smoke's ongoing branch off V28's Southern-rock lineage, produced by Dave Cobb, whose work elsewhere ties the mainstream and Americana wings of Southern music together without pulling this record into the Core.
A2820	Larkin Poe	Blood Harmony	2022	X11		Recommended		Continues Larkin Poe's slide-guitar blues-rock, which sounds indebted to V28's Southern guitar lineage; distinct from both the boogie-rock (Blackberry Smoke) and jam-band (Allman Betts) wings of the same lane.
A2821	Kacey Musgraves	Same Trailer Different Park	2013	X12		Recommended	Y	Made within mainstream Nashville (X1), with a plainspoken, Cosmic American-leaning songwriting voice that sounds indebted to V21; leads forward into Musgraves' own pop-crossover arc rather than toward the Core scene.
A2822	Kacey Musgraves	Golden Hour	2018	X12		Essential		Sounds like a split from the mainstream-Nashville/Cosmic American line (X1/V21) toward adult-pop production; the branch resembles later 2020s pop-country crossovers like Cowboy Carter and F-1 Trillion rather than the indie-twang Core.
A2823	Orville Peck	Pony	2019	X12		Essential	Y	Sounds indebted to country's outlaw-and-crooner imagery (X1) filtered through the indie label system rather than the twang scene proper; his branch continues through Bronco and Stampede rather than into Core indie twang.
A2824	CMAT	If My Wife New I'd Be Dead	2022	X12		Essential		Sounds indebted to mainstream country's confessional songwriting mode (X1), seen through an Irish indie-pop lens; leads onward through CMAT's own catalog rather than into the twang Core.
A2825	Orville Peck	Bronco	2022	X12		Recommended		Continues Peck's outlaw-persona sound, which draws on mainstream country imagery (X1), into major-label pop-country territory; does not feed back into the indie-twang Core.
A2826	CMAT	Crazymad, for Me	2023	X12		Recommended		Continues CMAT's country-pop, which sounds indebted to mainstream country songwriting (X1), toward arena-pop scale; stays in the pop-country lane rather than joining indie twang.
A2827	Mitski	The Land Is Inhospitable and So Are We	2023	X12		Recommended		Sounds indebted to Americana and country folk's spare, string-backed songwriting (adjacent to X1/V21 territory), filtered through Mitski's indie-rock background; the branch stays within her own art-pop catalog rather than feeding the Core scene.
A2828	Beyoncé	Cowboy Carter	2024	X12		Essential		Positions itself against mainstream Nashville country (X1) and its sidelining of Black artists, drawing in elder figures like Linda Martell; the branch runs forward into pop and country radio rather than into indie twang.
A2829	Post Malone	F-1 Trillion	2024	X12		Recommended		Plugs directly into mainstream Nashville duet culture (X1) through its guest list, with outlaw-country signifiers that are more resemblance than lineage; leads forward into country radio rather than into the indie twang Core.
A2830	CMAT	EURO-COUNTRY	2025	X12		Recommended		Continues CMAT's pop-country branch, which sounds indebted to mainstream country songwriting (X1); the newest data point in the trend, feeding forward rather than back toward the Core.
A2831	Crosby, Stills & Nash	Crosby, Stills & Nash	1969	X13		Essential		Formed by David Crosby (the Byrds), Stephen Stills (Buffalo Springfield) and Graham Nash (the Hollies), directly linking it to the folk-rock lineage behind V21, with Young's later arrival tying it to V20; this harmony branch leads into the LA soft-rock mainstream rather than the twangier Core sound.
A2832	Harry Nilsson	Nilsson Schmilsson	1971	X13		Recommended		Runs parallel to the Laurel Canyon songwriter scene (V21/V22-adjacent) rather than descending from country rock; his documented ties are to Randy Newman, whose songs he recorded on Nilsson Sings Newman, and to the Beatles, and the branch leads into orchestral pop rather than toward the Core.
A2833	Joni Mitchell	Blue	1971	X13		Essential	Y	Sounds rooted in the folk-revival songwriting that also fed Cosmic American Music (V21) and Dylan/The Band's roots turn (V22); its confessional line runs forward into mainstream singer-songwriter pop rather than into the twang-scene Core.
A2834	Eagles	Eagles	1972	X13		Recommended		Splits directly from the Cosmic American Music/country-rock lineage (V21) through shared members from the Flying Burrito Brothers and Poco, trading V21's rawer twang for tighter pop songcraft; leads forward into the soft-rock mainstream rather than the Core.
A2835	Jackson Browne	Late for the Sky	1974	X13		Essential		Browne co-wrote the Eagles' 'Take It Easy', tying him to the same LA country-rock circle (V21) as the Eagles and Linda Ronstadt; his own records stay within the soft-rock singer-songwriter mainstream rather than crossing into twangier Core territory.
A2836	Joni Mitchell	Court and Spark	1974	X13		Essential		Continues Mitchell's folk-rock songwriting, rooted in V21/V22-adjacent traditions, toward jazz-pop sophistication; sounds closer to the smoothed-out LA session sound than to country rock's twang.
A2837	Linda Ronstadt	Heart Like a Wheel	1974	X13		Essential		Tied to V21's country-rock network: Glenn Frey and Don Henley played in Ronstadt's backing band before forming the Eagles; her interpretive, hit-single approach leads into mainstream pop-country rather than the twang Core.
A2838	Eagles	Hotel California	1976	X13		Essential		Completes the Eagles' drift away from V21's Cosmic American Music twang toward mainstream arena rock; the branch ends here rather than feeding back into the Core scene.
A2839	Jackson Browne	The Pretender	1976	X13		Recommended		Continues Browne's Laurel Canyon songwriting, close to the Cosmic American circle (V21), into fuller studio-pop arrangements; sounds firmly of the soft-rock mainstream rather than the Core.
A2840	Joni Mitchell	Hejira	1976	X13		Recommended		Extends Mitchell's folk-rock songwriting (V21/V22-adjacent) into jazz-fusion territory; a dead end for country-rock purposes, though its drifting art-folk sound is echoed by later songwriters outside the Core.
A2841	Jackson Browne	Running on Empty	1977	X13		Recommended		Extends Browne's Laurel Canyon songwriting (V21-adjacent) into a road-diary live format; stays outside the Core twang scene.
A2842	Linda Ronstadt	Simple Dreams	1977	X13		Recommended		Continues Ronstadt's covers-based country rock, rooted in the V21 scene; sounds squarely of the mainstream pop-country lane rather than feeding the Core.
A2843	Ramones	Ramones	1976	X14		Essential	Y	Its deadpan drone and deliberate amateurism sound indebted to the Velvet Underground and proto-indie scene (V29); this branch runs forward into hardcore, cowpunk and the college-rock underground rather than continuing V29's own art-rock line.
A2844	Ramones	Leave Home	1977	X14		Recommended		Continues the Ramones' minimalism, which sounds indebted to Velvet Underground deadpan (V29), toward the hardcore and DIY scenes that followed; not part of V29's own art-rock trajectory.
A2845	Ramones	Rocket to Russia	1977	X14		Recommended		Extends the Ramones' minimalist sound, indebted to V29's deadpan simplicity, with stronger pop hooks, feeding forward into power pop and the DIY underground rather than back into V29's own catalog.
A2846	The Clash	London Calling	1979	X14		Recommended		Represents the UK punk scene running alongside this lane's American hardcore lineage; its rockabilly-and-reggae blending resembles what cowpunk and LA roots punk (V14) would do next.
A2847	Circle Jerks	Group Sex	1980	X14		Recommended		Grows directly out of the same Hermosa Beach/LA hardcore scene as Black Flag (a former member founded the band); feeds the American hardcore underground (V16) and DIY network rather than back into earlier NY punk.
A2848	Dead Kennedys	Fresh Fruit for Rotting Vegetables	1980	X14		Recommended		Runs parallel to Black Flag's Southern California hardcore; Biafra's own Alternative Tentacles label ties the band to the American hardcore underground (V16) and the broader DIY network rather than back toward V29.
A2849	Black Flag	Damaged	1981	X14		Essential		Takes the punk template of peers like the Ramones into a harder, more nihilistic hardcore sound; as the flagship band of Ginn's SST label it feeds directly into the SST/college-rock underground (V16) rather than back toward V29.
A2850	Bad Brains	Bad Brains	1982	X14		Essential		The band's DC shows helped ignite the local hardcore scene that produced Minor Threat; it feeds into the American hardcore underground (V16) and later crossover thrash rather than back toward V29's art-rock roots.
A2851	Black Flag	My War	1984	X14		Recommended		Splits from Black Flag's own faster hardcore template (this lane) into slow, sludgy tempos that anticipate noise rock and slowcore textures; feeds forward into SST's own stranger later catalog and indirectly into post-punk/noise rock (X10) rather than back to the Core.
A2852	Minor Threat	Complete Discography	1989	X14		Essential		Came out of the DC hardcore scene that Bad Brains had ignited; through MacKaye's own Dischord label it feeds directly into the DIY-label model and the American underground/college rock scene (V16) rather than back toward earlier UK or NY punk.
